timestep,area,scenario,load,load_shedding,power_dumping
1,1,1,124.39727596295995,0.0,0.0004979946880052086
1,1,2,86.44684061099197,0.0,0.0002515006639997712
1,1,3,115.97373577702407,0.0,0.0
1,1,4,102.26079872521602,0.0,0.0
1,1,5,97.00279605588808,0.0,0.0
1,1,6,109.64174917675199,0.0,0.0002515006639983417
1,1,7,110.70027496692802,0.0,0.000497994687999547
1,1,8,115.97373577702407,0.0,0.0
1,1,9,102.26079872521602,0.0,0.0
1,1,10,91.72131248350402,0.0,0.0
1,2,1,116.18746289571204,0.0,0.0
1,2,2,80.74353695926399,0.0,0.0
1,2,3,108.30624476817594,0.0,0.0
1,2,4,95.511436494544,0.0,0.0
1,2,5,90.58779770300801,0.0,0.0
1,2,6,102.39612644145608,0.0,0.0
1,2,7,103.37914426350402,0.0,0.0
1,2,8,108.30624476817594,0.0,0.0
1,2,9,95.511436494544,0.0,0.0
1,2,10,85.66119014654394,0.0,0.0
2,1,1,122.99270906659874,0.0,0.0002525066666572057
2,1,2,85.47343299995066,0.0,0.00024750666665577484
2,1,3,114.64287426659716,0.0,0.0009999733335002484
2,1,4,101.1076534799419,0.0,0.0007524933334130142
2,1,5,95.89119826661266,0.0,0.0004999866667472822
2,1,6,108.39249899993273,0.0,0.0007474933333973875
2,1,7,109.43296875993947,0.0,0.0
2,1,8,114.64287426659716,0.0,0.0009999733335002484
2,1,9,101.1076534799419,0.0,0.0007524933334130142
2,1,10,90.67380315994932,0.0,0.0002525066666572057
2,2,1,114.78530472022575,0.0,0.0
2,2,2,79.76691434682321,0.0,0.0
2,2,3,107.00768069354395,0.0,0.0
2,2,4,94.3547279068457,0.0,0.0
2,2,5,89.49894816017526,0.0,0.0
2,2,6,101.16291669353083,0.0,0.0
2,2,7,102.13637646686566,0.0,0.0
2,2,8,107.00768069354395,0.0,0.0
2,2,9,94.3547279068457,0.0,0.0
2,2,10,84.63317378683244,0.0,0.0
3,1,1,122.10109024009705,0.0,0.0012474800001588651
3,1,2,84.85434140007264,0.0,0.0004999866667487033
3,1,3,113.83517534675812,0.0,0.0
3,1,4,100.37723580008496,0.0,0.0002475066666571821
3,1,5,95.20580626674062,0.0,0.0004999866667529663
3,1,6,107.62622548008781,0.0,0.000252506666658641
3,1,7,108.6531705734207,0.0,0.0
3,1,8,113.83517534675812,0.0,0.0
3,1,9,100.37723580008496,0.0,0.0002475066666571821
3,1,10,90.02932620007422,0.0,0.0005000133333115166
3,2,1,113.73714079935347,0.0,0.0
3,2,2,79.04011602621638,0.0,0.0
3,2,3,106.02746001272685,0.0,0.0
3,2,4,93.49949762613961,0.0,0.0
3,2,5,88.677717252832,0.0,0.0
3,2,6,100.24420878609803,0.0,0.0
3,2,7,101.20368909275729,0.0,0.0
3,2,8,106.02746001272685,0.0,0.0
3,2,9,93.49949762613961,0.0,0.0
3,2,10,83.8529165728601,0.0,0.0
4,1,1,121.78828723991334,0.0,0.0
4,1,2,84.625840426601,0.0,0.000752493333408722
4,1,3,113.52981678658884,0.0,0.0
4,1,4,100.10380617326106,0.0,0.0002525066666557703
4,1,5,94.95181062659954,0.0,0.0004999866667558084
4,1,6,107.32878645325842,0.0,0.0005000133333086744
4,1,7,108.36182189324975,0.0,0.0004999866667487033
4,1,8,113.52981678658884,0.0,0.0
4,1,9,100.10380617326106,0.0,0.0002525066666557703
4,1,10,89.78537055993557,0.0,0.0002475066666543679
4,2,1,111.32857639968559,0.0,0.0
4,2,2,77.3546794664513,0.0,0.0
4,2,3,103.78073043971736,0.0,0.0
4,2,4,91.50942034640778,0.0,0.0
4,2,5,86.80198477309223,0.0,0.0
4,2,6,98.11684553306023,0.0,0.0
4,2,7,99.05979038639296,0.0,0.0
4,2,8,103.78073043971736,0.0,0.0
4,2,9,91.50942034640778,0.0,0.0
4,2,10,82.08658447977201,0.0,0.0
5,1,1,121.62417360007468,0.0,0.0010050000000602149
5,1,2,84.51257033338825,0.0,0.0007525199999644735
5,1,3,113.38323880007474,0.0,0.0002525066666557703
5,1,4,99.98591960006114,0.0,0.0007474933334101621
5,1,5,94.82846504005512,0.0,0.0002525066666557703
5,1,6,107.19383926673318,0.0,0.0002475066666529611
5,1,7,108.22583398673804,0.0,0.0
5,1,8,113.38323880007474,0.0,0.0002525066666557703
5,1,9,99.98591960006114,0.0,0.0007474933334101621
5,1,10,89.66999017339138,0.0,0.0005050133333101053
5,2,1,110.98810209297807,0.0,0.0
5,2,2,77.13180781308837,0.0,0.0
5,2,3,103.46821746633199,0.0,0.0
5,2,4,91.23853263970648,0.0,0.0
5,2,5,86.53510297305064,0.0,0.0
5,2,6,97.82385217302532,0.0,0.0
5,2,7,98.76884738634786,0.0,0.0
5,2,8,103.46821746633199,0.0,0.0
5,2,9,91.23853263970648,0.0,0.0
5,2,10,81.82470807973591,0.0,0.0
6,1,1,120.55930297327306,0.0,0.0007475199999630712
6,1,2,83.7826523199521,0.0,0.0004950133333101426
6,1,3,112.38599325327067,0.0,0.00024750666665577484
6,1,4,99.10028779994595,0.0,0.0
6,1,5,93.99993262661383,0.0,0.0007525199999673443
6,1,6,106.26012799993953,0.0,0.0009999733334995385
6,1,7,107.2756228932786,0.0,0.0
6,1,8,112.38599325327067,0.0,0.00024750666665577484
6,1,9,99.10028779994595,0.0,0.0
6,1,10,88.88252254661703,0.0,0.0004950133333101426
6,2,1,108.76125513317045,0.0,0.0
6,2,2,75.5770491065499,0.0,0.0
6,2,3,101.3775987998475,0.0,0.0
6,2,4,89.39833645320154,0.0,0.0
6,2,5,84.79127063987312,0.0,0.0
6,2,6,95.84495309318483,0.0,0.0
6,2,7,96.77151315985132,0.0,0.0
6,2,8,101.3775987998475,0.0,0.0
6,2,9,89.39833645320154,0.0,0.0
6,2,10,80.18514974654656,0.0,0.0
7,1,1,119.34174983998494,0.0,0.00024750666665577484
7,1,2,82.94043441332914,0.0,0.0
7,1,3,111.25738925332816,0.0,0.0005050133333086702
7,1,4,98.10713439999358,0.0,0.0005050133333158466
7,1,5,93.04873421333332,0.0,0.0004950133333129571
7,1,6,105.18251950665929,0.0,0.0005050133333144113
7,1,7,106.20698438666044,0.0,0.0010050000000659139
7,1,8,111.25738925332816,0.0,0.0005050133333086702
7,1,9,98.10713439999358,0.0,0.0005050133333158466
7,1,10,87.98982941332888,0.0,0.0010050000000716409
7,2,1,108.84479645354514,0.0,0.0
7,2,2,75.6338141868119,0.0,0.0
7,2,3,101.4660322268591,0.0,0.0
7,2,4,89.46988845349985,0.0,0.0
7,2,5,84.86202841349736,0.0,0.0
7,2,6,95.92922762684971,0.0,0.0
7,2,7,96.8501676001858,0.0,0.0
7,2,8,101.4660322268591,0.0,0.0
7,2,9,89.46988845349985,0.0,0.0
7,2,10,80.23713889348655,0.0,0.0
8,1,1,118.45876021334739,0.0,0.0004999866667543872
8,1,2,82.3179953733408,0.0,0.0004999866667451507
8,1,3,110.42582060000791,0.0,0.0004950133333087358
8,1,4,97.37592025334429,0.0,0.000495013333315771
8,1,5,92.35142558667378,0.0,0.0
8,1,6,104.40936514667993,0.0,0.0004950133333143642
8,1,7,105.40934033334528,0.0,0.0007475199999659128
8,1,8,110.42582060000791,0.0,0.0004950133333087358
8,1,9,97.37592025334429,0.0,0.000495013333315771
8,1,10,87.33345538667321,0.0,0.0007475199999672637
8,2,1,106.11401766623155,0.0,0.0
8,2,2,73.74177249303368,0.0,0.0
8,2,3,98.91252537293032,0.0,0.0
8,2,4,87.22933646631466,0.0,0.0
8,2,5,82.73216049299538,0.0,0.0
8,2,6,93.5248836129529,0.0,0.0
8,2,7,94.4258287062848,0.0,0.0
8,2,8,98.91252537293032,0.0,0.0
8,2,9,87.22933646631466,0.0,0.0
8,2,10,78.23101421301084,0.0,0.0
9,1,1,118.06993289333624,0.0,0.0
9,1,2,82.05640881333058,0.0,0.0
9,1,3,110.07805285333798,0.0,0.0009999733335116165
9,1,4,97.05468344000072,0.0,0.00049998666675119
9,1,5,92.0612732533367,0.0,0.000252506666658641
9,1,6,104.07162349333069,0.0,0.0002525066666572057
9,1,7,105.07159323999964,0.0,0.00024750666665612655
9,1,8,110.07805285333798,0.0,0.0009999733335116165
9,1,9,97.05468344000072,0.0,0.00049998666675119
9,1,10,87.05534326666941,0.0,0.0005000133333087313
9,2,1,104.07089665357628,0.0,0.0
9,2,2,72.32545205349795,0.0,0.0
9,2,3,97.01735880022821,0.0,0.0
9,2,4,85.55309773353035,0.0,0.0
9,2,5,81.14936386685767,0.0,0.0
9,2,6,91.73219576020946,0.0,0.0
9,2,7,92.60764070687655,0.0,0.0
9,2,8,97.01735880022821,0.0,0.0
9,2,9,85.55309773353035,0.0,0.0
9,2,10,76.73412528018066,0.0,0.0
10,1,1,117.11305145333131,0.0,0.000252506666658641
10,1,2,81.38598064000469,0.0,0.0007524933334044738
10,1,3,109.17064138666768,0.0,0.000499986666745861
10,1,4,96.27078117332874,0.0,0.0009999733334959849
10,1,5,91.30435627999698,0.0,0.0005000133333114884
10,1,6,103.22069594667119,0.0,0.0002475066666571821
10,1,7,104.2127262666661,0.0,0.0002525066666557703
10,1,8,109.17064138666768,0.0,0.000499986666745861
10,1,9,96.27078117332874,0.0,0.0009999733334959849
10,1,10,86.34543623999484,0.0,0.0005000133333086744
10,2,1,102.6270832662316,0.0,0.0
10,2,2,71.31664377303314,0.0,0.0
10,2,3,95.66721842626265,0.0,0.0
10,2,4,84.36289839964559,0.0,0.0
10,2,5,80.00897867966256,0.0,0.0
10,2,6,90.45032830628818,0.0,0.0
10,2,7,91.31580317295399,0.0,0.0
10,2,8,95.66721842626265,0.0,0.0
10,2,9,84.36289839964559,0.0,0.0
10,2,10,75.66707869301221,0.0,0.0
11,1,1,116.39473800003155,0.0,0.0007474933334044511
11,1,2,80.88026368002112,0.0,0.0002475066666543679
11,1,3,108.51183312002817,0.0,0.0004999866667501242
11,1,4,95.67907825335796,0.0,0.0004999866667458609
11,1,5,90.75411321335824,0.0,0.0002475066666515541
11,1,6,102.58795829336015,0.0,0.0002525066666572057
11,1,7,103.5709182266963,0.0,0.00024750666665577484
11,1,8,108.51183312002817,0.0,0.0004999866667501242
11,1,9,95.67907825335796,0.0,0.0004999866667458609
11,1,10,85.81269833335958,0.0,0.0002475066666529611
11,2,1,101.4059483870435,0.0,0.0
11,2,2,70.47467958692796,0.0,0.0
11,2,3,94.53189117368194,0.0,0.0
11,2,4,83.35180525363972,0.0,0.0
11,2,5,79.0582414936269,0.0,0.0
11,2,6,89.3788330403292,0.0,0.0
11,2,7,90.2388224270018,0.0,0.0
11,2,8,94.53189117368194,0.0,0.0
11,2,9,83.35180525363972,0.0,0.0
11,2,10,74.76771302694348,0.0,0.0
12,1,1,115.46334616000104,0.0,0.0
12,1,2,80.22834072000207,0.0,0.0009999733334995376
12,1,3,107.63746585333696,0.0,0.0002525066666557703
12,1,4,94.91217589333647,0.0,0.0002525066666561292
12,1,5,90.02171591999824,0.0,0.0
12,1,6,101.76304106666825,0.0,0.0007525199999672869
12,1,7,102.73902097333615,0.0,0.0002525066666557703
12,1,8,107.63746585333696,0.0,0.0002525066666557703
12,1,9,94.91217589333647,0.0,0.0002525066666561292
12,1,10,85.12929582666771,0.0,0.0
12,2,1,100.99471477216933,0.0,0.0
12,2,2,70.18132191919346,0.0,0.0
12,2,3,94.14061446558894,0.0,0.0
12,2,4,83.0279962657131,0.0,0.0
12,2,5,78.74347837242564,0.0,0.0
12,2,6,89.01505561231323,0.0,0.0
12,2,7,89.86959654563108,0.0,0.0
12,2,8,94.14061446558894,0.0,0.0
12,2,9,83.0279962657131,0.0,0.0
12,2,10,74.4593750924759,0.0,0.0
13,1,1,114.85598178667419,0.0,0.0
13,1,2,79.81663133333325,0.0,0.0004999866667572294
13,1,3,107.06650710666675,0.0,0.00024750666665577484
13,1,4,94.41502656000469,0.0,0.00024750666665612655
13,1,5,89.55059167999839,0.0,0.0007524933334058942
13,1,6,101.2400315333381,0.0,0.0004950133333101426
13,1,7,102.20951686666537,0.0,0.0005000133333115455
13,1,8,107.06650710666675,0.0,0.00024750666665577484
13,1,9,94.41502656000469,0.0,0.00024750666665612655
13,1,10,84.68210138667082,0.0,0.0005050133333115406
13,2,1,101.3509166140388,0.0,0.0
13,2,2,70.42445485382571,0.0,0.0
13,2,3,94.47741457399138,0.0,0.0
13,2,4,83.32544932057999,0.0,0.0
13,2,5,79.01943121388588,0.0,0.0
13,2,6,89.33192686728627,0.0,0.0
13,2,7,90.18839626729545,0.0,0.0
13,2,8,94.47741457399138,0.0,0.0
13,2,9,83.32544932057999,0.0,0.0
13,2,10,74.7219630138539,0.0,0.0
14,1,1,114.79011858668471,0.0,0.0004999866667401767
14,1,2,79.76127413334454,0.0,0.0002525066666557703
14,1,3,107.0111486933481,0.0,0.0009999733335030907
14,1,4,94.3597289600128,0.0,0.0009999733335016691
14,1,5,89.49322370668351,0.0,0.0007525199999716213
14,1,6,101.16717886668226,0.0,0.0
14,1,7,102.14117342668597,0.0,0.0007474933334002151
14,1,8,107.0111486933481,0.0,0.0009999733335030907
14,1,9,94.3597289600128,0.0,0.0009999733335016691
14,1,10,84.63474401334557,0.0,0.0004950133333115497
14,2,1,100.87338574653747,0.0,0.0
14,2,2,70.10268395991113,0.0,0.0
14,2,3,94.03357026654788,0.0,0.0
14,2,4,82.92631974656062,0.0,0.0
14,2,5,78.65245433323598,0.0,0.0
14,2,6,88.91021489322303,0.0,0.0
14,2,7,89.75867023988097,0.0,0.0
14,2,8,94.03357026654788,0.0,0.0
14,2,9,82.92631974656062,0.0,0.0
14,2,10,74.37505926657069,0.0,0.0
15,1,1,114.43829562667263,0.0,0.0002525066666572057
15,1,2,79.52799528000578,0.0,0.0005000133333136845
15,1,3,106.68635029334159,0.0,0.0
15,1,4,94.07040522667783,0.0,0.0
15,1,5,89.22793025333922,0.0,0.0007475199999715409
15,1,6,100.86184532000813,0.0,0.0002525066666572057
15,1,7,101.83037554667081,0.0,0.0004999866667479925
15,1,8,106.68635029334159,0.0,0.0
15,1,9,94.07040522667783,0.0,0.0
15,1,10,84.37896540000489,0.0,0.00025250666665289966
15,2,1,100.50337790645429,0.0,0.0
15,2,2,69.84728146652085,0.0,0.0
15,2,3,93.6841687731351,0.0,0.0
15,2,4,82.61467995982628,0.0,0.0
15,2,5,78.36338062649999,0.0,0.0
15,2,6,88.59340934647805,0.0,0.0
15,2,7,89.43140423980951,0.0,0.0
15,2,8,93.6841687731351,0.0,0.0
15,2,9,82.61467995982628,0.0,0.0
15,2,10,74.09908583984674,0.0,0.0
16,1,1,114.31722011998208,0.0,0.0005000133333143875
16,1,2,79.43833010665513,0.0,0.0005000133333143875
16,1,3,106.56876041331293,0.0,0.0004999866667430187
16,1,4,93.97480046664766,0.0,0.0
16,1,5,89.12481035998205,0.0,0.0005000133333158515
16,1,6,100.74881041331481,0.0,0.0002475066666571821
16,1,7,101.71876038664665,0.0,0.0
16,1,8,106.56876041331293,0.0,0.0004999866667430187
16,1,9,93.97480046664766,0.0,0.0
16,1,10,84.28331531998478,0.0,0.0007525199999659371
16,2,1,99.53628199990332,0.0,0.0
16,2,2,69.16080798660032,0.0,0.0
16,2,3,92.78245207991056,0.0,0.0
16,2,4,81.82045249325365,0.0,0.0
16,2,5,77.60373237326309,0.0,0.0
16,2,6,87.72165741324615,0.0,0.0
16,2,7,88.57225221324822,0.0,0.0
16,2,8,92.78245207991056,0.0,0.0
16,2,9,81.82045249325365,0.0,0.0
16,2,10,73.37249789326107,0.0,0.0
17,1,1,114.4340859733237,0.0,0.0002475066666571821
17,1,2,79.52376057333039,0.0,0.0005000133333129521
17,1,3,106.67500570666363,0.0,0.0
17,1,4,94.07387046666551,0.0,0.0004999866667501242
17,1,5,89.2233705866637,0.0,0.0005000133333143305
17,1,6,100.85695565333255,0.0,0.00025250666666151164
17,1,7,101.8240006933304,0.0,0.00025250666666007637
17,1,8,106.67500570666363,0.0,0.0
17,1,9,94.07387046666551,0.0,0.0004999866667501242
17,1,10,84.37478534666614,0.0,0.0009950000000659234
17,2,1,98.66823936005486,0.0,0.0
17,2,2,68.56733964003493,0.0,0.0
17,2,3,91.97711960004688,0.0,0.0
17,2,4,81.1131644800432,0.0,0.0
17,2,5,76.92988978670424,0.0,0.0
17,2,6,86.96592450671054,0.0,0.0
17,2,7,87.79730445338029,0.0,0.0
17,2,8,91.97711960004688,0.0,0.0
17,2,9,81.1131644800432,0.0,0.0
17,2,10,72.74513960003605,0.0,0.0
18,1,1,114.60250813333153,0.0,0.0
18,1,2,79.64475865333111,0.0,0.00024750666665577484
18,1,3,106.83655314666656,0.0,0.001499960000251795
18,1,4,94.21117358666287,0.0,0.0004999866667430187
18,1,5,89.35266844000043,0.0,0.0005000133333101384
18,1,6,101.01158338666461,0.0,0.0005000133333243499
18,1,7,101.98558334666492,0.0,0.0005000133333215072
18,1,8,106.83655314666656,0.0,0.0014999600002574773
18,1,9,94.21117358666287,0.0,0.0004999866667430187
18,1,10,84.49525366666435,0.0,0.0
18,2,1,98.38286594655371,0.0,0.0
18,2,2,68.36631082658495,0.0,0.0
18,2,3,91.70571083989533,0.0,0.0
18,2,4,80.87053062657563,0.0,0.0
18,2,5,76.70346070657929,0.0,0.0
18,2,6,86.7066007199021,0.0,0.0
18,2,7,87.53668097323136,0.0,0.0
18,2,8,91.70571083989533,0.0,0.0
18,2,9,80.87053062657563,0.0,0.0
18,2,10,72.53138563991709,0.0,0.0
19,1,1,114.4544437466424,0.0,0.0
19,1,2,79.53704273331299,0.0,0.000499986666745861
19,1,3,106.69583853330857,0.0,0.0
19,1,4,94.07919321331315,0.0,0.0
19,1,5,89.23663291997809,0.0,0.0007525199999701867
19,1,6,100.87879813331422,0.0,0.0005000133333243208
19,1,7,101.84576837330992,0.0,0.0005000133333233227
19,1,8,106.69583853330857,0.0,0.0
19,1,9,94.07919321331315,0.0,0.0
19,1,10,84.38755783997881,0.0,0.0014999600002560572
19,2,1,99.92419981297563,0.0,0.0
19,2,2,69.43715470642213,0.0,0.0
19,2,3,93.14222014632841,0.0,0.0
19,2,4,82.13765534636315,0.0,0.0
19,2,5,77.9091599197199,0.0,0.0
19,2,6,88.06119486635015,0.0,0.0
19,2,7,88.91270995968252,0.0,0.0
19,2,8,93.14222014632841,0.0,0.0
19,2,9,82.13765534636315,0.0,0.0
19,2,10,73.66564513306584,0.0,0.0
20,1,1,115.56433785332925,0.0,0.0009999733334917218
20,1,2,80.31728835999903,0.0,0.0
20,1,3,107.72374310666282,0.0,0.0007524933334101865
20,1,4,95.00701794666672,0.0,0.0002525066666557703
20,1,5,90.10096863999183,0.0,0.0004950133333143642
20,1,6,101.8571431599983,0.0,0.000500013333318608
20,1,7,102.83168294666652,0.0,0.000500013333325728
20,1,8,107.72374310666282,0.0,0.000752493333413057
20,1,9,95.00701794666672,0.0,0.0002525066666557703
20,1,10,85.20888838666306,0.0,0.000252506666658641
20,2,1,98.53081437311538,0.0,0.0
20,2,2,68.47414031985046,0.0,0.0
20,2,3,91.8530418931371,0.0,0.0
20,2,4,80.99966365315994,0.0,0.0
20,2,5,76.81947778649976,0.0,0.0
20,2,6,86.83637085314191,0.0,0.0
20,2,7,87.67787078648037,0.0,0.0
20,2,8,91.8530418931371,0.0,0.0
20,2,9,80.99966365315994,0.0,0.0
20,2,10,72.6508163198421,0.0,0.0
21,1,1,116.86883669332971,0.0,0.00025250666666007637
21,1,2,81.21549121333126,0.0,0.0005050133333086702
21,1,3,108.96054667999358,0.0,0.00024750666665858883
21,1,4,96.08055153332622,0.0,0.0005000133333186933
21,1,5,91.12188122666662,0.0,0.0
21,1,6,103.01327155999502,0.0,0.0002475066666571821
21,1,7,103.99582149333142,0.0,0.0007525199999729433
21,1,8,108.96054667999358,0.0,0.00024750666666140266
21,1,9,96.08055153332622,0.0,0.0005000133333186933
21,1,10,86.16465622666423,0.0,0.0007474933334101343
21,2,1,100.99252766722758,0.0,0.0
21,2,2,70.18252918705272,0.0,0.0
21,2,3,94.14393021385573,0.0,0.0
21,2,4,83.02071461378723,0.0,0.0
21,2,5,78.74869092043583,0.0,0.0
21,2,6,89.00431701382838,0.0,0.0
21,2,7,89.86385189383202,0.0,0.0
21,2,8,94.14393021385573,0.0,0.0
21,2,9,83.02071461378723,0.0,0.0
21,2,10,74.4626327870742,0.0,0.0
22,1,1,118.28274900003416,0.0,0.0002475066666599957
22,1,2,82.20134916002361,0.0,0.00149498666681538
22,1,3,110.26715889336937,0.0,0.0009999733334974067
22,1,4,97.233994173359,0.0,0.000500013333318608
22,1,5,92.22697400003071,0.0,0.00049998666674444
22,1,6,104.2491089066994,0.0,0.0007524933334073872
22,1,7,105.24960897336548,0.0,0.000995000000056345
22,1,8,110.26715889336937,0.0,0.0009999733334974067
22,1,9,97.233994173359,0.0,0.000500013333318608
22,1,10,87.2089642400252,0.0,0.0
22,2,1,100.36785533394354,0.0,0.0
22,2,2,69.74519581375823,0.0,0.0
22,2,3,93.56355305389708,0.0,0.0
22,2,4,82.50489157383376,0.0,0.0
22,2,5,78.245923080476,0.0,0.0
22,2,6,88.45970968053265,0.0,0.0
22,2,7,89.30263945387328,0.0,0.0
22,2,8,93.56355305389708,0.0,0.0
22,2,9,82.50489157383376,0.0,0.0
22,2,10,74.00306956044837,0.0,0.0
23,1,1,119.15718529334298,0.0,0.0004999866667487033
23,1,2,82.80299547999869,0.0,0.0
23,1,3,111.07600044000665,0.0,0.0004999866667458609
23,1,4,97.94331044000347,0.0,0.000500013333315823
23,1,5,92.90166013334202,0.0,0.0009999733335016691
23,1,6,105.01789548000322,0.0,0.0005000133333228858
23,1,7,106.02596050667225,0.0,0.0002525066666557703
23,1,8,111.07600044000665,0.0,0.0004999866667458609
23,1,9,97.94331044000347,0.0,0.000500013333315823
23,1,10,87.85157014667524,0.0,0.0002525066666572057
23,2,1,100.0716126127978,0.0,0.0
23,2,2,69.54539414629578,0.0,0.0
23,2,3,93.28917511951232,0.0,0.0
23,2,4,82.26876239956617,0.0,0.0
23,2,5,78.0168013462522,0.0,0.0
23,2,6,88.19969911953109,0.0,0.0
23,2,7,89.05570399952926,0.0,0.0
23,2,8,93.28917511951232,0.0,0.0
23,2,9,82.26876239956617,0.0,0.0
23,2,10,73.77830494627901,0.0,0.0
24,1,1,120.0577488800214,0.0,0.0
24,1,2,83.43542425334445,0.0,0.0004999866667572294
24,1,3,111.92519381335285,0.0,0.0004999866667501241
24,1,4,98.70007390668542,0.0,0.00024750666665858883
24,1,5,93.61052449334251,0.0,0.000252506666658641
24,1,6,105.81663408001488,0.0,0.0002475066666599957
24,1,7,106.83362397335382,0.0,0.00024750666665577484
24,1,8,111.92519381335285,0.0,0.0004999866667501241
24,1,9,98.70007390668542,0.0,0.00024750666665858883
24,1,10,88.51895422668044,0.0,0.0007474933334058852
24,2,1,99.06338945273421,0.0,0.0
24,2,2,68.83820761291544,0.0,0.0
24,2,3,92.35092243942955,0.0,0.0
24,2,4,81.43557757284022,0.0,0.0
24,2,5,77.23262099952746,0.0,0.0
24,2,6,87.30803986613763,0.0,0.0
24,2,7,88.14452057279311,0.0,0.0
24,2,8,92.35092243942955,0.0,0.0
24,2,9,81.43557757284022,0.0,0.0
24,2,10,73.03666931955135,0.0,0.0
25,1,1,121.58536233333248,0.0,0.0
25,1,2,84.48420658666895,0.0,0.0
25,1,3,113.33699229333254,0.0,0.0007524933334073149
25,1,4,99.93937196000189,0.0,0.0005050133333144113
25,1,5,94.78964162667123,0.0,0.0007474933334072915
25,1,6,107.16174188000274,0.0,0.0
25,1,7,108.18775714666715,0.0,0.0007524933334052275
25,1,8,113.33699229333254,0.0,0.0007524933334073149
25,1,9,99.93937196000189,0.0,0.0005050133333144113
25,1,10,89.63292677333436,0.0,0.0
25,2,1,100.92658858717289,0.0,0.0
25,2,2,70.14112290702099,0.0,0.0
25,2,3,94.0865601338121,0.0,0.0
25,2,4,82.97263897375176,0.0,0.0
25,2,5,78.69384005373281,0.0,0.0
25,2,6,88.95560214711396,0.0,0.0
25,2,7,89.81269178711914,0.0,0.0
25,2,8,94.0865601338121,0.0,0.0
25,2,9,82.97263897375176,0.0,0.0
25,2,10,74.40549169370802,0.0,0.0
26,1,1,123.70874321334081,0.0,0.0
26,1,2,85.97209880000503,0.0,0.0004999866667487033
26,1,3,115.33411321334061,0.0,0.00024750666665577484
26,1,4,101.6948734266748,0.0,0.0004950133333143642
26,1,5,96.455253786667,0.0,0.0
26,1,6,109.03546860000426,0.0,0.0
26,1,7,110.08598330667326,0.0,0.0002475066666599957
26,1,8,115.33411321334061,0.0,0.00024750666665577484
26,1,9,101.6948734266748,0.0,0.0004950133333143642
26,1,10,91.21318884000216,0.0,0.0
26,2,1,103.96776546682047,0.0,0.0
26,2,2,72.24290984010851,0.0,0.0
26,2,3,96.91807676013812,0.0,0.0
26,2,4,85.46374820012313,0.0,0.0
26,2,5,81.05112886678488,0.0,0.0
26,2,6,91.63245717346815,0.0,0.0
26,2,7,92.51397197347126,0.0,0.0
26,2,8,96.91807676013812,0.0,0.0
26,2,9,85.46374820012313,0.0,0.0
26,2,10,76.65402422677933,0.0,0.0
27,1,1,124.80683079997785,0.0,0.00025250666665289966
27,1,2,86.73508035998825,0.0,0.0002525066666572057
27,1,3,116.34214586664602,0.0,0.0
27,1,4,102.59288087997928,0.0,0.0004999866667515454
27,1,5,97.30080542665208,0.0,0.0
27,1,6,110.0000705733177,0.0,0.001999946666997655
27,1,7,111.05857077331098,0.0,0.0002525066666572057
27,1,8,116.34214586664602,0.0,0.0
27,1,9,102.59288087997928,0.0,0.0004999866667515454
27,1,10,92.0267055066512,0.0,0.0
27,2,1,104.70651615913671,0.0,0.0
27,2,2,72.74915230606412,0.0,0.0
27,2,3,97.60654810586027,0.0,0.0
27,2,4,86.07362297262135,0.0,0.0
27,2,5,81.63763599932467,0.0,0.0
27,2,6,92.27955105256646,0.0,0.0
27,2,7,93.17105110589718,0.0,0.0
27,2,8,97.60654810586027,0.0,0.0
27,2,9,86.07362297262135,0.0,0.0
27,2,10,77.19812907935948,0.0,0.0
28,1,1,125.37469277334293,0.0,0.0005000133333058609
28,1,2,87.12827361333508,0.0,0.0007525199999687224
28,1,3,116.87520282667603,0.0,0.0
28,1,4,103.05974798667644,0.0,0.0
28,1,5,97.7527632000053,0.0,0.0
28,1,6,110.50069826667232,0.0,0.00025250666665289966
28,1,7,111.55922784001105,0.0,0.0007525199999658801
28,1,8,116.87520282667603,0.0,0.0
28,1,9,103.05974798667644,0.0,0.0
28,1,10,92.43525344000591,0.0,0.00025250666665361734
28,2,1,105.130827799966,0.0,0.0
28,2,2,73.05880511997313,0.0,0.0
28,2,3,98.00621837329959,0.0,0.0
28,2,4,86.42350433330056,0.0,0.0
28,2,5,81.96992449330341,0.0,0.0
28,2,6,92.65762843997187,0.0,0.0
28,2,7,93.54411885329766,0.0,0.0
28,2,8,98.00621837329959,0.0,0.0
28,2,9,86.42350433330056,0.0,0.0
28,2,10,77.50837503996752,0.0,0.0
29,1,1,124.618669906747,0.0,0.0007474933334016641
29,1,2,86.60441642672166,0.0,0.0004950133333115497
29,1,3,116.17784520007294,0.0,0.0002525066666557703
29,1,4,102.44460569339994,0.0,0.0
29,1,5,97.16171109339406,0.0,0.0004999866667501242
29,1,6,109.83647021340876,0.0,0.00024750666665577484
29,1,7,110.89593554673463,0.0,0.0004950133333101426
29,1,8,116.17784520007294,0.0,0.0002525066666557703
29,1,9,102.44460569339994,0.0,0.0
29,1,10,91.88731605339417,0.0,0.0005000133333126644
29,2,1,103.19245664064371,0.0,0.0
29,2,2,71.71333742711691,0.0,0.0
29,2,3,96.1963020005976,0.0,0.0
29,2,4,84.83062700053337,0.0,0.0
29,2,5,80.45553754716566,0.0,0.0
29,2,6,90.94271728056421,0.0,0.0
29,2,7,91.82926701390332,0.0,0.0
29,2,8,96.1963020005976,0.0,0.0
29,2,9,84.83062700053337,0.0,0.0
29,2,10,76.07694750714226,0.0,0.0
30,1,1,122.39998106661716,0.0,0.0004999866667487031
30,1,2,85.05911071996698,0.0,0.00025250666666007637
30,1,3,114.08793609328814,0.0,0.00024750666665577484
30,1,4,100.61671087995902,0.0,0.0005050133333158466
30,1,5,95.42298082662819,0.0,0.000252506666658641
30,1,6,107.86927591995864,0.0,0.000252506666658641
30,1,7,108.91124097328901,0.0,0.0007524933334073149
30,1,8,114.08793609328814,0.0,0.00024750666665577484
30,1,9,100.61671087995902,0.0,0.0005050133333158466
30,1,10,90.23731085329923,0.0,0.00024750666665894055
30,2,1,105.15802505322449,0.0,0.0
30,2,2,73.07206002659184,0.0,0.0
30,2,3,98.02237987990225,0.0,0.0
30,2,4,86.44038514657714,0.0,0.0
30,2,5,81.98761987991836,0.0,0.0
30,2,6,92.67960482657273,0.0,0.0
30,2,7,93.56355502657173,0.0,0.0
30,2,8,98.02237987990225,0.0,0.0
30,2,9,86.44038514657714,0.0,0.0
30,2,10,77.52832489325546,0.0,0.0
31,1,1,117.95445378671477,0.0,0.0
31,1,2,81.97033074669976,0.0,0.000500013333317201
31,1,3,109.95775409338093,0.0,0.0
31,1,4,96.95242996004029,0.0,0.0009950000000705133
31,1,5,91.96696025336846,0.0,0.0005000133333114884
31,1,6,103.95582460004341,0.0,0.00024750666665858883
31,1,7,104.95568930671254,0.0,0.0007474933334094517
31,1,8,109.95775409338093,0.0,0.0
31,1,9,96.95242996004029,0.0,0.0009950000000705133
31,1,10,86.97286028003724,0.0,0.00025250666665289966
31,2,1,102.69531162728364,0.0,0.0
31,2,2,71.35500530709716,0.0,0.0
31,2,3,95.73435336057791,0.0,0.0
31,2,4,84.41393654717646,0.0,0.0
31,2,5,80.06446780048381,0.0,0.0
31,2,6,90.50990505387445,0.0,0.0
31,2,7,91.37437961388385,0.0,0.0
31,2,8,95.73435336057791,0.0,0.0
31,2,9,84.41393654717646,0.0,0.0
31,2,10,75.71401881379337,0.0,0.0
32,1,1,111.12250769333673,0.0,0.0002525066666557703
32,1,2,77.21736345333571,0.0,0.0002475066666571821
32,1,3,103.58204781334032,0.0,0.0009999733335059326
32,1,4,91.34587313333687,0.0,0.00049998666674444
32,1,5,86.63300306667531,0.0,0.00024750666665577484
32,1,6,97.93538292000814,0.0,0.000499986666754032
32,1,7,98.87025825333393,0.0,0.0004999866667497692
32,1,8,103.58204781334032,0.0,0.0009999733335059326
32,1,9,91.34587313333687,0.0,0.00049998666674444
32,1,10,81.9217085333354,0.0,0.0002475066666529611
32,2,1,104.3256747997501,0.0,0.0
32,2,2,72.49222679982788,0.0,0.0
32,2,3,97.24196425310134,0.0,0.0
32,2,4,85.75612829312551,0.0,0.0
32,2,5,81.33647751980887,0.0,0.0
32,2,6,91.94930877311009,0.0,0.0
32,2,7,92.81985381311148,0.0,0.0
32,2,8,97.24196425310134,0.0,0.0
32,2,9,85.75612829312551,0.0,0.0
32,2,10,76.91534231981714,0.0,0.0
33,1,1,102.76472698664378,0.0,0.00024750666665577484
33,1,2,71.41637115998702,0.0,0.0
33,1,3,95.79836709330675,0.0,0.0
33,1,4,84.47467665331465,0.0,0.0
33,1,5,80.11941166664772,0.0,0.0010050000000645216
33,1,6,90.574676786645,0.0,0.0004999866667494139
33,1,7,91.4495615333134,0.0,0.0002525066666572057
33,1,8,95.79836709330675,0.0,0.0
33,1,9,84.47467665331465,0.0,0.0
33,1,10,75.77111615998724,0.0,0.0004999866667550978
33,2,1,105.53901066648682,0.0,0.0
33,2,2,73.33455634654325,0.0,0.0
33,2,3,98.37598361316863,0.0,0.0
33,2,4,86.75907994652394,0.0,0.0
33,2,5,82.28773877319543,0.0,0.0
33,2,6,93.01209691984702,0.0,0.0
33,2,7,93.91314695984673,0.0,0.0
33,2,8,98.37598361316863,0.0,0.0
33,2,9,86.75907994652394,0.0,0.0
33,2,10,77.80741263987096,0.0,0.0
34,1,1,94.191827573371,0.0,0.0
34,1,2,65.46271846669056,0.0,0.0004999866667572294
34,1,3,87.8080526800363,0.0,0.0002525066666572057
34,1,4,77.435538066697,0.0,0.0
34,1,5,73.44723814669351,0.0,0.0004950133333129571
34,1,6,83.01898804003086,0.0,0.0004999866667586508
34,1,7,83.81933298669793,0.0,0.0005000133333172578
34,1,8,87.8080526800363,0.0,0.0002525066666572057
34,1,9,77.435538066697,0.0,0.0
34,1,10,69.442488613356,0.0,0.0002525066666572057
34,2,1,107.25359177423745,0.0,0.0
34,2,2,74.53527561395822,0.0,0.0
34,2,3,99.98753374751068,0.0,0.0
34,2,4,88.16841196074203,0.0,0.0
34,2,5,83.62137336070101,0.0,0.0
34,2,6,94.52843522746495,0.0,0.0
34,2,7,95.43596046746468,0.0,0.0
34,2,8,99.98753374751068,0.0,0.0
34,2,9,88.16841196074203,0.0,0.0
34,2,10,79.085814214001,0.0,0.0
35,1,1,85.3849923199327,0.0,0.00025250666666007637
35,1,2,59.333001679955714,0.0,0.00025250666665289966
35,1,3,79.60022698660913,0.0,0.0002475066666571821
35,1,4,70.20117174661547,0.0,0.0002525066666557703
35,1,5,66.57800177328396,0.0,0.0
35,1,6,75.25963687994769,0.0,0.0
35,1,7,75.97796717327606,0.0,0.0002475066666599957
35,1,8,79.60022698660913,0.0,0.0002475066666571821
35,1,9,70.20117174661547,0.0,0.0002525066666557703
35,1,10,62.95572650662134,0.0,0.0005000133333150909
35,2,1,107.10709336011182,0.0,0.0
35,2,2,74.43658948008346,0.0,0.0
35,2,3,99.85709636010763,0.0,0.0
35,2,4,88.04455817342955,0.0,0.0
35,2,5,83.51358206675685,0.0,0.0
35,2,6,94.39458994676906,0.0,0.0
35,2,7,95.30808989344021,0.0,0.0
35,2,8,99.85709636010763,0.0,0.0
35,2,9,88.04455817342955,0.0,0.0
35,2,10,78.97754092008259,0.0,0.0
36,1,1,77.88349237333004,0.0,0.0002475066666599957
36,1,2,54.13004837333415,0.0,0.0005000133333101665
36,1,3,72.60402678666097,0.0,0.0
36,1,4,64.0259451333295,0.0,0.0007474933334130042
36,1,5,60.72228453333437,0.0,0.0007524933334094473
36,1,6,68.65594585333062,0.0,0.0002525066666543351
36,1,7,69.31388560000185,0.0,0.0
36,1,8,72.60402678666097,0.0,0.0
36,1,9,64.0259451333295,0.0,0.0007474933334130042
36,1,10,57.426208840001905,0.0,0.0007474933334087374
36,2,1,109.3387231075291,0.0,0.0
36,2,2,75.99089926726808,0.0,0.0
36,2,3,101.93640562747142,0.0,0.0
36,2,4,89.87796469404272,0.0,0.0
36,2,5,85.25325601400988,0.0,0.0
36,2,6,96.37223233409738,0.0,0.0
36,2,7,97.30524702743512,0.0,0.0
36,2,8,101.93640562747142,0.0,0.0
36,2,9,89.87796469404272,0.0,0.0
36,2,10,80.61511290730122,0.0,0.0
37,1,1,73.33967416024512,0.0,0.000999973333507353
37,1,2,50.96983616016525,0.0,0.0002475066666571821
37,1,3,68.36790948023074,0.0,0.0004999866667508346
37,1,4,60.286535426861455,0.0,0.0004999866667519004
37,1,5,57.18400073351854,0.0,0.00024750666665577484
37,1,6,64.6404050535451,0.0,0.00024750666665577484
37,1,7,65.25032018687985,0.0,0.0
37,1,8,68.36790948023074,0.0,0.0004999866667508346
37,1,9,60.286535426861455,0.0,0.0004999866667519004
37,1,10,54.07437609350602,0.0,0.0005050133333115406
37,2,1,110.56951477271515,0.0,0.0
37,2,2,76.83587918623738,0.0,0.0
37,2,3,103.07482217276252,0.0,0.0
37,2,4,90.88479838616229,0.0,0.0
37,2,5,86.19747211951811,0.0,0.0
37,2,6,97.45102557279196,0.0,0.0
37,2,7,98.38749585278521,0.0,0.0
37,2,8,103.07482217276252,0.0,0.0
37,2,9,90.88479838616229,0.0,0.0
37,2,10,81.5231953595491,0.0,0.0
38,1,1,69.46452704000508,0.0,0.0005050133333115406
38,1,2,48.27718633333934,0.0,0.000752493333408026
38,1,3,64.75999698667192,0.0,0.0
38,1,4,57.110791440005364,0.0,0.0
38,1,5,54.16656140000783,0.0,0.0
38,1,6,61.22384164000577,0.0,0.0002525066666557703
38,1,7,61.82332154667342,0.0,0.0
38,1,8,64.75999698667192,0.0,0.0
38,1,9,57.110791440005364,0.0,0.0
38,1,10,51.22187137333645,0.0,0.0004950133333115497
38,2,1,111.68784318691692,0.0,0.0
38,2,2,77.61156789350842,0.0,0.0
38,2,3,104.12146061356387,0.0,0.0
38,2,4,91.803794173533,0.0,0.0
38,2,5,87.07661052018986,0.0,0.0
38,2,6,98.44515217354946,0.0,0.0
38,2,7,99.38520216021445,0.0,0.0
38,2,8,104.12146061356387,0.0,0.0
38,2,9,91.803794173533,0.0,0.0
38,2,10,82.34829700017694,0.0,0.0
39,1,1,66.59076025335351,0.0,0.0014949866668146404
39,1,2,46.28569506668346,0.0,0.00024750666665577484
39,1,3,62.08709016002075,0.0,0.0
39,1,4,54.74212557334595,0.0,0.000499986666745861
39,1,5,51.9228101066857,0.0,0.0009999733334974067
39,1,6,58.69434029334821,0.0,0.00024750666665577484
39,1,7,59.25325537335007,0.0,0.0004999866667501242
39,1,8,62.08709016002075,0.0,0.0
39,1,9,54.74212557334595,0.0,0.000499986666745861
39,1,10,49.105020213346315,0.0,0.0004999866667451507
39,2,1,112.65332477229472,0.0,0.0
39,2,2,78.27906674594374,0.0,0.0
39,2,3,105.01921559903326,0.0,0.0
39,2,4,92.60217397247928,0.0,0.0
39,2,5,87.83309137252643,0.0,0.0
39,2,6,99.28218761241915,0.0,0.0
39,2,7,100.242697745747,0.0,0.0
39,2,8,105.01921559903326,0.0,0.0
39,2,9,92.60217397247928,0.0,0.0
39,2,10,83.05606857257301,0.0,0.0
40,1,1,64.47118985332341,0.0,0.00025250666666007637
40,1,2,44.8014849999934,0.0,0.0004999866667529663
40,1,3,60.10143477332625,0.0,0.0
40,1,4,53.00492957333027,0.0,0.0005050133333158466
40,1,5,50.27112503999082,0.0,0.0004999866667515454
40,1,6,56.82370982665919,0.0,0.0002525066666572057
40,1,7,57.36714481332357,0.0,0.0
40,1,8,60.10143477332625,0.0,0.0
40,1,9,53.00492957333027,0.0,0.0005050133333158466
40,1,10,47.544319866658604,0.0,0.0005050133333129761
40,2,1,114.86497950706953,0.0,0.0
40,2,2,79.81882177361658,0.0,0.0
40,2,3,107.07114738704134,0.0,0.0
40,2,4,94.41401172033008,0.0,0.0
40,2,5,89.55130854697876,0.0,0.0
40,2,6,101.23286413369082,0.0,0.0
40,2,7,102.19890442701784,0.0,0.0
40,2,8,107.07114738704134,0.0,0.0
40,2,9,94.41401172033008,0.0,0.0
40,2,10,84.67655046695677,0.0,0.0
41,1,1,62.86541048001417,0.0,0.0007474933334101203
41,1,2,43.693405293343154,0.0,0.0
41,1,3,58.60555058667723,0.0,0.0009999733335016696
41,1,4,51.679195346679215,0.0,0.0009950000000651835
41,1,5,49.02024545334205,0.0,0.0002525066666572057
41,1,6,55.41261029334873,0.0,0.000500013333320129
41,1,7,55.9466103600101,0.0,0.0007524933334023415
41,1,8,58.60555058667723,0.0,0.000999973333500248
41,1,9,51.679195346679215,0.0,0.0009950000000651835
41,1,10,46.35182022667954,0.0,0.0004950133333129571
41,2,1,116.15340666660374,0.0,0.0
41,2,2,80.72228513329176,0.0,0.0
41,2,3,108.2816884132769,0.0,0.0
41,2,4,95.49023665327833,0.0,0.0
41,2,5,90.56686781328179,0.0,0.0
41,2,6,102.37543034660462,0.0,0.0
41,2,7,103.36587453327549,0.0,0.0
41,2,8,108.2816884132769,0.0,0.0
41,2,9,95.49023665327833,0.0,0.0
41,2,10,85.64063899995227,0.0,0.0
42,1,1,61.69062518666812,0.0,0.0
42,1,2,42.87313531999764,0.0,0.0004999866667543874
42,1,3,57.51334524000058,0.0,0.0
42,1,4,50.718700333328904,0.0,0.0004999866667501242
42,1,5,48.10137022666525,0.0,0.0012474800001659567
42,1,6,54.37899026666508,0.0,0.0005000133333214507
42,1,7,54.89648054665995,0.0,0.00024750666665577484
42,1,8,57.51334524000058,0.0,0.0
42,1,9,50.718700333328904,0.0,0.0004999866667501242
42,1,10,45.48152529333371,0.0,0.0007524933334073015
42,2,1,114.53387863954109,0.0,0.0
42,2,2,79.58342681301183,0.0,0.0
42,2,3,106.7641024129026,0.0,0.0
42,2,4,94.1415646529571,0.0,0.0
42,2,5,89.29338378630385,0.0,0.0
42,2,6,100.94736581293068,0.0,0.0
42,2,7,101.90392629292333,0.0,0.0
42,2,8,106.7641024129026,0.0,0.0
42,2,9,94.1415646529571,0.0,0.0
42,2,10,84.4421377196592,0.0,0.0
43,1,1,60.21409595996525,0.0,0.000999973333507353
43,1,2,41.83849063997745,0.0,0.0
43,1,3,56.12828573330503,0.0,0.0004999866667536768
43,1,4,49.492605879968295,0.0,0.0
43,1,5,46.948715639972555,0.0,0.0002525066666557703
43,1,6,53.06946093330126,0.0,0.0007474933334065815
43,1,7,53.576940653305726,0.0,0.0014999600002592547
43,1,8,56.12828573330503,0.0,0.0004999866667536768
43,1,9,49.492605879968295,0.0,0.0
43,1,10,44.38933061331097,0.0,0.0002475066666543679
43,2,1,115.17976025332908,0.0,0.0
43,2,2,80.03516356000256,0.0,0.0
43,2,3,107.37571468000182,0.0,0.0
43,2,4,94.68116917333514,0.0,0.0
43,2,5,89.80466352000721,0.0,0.0
43,2,6,101.5166845200009,0.0,0.0
43,2,7,102.49117938666886,0.0,0.0
43,2,8,107.37571468000182,0.0,0.0
43,2,9,94.68116917333514,0.0,0.0
43,2,10,84.92016353333823,0.0,0.0
44,1,1,58.54526321337674,0.0,0.0
44,1,2,40.68625366669832,0.0,0.0012524800001570816
44,1,3,54.585008373372624,0.0,0.0002525066666572057
44,1,4,48.123388613368064,0.0,0.0004999866667529663
44,1,5,45.63946353336624,0.0,0.00024750666665612655
44,1,6,51.601128600034826,0.0,0.0009999733335016691
44,1,7,52.10109842670295,0.0,0.0005050133333158466
44,1,8,54.585008373372624,0.0,0.0002525066666572057
44,1,9,48.123388613368064,0.0,0.0004999866667529663
44,1,10,43.1621338400299,0.0,0.0004999866667487033
44,2,1,116.1362263732413,0.0,0.0
44,2,2,80.70335070660856,0.0,0.0
44,2,3,108.26014137324825,0.0,0.0
44,2,4,95.46199102659293,0.0,0.0
44,2,5,90.53844651992222,0.0,0.0
44,2,6,102.35259617325555,0.0,0.0
44,2,7,103.33659635991566,0.0,0.0
44,2,8,108.26014137324825,0.0,0.0
44,2,9,95.46199102659293,0.0,0.0
44,2,10,85.61137613326606,0.0,0.0
45,1,1,57.08573736003104,0.0,0.0
45,1,2,39.67276170668634,0.0,0.00024750666665542307
45,1,3,53.22584706669788,0.0,0.000752519999965852
45,1,4,46.93154680002896,0.0,0.0002525066666543351
45,1,5,44.50715702668548,0.0,0.0005050133333101053
45,1,6,50.31647692002965,0.0,0.0
45,1,7,50.79145208002867,0.0,0.000495013333315771
45,1,8,53.22584706669788,0.0,0.0007525199999644165
45,1,9,46.93154680002896,0.0,0.0002525066666543351
45,1,10,42.088201480028275,0.0,0.000999973333508775
45,2,1,115.03550056047362,0.0,0.0
45,2,2,79.93633870699335,0.0,0.0
45,2,3,107.2344609737801,0.0,0.0
45,2,4,94.55140732038849,0.0,0.0
45,2,5,89.6903724403693,0.0,0.0
45,2,6,101.3843966004191,0.0,0.0
45,2,7,102.36645642708935,0.0,0.0
45,2,8,107.2344609737801,0.0,0.0
45,2,9,94.55140732038849,0.0,0.0
45,2,10,84.81138310701353,0.0,0.0
46,1,1,56.751561240025815,0.0,0.0002525066666532584
46,1,2,39.438560826685176,0.0,0.00025250666665505267
46,1,3,52.90103604002761,0.0,0.0009950000000617026
46,1,4,46.653520986688335,0.0,0.00124748000015959
46,1,5,44.25156573335679,0.0,0.0004950133333101426
46,1,6,50.01701589335983,0.0,0.0
46,1,7,50.492546146690884,0.0,0.0002525066666557703
46,1,8,52.90103604002761,0.0,0.0009950000000602957
46,1,9,46.653520986688335,0.0,0.00124748000015959
46,1,10,41.84102102668391,0.0,0.0004999866667529663
46,2,1,115.93022399969063,0.0,0.0
46,2,2,80.55719933312459,0.0,0.0
46,2,3,108.06294307971368,0.0,0.0
46,2,4,95.29584115975148,0.0,0.0
46,2,5,90.3844608130913,0.0,0.0
46,2,6,102.1716422130626,0.0,0.0
46,2,7,103.16409230639306,0.0,0.0
46,2,8,108.06294307971368,0.0,0.0
46,2,9,95.29584115975148,0.0,0.0
46,2,10,85.4765949331103,0.0,0.0
47,1,1,56.72359143997518,0.0,0.0002475066666533126
47,1,2,39.418825879983174,0.0,0.0007474933334037742
47,1,3,52.87264137330983,0.0,0.0004999866667423086
47,1,4,46.6207462266457,0.0,0.0
47,1,5,44.221246213312426,0.0,0.0004999866667465717
47,1,6,49.987196373309,0.0,0.0
47,1,7,50.47116106664652,0.0,0.0005000133333144161
47,1,8,52.87264137330983,0.0,0.0004999866667423086
47,1,9,46.6207462266457,0.0,0.0
47,1,10,41.819335999981746,0.0,0.000499986666745861
47,2,1,116.42755472054941,0.0,0.0
47,2,2,80.90432041371037,0.0,0.0
47,2,3,108.5373982005117,0.0,0.0
47,2,4,95.71209392044761,0.0,0.0
47,2,5,90.77102590709431,0.0,0.0
47,2,6,102.61676594714766,0.0,0.0
47,2,7,103.6012554004866,0.0,0.0
47,2,8,108.5373982005117,0.0,0.0
47,2,9,95.71209392044761,0.0,0.0
47,2,10,85.83837318706782,0.0,0.0
48,1,1,56.438637213367954,0.0,0.0002525066666557703
48,1,2,39.214748106687345,0.0,0.0002525066666543351
48,1,3,52.60667765336207,0.0,0.0
48,1,4,46.39871769335961,0.0,0.0004999866667565191
48,1,5,43.99823789335786,0.0,0.0
48,1,6,49.73217260002912,0.0,0.0004999866667614929
48,1,7,50.223202493361335,0.0,0.000747493333417239
48,1,8,52.60667765336207,0.0,0.0
48,1,9,46.39871769335961,0.0,0.0004999866667565191
48,1,10,41.605722800027586,0.0,0.0
48,2,1,114.70863369262159,0.0,0.0
48,2,2,79.71440234617847,0.0,0.0
48,2,3,106.93406385267309,0.0,0.0
48,2,4,94.28950161274676,0.0,0.0
48,2,5,89.43197361277919,0.0,0.0
48,2,6,101.09501049270735,0.0,0.0
48,2,7,102.07007098603532,0.0,0.0
48,2,8,106.93406385267309,0.0,0.0
48,2,9,94.28950161274676,0.0,0.0
48,2,10,84.56798578614115,0.0,0.0
49,1,1,56.116709213344585,0.0,0.0012474800001716555
49,1,2,38.99697466666846,0.0,0.0002475066666543679
49,1,3,52.31577426667704,0.0,0.0
49,1,4,46.132354560005346,0.0,0.0
49,1,5,43.75638937334029,0.0,0.0004999866667515454
49,1,6,49.45681930667454,0.0,0.0
49,1,7,49.93329445334009,0.0,0.0005050133333086702
49,1,8,52.31577426667704,0.0,0.0
49,1,9,46.132354560005346,0.0,0.0
49,1,10,41.3739398400008,0.0,0.0004999866667543874
49,2,1,116.13858368061402,0.0,0.0
49,2,2,80.69225138708778,0.0,0.0
49,2,3,108.25696804056595,0.0,0.0
49,2,4,95.46605384050227,0.0,0.0
49,2,5,90.55027110714421,0.0,0.0
49,2,6,102.34775532054303,0.0,0.0
49,2,7,103.34068522720855,0.0,0.0
49,2,8,108.25696804056595,0.0,0.0
49,2,9,95.46605384050227,0.0,0.0
49,2,10,85.62249828045786,0.0,0.0
50,1,1,55.86558806663569,0.0,0.0002525066666572057
50,1,2,38.82155686664823,0.0,0.0
50,1,3,52.07558289330608,0.0,0.0
50,1,4,45.92357237331047,0.0,0.0
50,1,5,43.54857243997671,0.0,0.0
50,1,6,49.23808259997295,0.0,0.0
50,1,7,49.71308259997299,0.0,0.0007475199999688128
50,1,8,52.07558289330608,0.0,0.0
50,1,9,45.92357237331047,0.0,0.0
50,1,10,41.19758709331298,0.0,0.0002525066666557703
50,2,1,115.98646409208108,0.4831096416671112,0.0
50,2,2,80.60988385246627,0.0,0.0
50,2,3,108.13486541217208,0.0,0.0
50,2,4,95.3546399989747,0.0,0.0
50,2,5,90.425038239025,0.0,0.0
50,2,6,102.21822835889655,0.0,0.0
50,2,7,103.21625869221799,0.0,0.0
50,2,8,108.13486541217208,0.0,0.0
50,2,9,95.3546399989747,0.0,0.0
50,2,10,85.51295637240857,0.0,0.0
51,1,1,56.619082680001725,0.0,0.0005000133333143875
51,1,2,39.344953506665014,0.0,0.0
51,1,3,52.78543738667559,0.0,0.0010050000000637821
51,1,4,46.54019289333767,0.0,0.0
51,1,5,44.149647933338734,0.0,0.0002525066666543351
51,1,6,49.90587804000092,0.0,0.0
51,1,7,50.37986794666867,0.0,0.0002475066666599957
51,1,8,52.78543738667559,0.0,0.0010050000000637821
51,1,9,46.54019289333767,0.0,0.0
51,1,10,41.75150805333824,0.0,0.00024750666665577484
51,2,1,117.12931801345518,0.0,0.0
51,2,2,81.39969378675504,0.0,0.0
51,2,3,109.1818514401196,0.0,0.0
51,2,4,96.28200740009966,0.0,0.0
51,2,5,91.31558953342937,0.0,0.0
51,2,6,103.23246400011051,0.0,0.0
51,2,7,104.22693864011089,0.0,0.0
51,2,8,109.1818514401196,0.0,0.0
51,2,9,96.28200740009966,0.0,0.0
51,2,10,86.34911156009413,0.0,0.0
52,1,1,56.677868213307484,0.0,0.0007474933334023397
52,1,2,39.388023706648774,0.0,0.000752493333408737
52,1,3,52.8340237066388,0.0,0.0007475199999659128
52,1,4,46.588743733307076,0.0,0.0004999866667458609
52,1,5,44.18632881331317,0.0,0.0002475066666543679
52,1,6,49.95359835998132,0.0,0.0007524933334158854
52,1,7,50.44010842664338,0.0,0.0
52,1,8,52.8340237066388,0.0,0.0007475199999659128
52,1,9,46.588743733307076,0.0,0.0004999866667458609
52,1,10,41.783933893312216,0.0,0.0
52,2,1,116.88074173189594,0.7918502365632168,0.0
52,2,2,81.22743277233873,0.0,0.0
52,2,3,108.95495787865504,0.0,0.0
52,2,4,96.08350110547909,0.0,0.0
52,2,5,91.138808118878,0.0,0.0
52,2,6,103.011749518733,0.0,0.0
52,2,7,104.00927494538679,0.0,0.0
52,2,8,108.95495787865504,0.0,0.0
52,2,9,96.08350110547909,0.0,0.0
52,2,10,86.18365571893558,0.0,0.0
53,1,1,55.95477293321837,0.0,0.0004999866667465717
53,1,2,38.88170043992248,0.0,0.00024750666665577484
53,1,3,52.169747199895816,0.0,0.0005000133333158515
53,1,4,46.002256453237884,0.0,0.0
53,1,5,43.634211213242814,0.0,0.0010050000000659564
53,1,6,49.31922207989685,0.0,0.0007474933334150934
53,1,7,49.79473214656299,0.0,0.0
53,1,8,52.169747199895816,0.0,0.0005000133333158515
53,1,9,46.002256453237884,0.0,0.0
53,1,10,41.266715733248894,0.0,0.00025250666666007637
53,2,1,117.53680020051635,0.0,0.0
53,2,2,81.67532704035797,0.0,0.0
53,2,3,109.56980357381919,0.0,0.0
53,2,4,96.62933437376587,0.0,0.0
53,2,5,91.64584717373735,0.0,0.0
53,2,6,103.5958266937895,0.0,0.0
53,2,7,104.59332608046152,0.0,0.0
53,2,8,109.56980357381919,0.0,0.0
53,2,9,96.62933437376587,0.0,0.0
53,2,10,86.65983917372222,0.0,0.0
54,1,1,57.010023680118735,0.0,0.0004999866667543874
54,1,2,39.61075569341493,0.0,0.0004999866667529663
54,1,3,53.143204240107664,0.0,0.0002475066666599957
54,1,4,46.859264706765806,0.0,0.0
54,1,5,44.45061000009315,0.0,0.0004950133333143642
54,1,6,50.239519453436884,0.0,0.00025250666665648804
54,1,7,50.72156426677558,0.0,0.0002525066666557703
54,1,8,53.143204240107664,0.0,0.0002475066666599957
54,1,9,46.859264706765806,0.0,0.0
54,1,10,42.03443557341721,0.0,0.0012474800001673497
54,2,1,116.38108133292207,0.0,0.0
54,2,2,80.86607995971403,0.0,0.0
54,2,3,108.48508479961892,0.0,0.0
54,2,4,95.66356286632582,0.0,0.0
54,2,5,90.74154647968153,0.0,0.0
54,2,6,102.57355366630728,0.0,0.0
54,2,7,103.55904918629719,0.0,0.0
54,2,8,108.48508479961892,0.0,0.0
54,2,9,95.66356286632582,0.0,0.0
54,2,10,85.80603609302376,0.0,0.0
55,1,1,58.13215386663384,0.0,0.000252506666658641
55,1,2,40.382487893309225,0.0,0.0
55,1,3,54.18265363996942,0.0,0.0
55,1,4,47.77454333330329,0.0,0.0004999866667522556
55,1,5,45.31453293331097,0.0,0.0002525066666582822
55,1,6,51.23212833330554,0.0,0.00024750666665647854
55,1,7,51.72509369329999,0.0,0.0005000133333158515
55,1,8,54.18265363996942,0.0,0.0
55,1,9,47.77454333330329,0.0,0.0004999866667522556
55,1,10,42.858012866643236,0.0,0.0
55,2,1,117.47229138691185,0.0,0.0
55,2,2,81.63552661350342,0.0,0.0
55,2,3,109.51222418688502,0.0,0.0
55,2,4,96.57013241353287,0.0,0.0
55,2,5,91.58509397352083,0.0,0.0
55,2,6,103.52717545354875,0.0,0.0
55,2,7,104.5331800535482,0.0,0.0
55,2,8,109.51222418688502,0.0,0.0
55,2,9,96.57013241353287,0.0,0.0
55,2,10,86.61058013351331,0.0,0.0
56,1,1,59.58737541330578,0.0,0.00024750666665858883
56,1,2,41.411555093317816,0.0,0.0
56,1,3,55.549555386640165,0.0,0.0
56,1,4,48.98061054663885,0.0,0.0
56,1,5,46.44990545331255,0.0,0.0005000133333140071
56,1,6,52.51080542664236,0.0,0.0
56,1,7,53.01740523997956,0.0,0.0002475066666599957
56,1,8,55.549555386640165,0.0,0.0
56,1,9,48.98061054663885,0.0,0.0
56,1,10,43.934720253315476,0.0,0.0007524933334051983
56,2,1,117.16695325282708,0.0,0.0
56,2,2,81.42554817297746,0.0,0.0
56,2,3,109.22874057286437,0.0,0.0
56,2,4,96.32342237291269,0.0,0.0
56,2,5,91.34380087960442,0.0,0.0
56,2,6,103.26960934621646,0.0,0.0
56,2,7,104.26014951954686,0.0,0.0
56,2,8,109.22874057286437,0.0,0.0
56,2,9,96.32342237291269,0.0,0.0
56,2,10,86.38416947962473,0.0,0.0
57,1,1,61.31805064006492,0.0,0.0004999866667536766
57,1,2,42.611270306713365,0.0,0.0
57,1,3,57.155280600060436,0.0,0.0
57,1,4,50.3943151733927,0.0,0.0
57,1,5,47.805130173388314,0.0,0.00024750666665577484
57,1,6,54.041085360057934,0.0,0.0
57,1,7,54.55760554672767,0.0,0.0009999733334974067
57,1,8,57.155280600060436,0.0,0.0
57,1,9,50.3943151733927,0.0,0.0
57,1,10,45.199940346717575,0.0,0.0002475066666571821
57,2,1,118.69419470615146,0.0,0.0
57,2,2,82.48481247964408,0.0,0.0
57,2,3,110.64540225284813,0.0,0.0
57,2,4,97.56839749291309,0.0,0.0
57,2,5,92.53922097293236,0.0,0.0
57,2,6,104.60917002621282,0.0,0.0
57,2,7,105.62171542620612,0.0,0.0
57,2,8,110.64540225284813,0.0,0.0
57,2,9,97.56839749291309,0.0,0.0
57,2,10,87.50749934628566,0.0,0.0
58,1,1,63.91403251998375,0.0,0.0004999866667643349
58,1,2,44.411852053315066,0.0,0.0004999866667508353
58,1,3,59.585662346649485,0.0,0.0007524933334115786
58,1,4,52.53556734664777,0.0,0.0005050133333144113
58,1,5,49.83032737331204,0.0,0.0
58,1,6,56.33136227998174,0.0,0.0
58,1,7,56.871907226653306,0.0,0.0004999866667600714
58,1,8,59.585662346649485,0.0,0.0007524933334115786
58,1,9,52.53556734664777,0.0,0.0005050133333144113
58,1,10,47.11559702665078,0.0,0.0007524933334144498
58,2,1,120.81391213340854,0.0,0.0
58,2,2,83.95513804005353,0.0,0.0
58,2,3,112.63525728006836,0.0,0.0
58,2,4,99.31694753339652,0.0,0.0
58,2,5,94.19884258672882,0.0,0.0
58,2,6,106.4815975067323,0.0,0.0
58,2,7,107.51714237340069,0.0,0.0
58,2,8,112.63525728006836,0.0,0.0
58,2,9,99.31694753339652,0.0,0.0
58,2,10,89.07475786672245,0.0,0.0
59,1,1,67.49325726674962,0.0,0.0
59,1,2,46.90263124006068,0.0,0.0007524933334037701
59,1,3,62.92706172008067,0.0,0.0005000133333129806
59,1,4,55.48444660007172,0.0,0.0007475199999708519
59,1,5,52.62350140006897,0.0,0.0004999866667529659
59,1,6,59.48557708007034,0.0,0.0
59,1,7,60.067141840074754,0.0,0.0002525066666572057
59,1,8,62.92706172008067,0.0,0.0005000133333129806
59,1,9,55.48444660007172,0.0,0.0007475199999708519
59,1,10,49.76308650672977,0.0,0.00024750666665858883
59,2,1,121.04879264138474,0.0,0.0
59,2,2,84.11793830762628,0.0,0.0
59,2,3,112.84658702795925,0.0,0.0
59,2,4,99.50130989446777,0.0,0.0
59,2,5,94.36918280107626,0.0,0.0
59,2,6,106.6849706545529,0.0,0.0
59,2,7,107.7129549612341,0.0,0.0
59,2,8,112.84658702795925,0.0,0.0
59,2,9,99.50130989446777,0.0,0.0
59,2,10,89.2380654010215,0.0,0.0
60,1,1,73.37662217336023,0.0,0.0002525066666543351
60,1,2,50.993263026684964,0.0,0.0007474933334094449
60,1,3,68.4048875466888,0.0,0.0002475066666571821
60,1,4,60.32311758668827,0.0,0.0007474933334087484
60,1,5,57.20567798668492,0.0,0.0
60,1,6,64.67079244002504,0.0,0.0004999866667678878
60,1,7,65.29438237335914,0.0,0.0005000133333143875
60,1,8,68.4048875466888,0.0,0.0002475066666571821
60,1,9,60.32311758668827,0.0,0.0007474933334087484
60,1,10,54.09518289335466,0.0,0.0004999866667572294
60,2,1,120.22925782642123,0.0,0.0
60,2,2,83.54936606649909,0.0,0.0
60,2,3,112.07813027977113,0.0,0.0
60,2,4,98.84070077313534,0.0,0.0
60,2,5,93.73941914648107,0.0,0.0
60,2,6,105.96387827978441,0.0,0.0
60,2,7,106.98285375977986,0.0,0.0
60,2,8,112.07813027977113,0.0,0.0
60,2,9,98.84070077313534,0.0,0.0
60,2,10,88.64464266648902,0.0,0.0
61,1,1,78.84493441332025,0.0,0.0007474933334030709
61,1,2,54.78974818665532,0.0,0.0
61,1,3,73.49909919998674,0.0,0.0014999600002574781
61,1,4,64.80128882665213,0.0,0.0004999866667501242
61,1,5,61.46630349332366,0.0,0.0005050133333101053
61,1,6,69.48200385332315,0.0,0.0
61,1,7,70.14809423998403,0.0,0.0007525199999730282
61,1,8,73.49909919998674,0.0,0.0014999600002546364
61,1,9,64.80128882665213,0.0,0.0004999866667501242
61,1,10,58.12230815999364,0.0,0.0002525066666557703
61,2,1,122.20172317310416,0.0,0.0
61,2,2,84.91501421317415,0.0,0.0
61,2,3,113.91070222645467,0.0,0.0
61,2,4,100.45493094647708,0.0,0.0
61,2,5,95.27261550648495,0.0,0.0
61,2,6,107.70336655979817,0.0,0.0
61,2,7,108.73441645313498,0.0,0.0
61,2,8,113.91070222645467,0.0,0.0
61,2,9,100.45493094647708,0.0,0.0
61,2,10,90.09632466649921,0.0,0.0
62,1,1,86.57768280005813,0.0,0.0004999866667472822
62,1,2,60.159721960040706,0.0,0.0009999733335027347
62,1,3,80.70586250672254,0.0,0.0002525066666557703
62,1,4,71.17172733337806,0.0,0.0
62,1,5,67.50937706671358,0.0,0.0007475199999673483
62,1,6,76.30388757338363,0.0,0.000252506666658641
62,1,7,77.04301233338296,0.0,0.000995000000071578
62,1,8,80.70586250672254,0.0,0.0002525066666557703
62,1,9,71.17172733337806,0.0,0.0
62,1,10,63.83151221337421,0.0,0.0005000133333101097
62,2,1,124.3080380403857,0.0,0.0
62,2,2,86.37615174693492,0.0,0.0
62,2,3,115.86723409368973,0.0,0.0
62,2,4,102.1757201336533,0.0,0.0
62,2,5,96.911555533638,0.0,0.0
62,2,6,109.55400434700961,0.0,0.0
62,2,7,110.60252968033952,0.0,0.0
62,2,8,115.86723409368973,0.0,0.0
62,2,9,102.1757201336533,0.0,0.0
62,2,10,91.63982638694972,0.0,0.0
63,1,1,96.97631178662242,0.0,0.0004999866667629137
63,1,2,67.39481490663425,0.0,0.000999973333508064
63,1,3,90.39637638662684,0.0,0.00024750666665577484
63,1,4,79.72202537330062,0.0,0.0002525066666557703
63,1,5,75.61011030663498,0.0,0.0002475066666571821
63,1,6,85.47876082662941,0.0,0.00024750666665858883
63,1,7,86.29299606662491,0.0,0.0
63,1,8,90.39637638662684,0.0,0.00024750666665577484
63,1,9,79.72202537330062,0.0,0.0002525066666557703
63,1,10,71.50672502663275,0.0,0.0005000133333087031
63,2,1,125.65415274709338,0.0,-7.105237880750788e-15
63,2,2,87.31656696029457,0.0,0.0
63,2,3,117.12731233373509,0.0,0.0
63,2,4,103.29524220035051,0.0,0.0
63,2,5,97.96399694700325,0.0,0.0
63,2,6,110.7425425603749,0.0,0.0
63,2,7,111.80610244038056,0.0,0.0
63,2,8,117.12731233373509,0.0,0.0
63,2,9,103.29524220035051,0.0,0.0
63,2,10,92.63931198698161,0.0,0.0
64,1,1,108.50756180003577,0.0,0.0005050133333158466
64,1,2,75.4053526000288,0.0,0.0
64,1,3,101.14990682670118,0.0,0.0
64,1,4,89.20083761335772,0.0,0.00024750666665577484
64,1,5,84.59881738669623,0.0,0.0004999866667543874
64,1,6,95.63574714669701,0.0,0.0004999866667572294
64,1,7,96.55744714669663,0.0,0.0
64,1,8,101.14990682670118,0.0,0.0
64,1,9,89.20083761335772,0.0,0.00024750666665577484
64,1,10,80.00632741336088,0.0,0.0012474800001531963
64,2,1,128.33747597346024,0.0,0.0
64,2,2,89.17662873342296,0.0,0.0
64,2,3,119.62762676011754,0.0,0.0
64,2,4,105.4953328534338,0.0,0.0
64,2,5,100.05492340009182,0.0,0.0
64,2,6,113.11173222677677,0.0,0.0
64,2,7,114.19469698678071,0.0,0.0
64,2,8,119.62762676011754,0.0,0.0
64,2,9,105.4953328534338,0.0,0.0
64,2,10,94.61099846675997,0.0,0.0
65,1,1,119.88935198667615,0.0,0.0007475199999744116
65,1,2,83.31087648000545,0.0,0.0007524933334073149
65,1,3,111.75733239999722,0.0,0.0009999733335144592
65,1,4,98.55482168000685,0.0,0.0
65,1,5,93.47181185333208,0.0,0.0004999866667515451
65,1,6,105.65914194667094,0.0,0.0
65,1,7,106.68084197333681,0.0,0.0004999866667515454
65,1,8,111.75733239999722,0.0,0.0009999733335144592
65,1,9,98.55482168000685,0.0,0.0
65,1,10,88.38685170666754,0.0,0.0
65,2,1,129.71304749302308,0.0,0.0
65,2,2,90.13619322646068,0.0,0.0
65,2,3,120.92567133305029,0.0,0.0
65,2,4,106.62446989308498,0.0,0.0
65,2,5,101.13323441309643,0.0,0.0
65,2,6,114.32684579973242,0.0,0.0
65,2,7,115.41789591972957,0.0,0.0
65,2,8,120.92567133305029,0.0,0.0
65,2,9,106.62446989308498,0.0,0.0
65,2,10,95.6399839464411,0.0,0.0
66,1,1,130.94789749339924,0.0,0.0005000133333201005
66,1,2,90.99382972004761,0.0,0.00024750666665577484
66,1,3,122.0705577333976,0.0,0.0002525066666572057
66,1,4,107.65131864005534,0.0,0.0002525066666557703
66,1,5,102.0890490533857,0.0,0.0
66,1,6,115.4060636667211,0.0,0.0012524800001602959
66,1,7,116.52671828005751,0.0,0.0007524933334058796
66,1,8,122.0705577333976,0.0,0.0002525066666572057
66,1,9,107.65131864005534,0.0,0.0002525066666557703
66,1,10,96.54620958671224,0.0,0.0
66,2,1,130.68024460077189,0.0,0.0
66,2,2,90.81113292052729,0.0,0.0
66,2,3,121.82286160071767,0.0,0.0
66,2,4,107.41979434729681,0.0,0.0
66,2,5,101.88758034726627,0.0,0.0
66,2,6,115.17209282734686,0.0,0.0
66,2,7,116.28867750735323,0.0,0.0
66,2,8,121.82286160071767,0.0,0.0
66,2,9,107.41979434729681,0.0,0.0
66,2,10,96.3558763872344,0.0,0.0
67,1,1,139.76779884011907,0.0,0.00024750666666140266
67,1,2,97.12537413341781,0.0,0.001005000000078036
67,1,3,130.28757378677892,0.0,0.0007525199999758996
67,1,4,114.89665421342698,0.0,0.0012474800001588651
67,1,5,108.97586396009325,0.0,0.0
67,1,6,123.19367834678005,0.0,0.0002475066666571821
67,1,7,124.36682877344286,0.0,0.0002475066666543679
67,1,8,130.28757378677892,0.0,0.0007525199999758996
67,1,9,114.89665421342698,0.0,0.0012474800001588651
67,1,10,103.05360384009168,0.0,0.0
67,2,1,134.2880453462009,0.0,0.0
67,2,2,93.32274646634207,0.0,0.0
67,2,3,125.18705746623142,0.0,0.0
67,2,4,110.38471238628104,0.0,0.0
67,2,5,104.6998803729695,0.0,0.0
67,2,6,118.36866991958861,0.0,0.0
67,2,7,119.49517551958343,0.0,0.0
67,2,8,125.18705746623142,0.0,0.0
67,2,9,110.38471238628104,0.0,0.0
67,2,10,99.01604833299157,0.0,0.0
68,1,1,148.1163571466205,0.0,0.0
68,1,2,102.92712159996681,0.0,0.0004950133333143642
68,1,3,138.0574021732878,0.0,0.0010000266666286897
68,1,4,121.74835659996518,0.0,0.0
68,1,5,115.47530685329447,0.0,0.0002525066666557703
68,1,6,130.53617735995118,0.0,0.0009999733334974067
68,1,7,131.79180709328867,0.0,0.0009999733334888797
68,1,8,138.0574021732878,0.0,0.0010000266666286897
68,1,9,121.74835659996518,0.0,0.0
68,1,10,109.19219658663343,0.0,0.0004999866667558082
68,2,1,139.90238125344123,0.0,0.0
68,2,2,97.22473989340908,0.0,0.0
68,2,3,130.42499286677375,0.0,0.0
68,2,4,115.00242124008984,0.0,0.0
68,2,5,109.07618762674949,0.0,0.0
68,2,6,123.3137096534272,0.0,0.0
68,2,7,124.4852693067631,0.0,0.0
68,2,8,130.42499286677375,0.0,0.0
68,2,9,115.00242124008984,0.0,0.0
68,2,10,103.1489539600772,0.0,0.0
69,1,1,155.2937976266895,0.0,0.0
69,1,2,107.91628828001699,0.0,0.0007524933334101865
69,1,3,144.76086274668916,0.0,0.0004950133333101426
69,1,4,127.65670289335338,0.0,0.0004999866667487033
69,1,5,121.07656796002182,0.0,0.00024750666665577484
69,1,6,136.86657789335206,0.0,0.0004999866667572294
69,1,7,138.18871285335248,0.0,0.0
69,1,8,144.76086274668916,0.0,0.0004950133333101426
69,1,9,127.65670289335338,0.0,0.0004999866667487033
69,1,10,114.49644836001394,0.0,0.0
69,2,1,142.70282781345273,0.0,0.0
69,2,2,99.16112304008357,0.0,0.0
69,2,3,133.0267043334391,0.0,0.0
69,2,4,117.30625612009244,0.0,0.0
69,2,5,111.26190154676001,0.0,0.0
69,2,6,125.77327008009935,0.0,0.0
69,2,7,126.98089474677107,0.0,0.0
69,2,8,133.0267043334391,0.0,0.0
69,2,9,117.30625612009244,0.0,0.0
69,2,10,105.22051734675223,0.0,0.0
70,1,1,162.50968326659057,0.0,0.0004999866667444399
70,1,2,112.93682902660981,0.0,0.00024750666665858883
70,1,3,151.49983349326286,0.0,0.0004999866667487031
70,1,4,133.59191895993112,0.0,0.0002525066666557703
70,1,5,126.70137887993938,0.0,0.0
70,1,6,143.2276832532703,0.0,0.0
70,1,7,144.6173034932653,0.0,0.0005050133333129761
70,1,8,151.49983349326286,0.0,0.0004999866667487031
70,1,9,133.59191895993112,0.0,0.0002525066666557703
70,1,10,119.81832867994393,0.0,0.0
70,2,1,146.51235071954042,0.0,0.0
70,2,2,101.81227937301408,0.0,0.0
70,2,3,136.57843373291567,0.0,0.0
70,2,4,120.44313679962296,0.0,0.0
70,2,5,114.23434602631056,0.0,0.0
70,2,6,129.1285627729354,0.0,0.0
70,2,7,130.3675932929286,0.0,0.0
70,2,8,136.57843373291567,0.0,0.0
70,2,9,120.44313679962296,0.0,0.0
70,2,10,108.02558015966417,0.0,0.0
71,1,1,167.241703173367,0.0,0.0
71,1,2,116.23164998669286,0.0,0.0
71,1,3,155.90969856003267,0.0,0.0
71,1,4,137.48151933336203,0.0,0.00024750666665577484
71,1,5,130.39574460002933,0.0,0.0004999866667547426
71,1,6,147.4079292800247,0.0,0.0
71,1,7,148.822438773367,0.0,0.0004950133333129571
71,1,8,155.90969856003267,0.0,0.0
71,1,9,137.48151933336203,0.0,0.00024750666665577484
71,1,10,123.31047030668498,0.0,0.0004999866667572294
71,2,1,148.32695382604334,0.0,0.0
71,2,2,103.0774549062346,0.0,0.0
71,2,3,138.2649321727517,0.0,0.0
71,2,4,121.925478692822,0.0,0.0
71,2,5,115.64196759951464,0.0,0.0
71,2,6,130.72395075944644,0.0,0.0
71,2,7,131.98845069277766,0.0,0.0
71,2,8,138.2649321727517,0.0,0.0
71,2,9,121.925478692822,0.0,0.0
71,2,10,109.36593625287428,0.0,0.0
72,1,1,169.28246535998255,0.0,0.0
72,1,2,117.637220399987,0.0,0.0004999866667572294
72,1,3,157.80932537331566,0.0,0.0
72,1,4,139.15550499999043,0.0,0.0005050133333029289
72,1,5,131.98389030665427,0.0,0.0004999866667501241
72,1,6,149.20367013332248,0.0,0.0
72,1,7,150.63769050664766,0.0,0.0010050000000545874
72,1,8,157.80932537331566,0.0,0.0
72,1,9,139.15550499999043,0.0,0.0005050133333029289
72,1,10,124.81681987999356,0.0,0.0002525066666557703
72,2,1,148.4685588408313,0.0,0.0
72,2,2,103.17245114724194,0.0,0.0
72,2,3,138.40343270744245,0.0,0.0
72,2,4,122.04371374735435,0.0,0.0
72,2,5,115.7661262273153,0.0,0.0
72,2,6,130.85232024073719,0.0,0.0
72,2,7,132.10933988074314,0.0,0.0
72,2,8,138.40343270744245,0.0,0.0
72,2,9,122.04371374735435,0.0,0.0
72,2,10,109.46550862727834,0.0,0.0
73,1,1,170.2021793066634,0.0,0.0014999600002468198
73,1,2,118.27531445333426,0.0,0.0
73,1,3,158.6620842799995,0.0,0.0
73,1,4,139.90648981332598,0.0,0.0004950133333031082
73,1,5,132.69794426666923,0.0,0.0
73,1,6,150.01251922666717,0.0,0.000505013333317282
73,1,7,151.46157412000093,0.0,0.0007475199999701343
73,1,8,158.6620842799995,0.0,0.0
73,1,9,139.90648981332598,0.0,0.0004950133333031082
73,1,10,125.49136959999741,0.0,0.00024750666665577484
73,2,1,146.90988695922312,0.0,0.0
73,2,2,102.09315151945894,0.0,0.0
73,2,3,136.95252227927742,0.0,0.0
73,2,4,120.76529010602654,0.0,0.0
73,2,5,114.54439714606133,0.0,0.0
73,2,6,129.4801941459799,0.0,0.0
73,2,7,130.72364971930597,0.0,0.0
73,2,8,136.95252227927742,0.0,0.0
73,2,9,120.76529010602654,0.0,0.0
73,2,10,108.31455438609146,0.0,0.0
74,1,1,170.86383933332166,0.0,0.000252506666652182
74,1,2,118.74041447999214,0.0,0.0002525066666557703
74,1,3,159.27424434665747,0.0,0.0004999866667359137
74,1,4,140.46008919999377,0.0,0.00025250666665289966
74,1,5,133.21301958665805,0.0,0.0004999866667440845
74,1,6,150.59317461331955,0.0,0.0004950133333171777
74,1,7,152.03366447999204,0.0,0.00024750666665577484
74,1,8,159.27424434665747,0.0,0.0004999866667359137
74,1,9,140.46008919999377,0.0,0.00025250666665289966
74,1,10,125.97097450666082,0.0,0.0004999866667487033
74,2,1,148.59901560034118,0.0,0.0
74,2,2,103.2593242269014,0.0,0.0
74,2,3,138.52109881364748,0.0,0.0
74,2,4,122.14769357360993,0.0,0.0
74,2,5,115.85175060026141,0.0,0.0
74,2,6,130.9601259203015,0.0,0.0
74,2,7,132.2246456669673,0.0,0.0
74,2,8,138.52109881364748,0.0,0.0
74,2,9,122.14769357360993,0.0,0.0
74,2,10,109.55580756024666,0.0,0.0
75,1,1,170.94893501333803,0.0,0.0012474800001564144
75,1,2,118.79960029332997,0.0,0.00024750666665577484
75,1,3,159.3609453199968,0.0,0.0
75,1,4,140.53203505333474,0.0,0.0012474800001617359
75,1,5,133.28354522666552,0.0,0.0004999866667487033
75,1,6,150.66448498667035,0.0,0.0
75,1,7,152.11498005333624,0.0,0.00025250666666151164
75,1,8,159.3609453199968,0.0,0.0
75,1,9,140.53203505333474,0.0,0.0012474800001617359
75,1,10,126.03807997333806,0.0,0.0007524933334073149
75,2,1,146.06026862668583,0.0,0.0
75,2,2,101.50070430668174,0.0,0.0
75,2,3,136.15223760001965,0.0,0.0
75,2,4,120.06974118667927,0.0,0.0
75,2,5,113.87818533334998,0.0,0.0
75,2,6,128.73673693334914,0.0,0.0
75,2,7,129.97322709334935,0.0,0.0
75,2,8,136.15223760001965,0.0,0.0
75,2,9,120.06974118667927,0.0,0.0
75,2,10,107.68666480001716,0.0,0.0
76,1,1,170.6275888133451,0.0,0.0004999866667515451
76,1,2,118.57389401334378,0.0,0.000752493333408737
76,1,3,159.06868358667808,0.0,0.0009999733334888797
76,1,4,140.26827405334205,0.0,0.0
76,1,5,133.0423138800092,0.0,0.0
76,1,6,150.39274885334373,0.0,0.0004999866667444399
76,1,7,151.82672398667734,0.0,0.0007474933334129475
76,1,8,159.06868358667808,0.0,0.0009999733334888797
76,1,9,140.26827405334205,0.0,0.0
76,1,10,125.79932906667716,0.0,0.00024750666665577484
76,2,1,145.79553716065828,0.0,0.0
76,2,2,101.32442712045588,0.0,0.0
76,2,3,135.9147591472826,0.0,0.0
76,2,4,119.85206302720526,0.0,0.0
76,2,5,113.66819453384119,0.0,0.0
76,2,6,128.50040118724394,0.0,0.0
76,2,7,129.73939065392017,0.0,0.0
76,2,8,135.9147591472826,0.0,0.0
76,2,9,119.85206302720526,0.0,0.0
76,2,10,107.49835076048336,0.0,0.0
77,1,1,170.14077631995957,0.0,0.0004999866667437297
77,1,2,118.23863093330448,0.0,0.00024750666665577484
77,1,3,158.6118812799615,0.0,0.0
77,1,4,139.8695061866332,0.0,0.0
77,1,5,132.65755609330122,0.0,0.0
77,1,6,149.9639263732962,0.0,0.0005050133333158466
77,1,7,151.4049011199645,0.0,0.0
77,1,8,158.6118812799615,0.0,0.0
77,1,9,139.8695061866332,0.0,0.0
77,1,10,125.44160109330235,0.0,0.000252506666658641
77,2,1,145.7811912663032,0.0,0.0
77,2,2,101.30697742641313,0.0,0.0
77,2,3,135.90158169299124,0.0,0.0
77,2,4,119.84374179970123,0.0,0.0
77,2,5,113.65850697305082,0.0,0.0
77,2,6,128.4888764796829,0.0,0.0
77,2,7,129.72431157301168,0.0,0.0
77,2,8,135.90158169299124,0.0,0.0
77,2,9,119.84374179970123,0.0,0.0
77,2,10,107.48021711973584,0.0,0.0
78,1,1,169.70512054664752,0.0,0.0
78,1,2,117.93173015998929,0.0,0.0005050133333129761
78,1,3,158.20611049331484,0.0,0.0
78,1,4,139.50866037331994,0.0,0.001252480000158832
78,1,5,132.32268521332045,0.0,0.000252506666658641
78,1,6,149.57561538665158,0.0,0.0014949866668018076
78,1,7,151.01366550664943,0.0,0.0005050133333144113
78,1,8,158.20611049331484,0.0,0.0
78,1,9,139.50866037331994,0.0,0.001252480000158832
78,1,10,125.12221045331836,0.0,0.0005000133333143589
78,2,1,142.82554218622818,0.0,0.0
78,2,2,99.24833889302775,0.0,0.0
78,2,3,133.13849531959215,0.0,0.0
78,2,4,117.40794234630656,0.0,0.0
78,2,5,111.34939125299096,0.0,0.0
78,2,6,125.87996399961229,0.0,0.0
78,2,7,127.09144926627266,0.0,0.0
78,2,8,133.13849531959215,0.0,0.0
78,2,9,117.40794234630656,0.0,0.0
78,2,10,105.30738513300781,0.0,0.0
79,1,1,169.52419317335477,0.0,0.0009999733334888803
79,1,2,117.80828877334567,0.0,0.0004950133333129571
79,1,3,158.03571344001475,0.0,0.0009999733335087743
79,1,4,139.36726846668356,0.0,0.0002475066666529611
79,1,5,132.1672588533466,0.0,0.0007474933334101343
79,1,6,149.4167634133509,0.0,0.0
79,1,7,150.84971336001948,0.0,0.0004950133333143642
79,1,8,158.03571344001475,0.0,0.0009999733335094847
79,1,9,139.36726846668356,0.0,0.0002475066666529611
79,1,10,124.99177353334952,0.0,0.000747493333404478
79,2,1,144.69114111954286,0.0,0.0
79,2,2,100.54288398634506,0.0,0.0
79,2,3,134.88181198623573,0.0,0.0
79,2,4,118.93704287962129,0.0,0.0
79,2,5,112.80768843963695,0.0,0.0
79,2,6,127.52644234626027,0.0,0.0
79,2,7,128.74093725292437,0.0,0.0
79,2,8,134.88181198623573,0.0,0.0
79,2,9,118.93704287962129,0.0,0.0
79,2,10,106.67026369299407,0.0,0.0
80,1,1,169.24491525333593,0.0,0.0002525066666543351
80,1,2,117.60861058666269,0.0,0.000252506666658641
80,1,3,157.76948030666819,0.0,0.00025250666665935874
80,1,4,139.1265151733387,0.0,0.0
80,1,5,131.95007522667098,0.0,0.0
80,1,6,149.16947536000086,0.0,0.0004999866667501241
80,1,7,150.59396021333572,0.0,0.00025250666666294707
80,1,8,157.76948030666819,0.0,0.00025250666665648804
80,1,9,139.1265151733387,0.0,0.0
80,1,10,124.7835652933325,0.0,0.0
80,2,1,143.2566307059445,0.0,0.0
80,2,2,99.55356089283084,0.0,0.0
80,2,3,133.5407146393275,0.0,0.0
80,2,4,117.75839783940783,0.0,0.0
80,2,5,111.69895681277728,0.0,0.0
80,2,6,126.26278893269557,0.0,0.0
80,2,7,127.47778870602814,0.0,0.0
80,2,8,133.5407146393275,0.0,0.0
80,2,9,117.75839783940783,0.0,0.0
80,2,10,105.63103625280617,0.0,0.0
81,1,1,168.81347915999532,0.0,0.0002475066666543679
81,1,2,117.30438894667058,0.0,0.00024750666665858883
81,1,3,157.3690438400008,0.0,0.0002475066666592924
81,1,4,138.7677043599961,0.0,0.0009999733334917224
81,1,5,131.62328410666737,0.0,0.0009999733335119723
81,1,6,148.7766239733352,0.0,0.0
81,1,7,150.20963417332857,0.0,0.0002475066666628096
81,1,8,157.3690438400008,0.0,0.00024750666665647854
81,1,9,138.7677043599961,0.0,0.0009999733334917224
81,1,10,124.46386931999625,0.0,0.0
81,2,1,140.5869782136937,0.0,0.0
81,2,2,97.69885532024831,0.0,0.0
81,2,3,131.05033841367364,0.0,0.0
81,2,4,115.565634346966,0.0,0.0
81,2,5,109.61352493361233,0.0,0.0
81,2,6,123.906748546993,0.0,0.0
81,2,7,125.10127404032077,0.0,0.0
81,2,8,131.05033841367364,0.0,0.0
81,2,9,115.565634346966,0.0,0.0
81,2,10,103.65190509359996,0.0,0.0
82,1,1,168.13290090664097,0.0,0.0
82,1,2,116.83327573331196,0.0,0.0
82,1,3,156.72445602663757,0.0,0.0
82,1,4,138.21162065331205,0.0,0.0
82,1,5,131.08662577331106,0.0,0.0
82,1,6,148.18105603997304,0.0,0.0009999733334988277
82,1,7,149.6055256533101,0.0,0.000999973333495985
82,1,8,156.72445602663757,0.0,0.0
82,1,9,138.21162065331205,0.0,0.0
82,1,10,123.96017069331108,0.0,0.0
82,2,1,141.4365016926961,0.0,0.0
82,2,2,98.28640713288878,0.0,0.0
82,2,3,131.84432466607103,0.0,0.0
82,2,4,116.26582113281138,0.0,0.0
82,2,5,110.27099950617517,0.0,0.0
82,2,6,124.65905313277008,0.0,0.0
82,2,7,125.85851819943615,0.0,0.0
82,2,8,131.84432466607103,0.0,0.0
82,2,9,116.26582113281138,0.0,0.0
82,2,10,104.28220847952782,0.0,0.0
83,1,1,167.26903330670714,0.0,0.0002525066666543351
83,1,2,116.23314405335915,0.0,0.0007524933333973542
83,1,3,155.92520349336755,0.0,0.0002525066666572057
83,1,4,137.49688385336393,0.0,0.0004999866667529663
83,1,5,130.41199397336015,0.0,0.0007524933334144639
83,1,6,147.43128838670378,0.0,0.0
83,1,7,148.84078389336148,0.0,0.0
83,1,8,155.92520349336755,0.0,0.0002525066666572057
83,1,9,137.49688385336393,0.0,0.0004999866667529663
83,1,10,123.32657884002542,0.0,0.0004999866667515451
83,2,1,138.5121746946912,0.0,0.0
83,2,2,96.25949730761427,0.0,0.0
83,2,3,129.118354614603,0.0,0.0
83,2,4,113.86611804111658,0.0,0.0
83,2,5,107.98973136105619,0.0,0.0
83,2,6,122.0774584412003,0.0,0.0
83,2,7,123.25094817454212,0.0,0.0
83,2,8,129.118354614603,0.0,0.0
83,2,9,113.86611804111658,0.0,0.0
83,2,10,102.12839928100371,0.0,0.0
84,1,1,166.27392627995712,0.0,0.0007525199999694966
84,1,2,115.54770558664167,0.0,0.0002475066666543679
84,1,3,155.00312107996146,0.0,0.0002475066666571821
84,1,4,136.68738565330344,0.0,0.0
84,1,5,129.64348551997344,0.0,0.0002475066666599957
84,1,6,146.5417008266359,0.0,0.0004999866667515451
84,1,7,147.95918566663408,0.0,0.0009999733335059318
84,1,8,155.00312107996146,0.0,0.0002475066666571821
84,1,9,136.68738565330344,0.0,0.0
84,1,10,122.59161067997212,0.0,0.0
84,2,1,136.67830623945088,0.0,0.0
84,2,2,94.97041386628281,0.0,0.0
84,2,3,127.40213349282095,0.0,0.0
84,2,4,112.35225897287994,0.0,0.0
84,2,5,106.55448207957093,0.0,0.0
84,2,6,120.45493659951183,0.0,0.0
84,2,7,121.61636155951432,0.0,0.0
84,2,8,127.40213349282095,0.0,0.0
84,2,9,112.35225897287994,0.0,0.0
84,2,10,100.76565555959276,0.0,0.0
85,1,1,164.75267330668296,0.0,0.0009950000000602172
85,1,2,114.49820888000946,0.0,0.0009999733334945641
85,1,3,153.59089868001058,0.0,0.0002525066666543351
85,1,4,135.4327688800095,0.0,0.0004999866667430187
85,1,5,128.45441892000912,0.0,0.00025250666666007637
85,1,6,145.2040588933402,0.0,0.0005050133333115406
85,1,7,146.6040739600063,0.0,0.0
85,1,8,153.59089868001058,0.0,0.0002525066666543351
85,1,9,135.4327688800095,0.0,0.0004999866667430187
85,1,10,121.4760588533431,0.0,0.0007524933334130283
85,2,1,135.60268490663609,0.0,0.0
85,2,2,94.23909474664734,0.0,0.0
85,2,3,126.40881969330741,0.0,0.0
85,2,4,111.47441978664308,0.0,0.0
85,2,5,105.72248983997672,0.0,0.0
85,2,6,119.51685974664173,0.0,0.0
85,2,7,120.6668647999746,0.0,0.0
85,2,8,126.40881969330741,0.0,0.0
85,2,9,111.47441978664308,0.0,0.0
85,2,10,99.97905475997923,0.0,0.0
86,1,1,162.9796069333153,0.0,0.0
86,1,2,113.25610646665284,0.0,0.0002525066666557703
86,1,3,151.9313215199881,0.0,0.0002475066666543679
86,1,4,133.9732164533224,0.0,0.000252506666658641
86,1,5,127.0703513199903,0.0,0.0002475066666599957
86,1,6,143.64403157331853,0.0,0.0007475199999673194
86,1,7,145.02898658665384,0.0,0.0
86,1,8,151.9313215199881,0.0,0.0002475066666543679
86,1,9,133.9732164533224,0.0,0.000252506666658641
86,1,10,120.15947155998539,0.0,0.00024750666665858883
86,2,1,135.33569850659154,0.0,0.0
86,2,2,94.0519441866109,0.0,0.0
86,2,3,126.15772875992879,0.0,0.0
86,2,4,111.25884389326832,0.0,0.0
86,2,5,105.51988921326836,0.0,0.0
86,2,6,119.28928882659655,0.0,0.0
86,2,7,120.42073374659952,0.0,0.0
86,2,8,126.15772875992879,0.0,0.0
86,2,9,111.25884389326832,0.0,0.0
86,2,10,99.78239421327254,0.0,0.0
87,1,1,161.46221209338594,0.0,0.0
87,1,2,112.2115829733671,0.0,0.00024750666665577484
87,1,3,150.51687234671223,0.0,0.0002525066666543351
87,1,4,132.72866282670464,0.0,0.0005000133333143589
87,1,5,125.88381780004136,0.0,0.0004999866667515451
87,1,6,142.314027346712,0.0,0.000500013333307239
87,1,7,143.67396730671456,0.0,0.0
87,1,8,150.51687234671223,0.0,0.0002525066666543351
87,1,9,132.72866282670464,0.0,0.0005000133333143589
87,1,10,119.0474375467074,0.0,0.0004999866667515454
87,2,1,133.15962843991034,0.0,0.0
87,2,2,92.53920749326838,0.0,0.0
87,2,3,124.129113386581,0.0,0.0
87,2,4,109.46884798658924,0.0,0.0
87,2,5,103.82815239993448,0.0,0.0
87,2,6,117.37095822658353,0.0,0.0
87,2,7,118.49089811991597,0.0,0.0
87,2,8,124.129113386581,0.0,0.0
87,2,9,109.46884798658924,0.0,0.0
87,2,10,98.18844233326692,0.0,0.0
88,1,1,159.59324699996944,0.0,0.0014999600002347407
88,1,2,110.90167623998114,0.0,0.0004999866667600714
88,1,3,148.7765968533019,0.0,0.0002475066666543679
88,1,4,131.19712646664073,0.0,0.0007525199999730572
88,1,5,124.42727649331013,0.0,0.00025250666665289966
88,1,6,140.65532198663627,0.0,0.0002475066666515541
88,1,7,142.00579174663875,0.0,0.0
88,1,8,148.7765968533019,0.0,0.0002475066666543679
88,1,9,131.19712646664073,0.0,0.0007525199999730572
88,1,10,117.66401678663848,0.0,0.0
88,2,1,130.66542837276543,0.0,0.0
88,2,2,90.80389794627662,0.0,0.0
88,2,3,121.81113618613625,0.0,0.0
88,2,4,107.41095217286997,0.0,0.0
88,2,5,101.87458613289039,0.0,0.0
88,2,6,115.17379919950308,0.0,0.0
88,2,7,116.2692847194936,0.0,0.0
88,2,8,121.81113618613625,0.0,0.0
88,2,9,107.41095217286997,0.0,0.0
88,2,10,96.34173449291545,0.0,0.0
89,1,1,156.8429501733443,0.0,0.0
89,1,2,108.99128522667026,0.0,0.0009999733335059318
89,1,3,146.2168501866733,0.0,0.0004999866667572294
89,1,4,128.9265002000072,0.0,0.0004950133333171777
89,1,5,122.28578510667346,0.0,0.0007474933334045066
89,1,6,138.24115981334623,0.0,0.0
89,1,7,139.56109520000697,0.0,0.0005050133333201527
89,1,8,146.2168501866733,0.0,0.0004999866667572294
89,1,9,128.9265002000072,0.0,0.0004950133333171777
89,1,10,115.63803504000931,0.0,0.0004999866667600714
89,2,1,127.47910553452583,0.0,0.0
89,2,2,88.58371385416106,0.0,0.0
89,2,3,118.83500445445057,0.0,0.0
89,2,4,104.78460618764795,0.0,0.0
89,2,5,99.38680381426212,0.0,0.0
89,2,6,112.35321772105074,0.0,0.0
89,2,7,113.42620221439498,0.0,0.0
89,2,8,118.83500445445057,0.0,0.0
89,2,9,104.78460618764795,0.0,0.0
89,2,10,93.98102644087679,0.0,0.0
90,1,1,154.12799274670422,0.0,0.0002525066666543351
90,1,2,107.10106842669379,0.0,0.0
90,1,3,143.67932810669598,0.0,0.0002525066666557703
90,1,4,126.69088821336189,0.0,0.0004999866667614929
90,1,5,120.16111848002691,0.0,0.00025250666665146444
90,1,6,135.8315881733655,0.0,0.0
90,1,7,137.1485679866974,0.0,0.0004950133333199914
90,1,8,143.67932810669598,0.0,0.0002525066666557703
90,1,9,126.69088821336189,0.0,0.0004999866667614929
90,1,10,113.63179834669424,0.0,0.0
90,2,1,125.71901049284243,0.0,0.0
90,2,2,87.36246911966103,0.0,0.0
90,2,3,117.1984988795472,0.0,0.0
90,2,4,103.34091161293601,0.0,0.0
90,2,5,98.0202508796185,0.0,0.0
90,2,6,110.79895782623846,0.0,0.0
90,2,7,111.86789795956875,0.0,0.0
90,2,8,117.1984988795472,0.0,0.0
90,2,9,103.34091161293601,0.0,0.0
90,2,10,92.69209487964082,0.0,0.0
91,1,1,151.60745662667625,0.0,0.0002475066666543679
91,1,2,105.35833608000887,0.0,0.0012524800001488714
91,1,3,141.32477625334587,0.0,0.00024750666665577484
91,1,4,124.6222612400074,0.0,0.0
91,1,5,118.19994104001185,0.0,0.0005000133333101953
91,1,6,133.6119814533418,0.0,0.0002525066666543351
91,1,7,134.9044314400061,0.0,0.0004999866667462165
91,1,8,141.32477625334587,0.0,0.00024750666665577484
91,1,9,124.6222612400074,0.0,0.0
91,1,10,111.77966128000438,0.0,0.0
91,2,1,122.16195135979432,0.0,0.0
91,2,2,84.89216783985786,0.0,0.0
91,2,3,113.8747155864743,0.0,0.0
91,2,4,100.42567935983007,0.0,0.0
91,2,5,95.24834849317716,0.0,0.0
91,2,6,107.66192526648209,0.0,0.0
91,2,7,108.70437521314834,0.0,0.0
91,2,8,113.8747155864743,0.0,0.0
91,2,9,100.42567935983007,0.0,0.0
91,2,10,90.06753838651503,0.0,0.0
92,1,1,149.29321692008054,0.0,0.0002525066666543351
92,1,2,103.75464790671985,0.0,0.0007474933334052307
92,1,3,139.1700372134062,0.0,0.000252506666658641
92,1,4,122.71659270672909,0.0,0.0005050133333101053
92,1,5,116.39725293338883,0.0,0.0005000133333114884
92,1,6,131.580812386735,0.0,0.00024750666665577484
92,1,7,132.8482775467309,0.0,0.0
92,1,8,139.1700372134062,0.0,0.000252506666658641
92,1,9,122.71659270672909,0.0,0.0005050133333101053
92,1,10,110.07447756006137,0.0,0.0004999866667572294
92,2,1,120.9684138672965,0.0,0.0
92,2,2,84.06129010710015,0.0,0.0
92,2,3,112.76343164058316,0.0,0.0
92,2,4,99.44186557384893,0.0,0.0
92,2,5,94.3088120938205,0.0,0.0
92,2,6,106.61289816055682,0.0,0.0
92,2,7,107.64389277389448,0.0,0.0
92,2,8,112.76343164058316,0.0,0.0
92,2,9,99.44186557384893,0.0,0.0
92,2,10,89.1928034404634,0.0,0.0
93,1,1,146.5827553866798,0.0,0.0005000133333115738
93,1,2,101.8706852533406,0.0,0.0
93,1,3,136.6472203333464,0.0,0.00024750666665858883
93,1,4,120.50537985334961,0.0,0.0004950133333101426
93,1,5,114.29017013334398,0.0,0.0005000133333087313
93,1,6,129.20701533334307,0.0,0.0007524933334186844
93,1,7,130.44145512001387,0.0,0.0
93,1,8,136.6472203333464,0.0,0.00024750666665858883
93,1,9,120.50537985334961,0.0,0.0004950133333101426
93,1,10,108.07839044000566,0.0,0.0004999866667543872
93,2,1,116.83940833298162,0.0,0.0
93,2,2,81.19881938642493,0.0,0.0
93,2,3,108.92195622634122,0.0,0.0
93,2,4,96.04921318637892,0.0,0.0
93,2,5,91.09294198639219,0.0,0.0
93,2,6,102.97878962636308,0.0,0.0
93,2,7,103.96766029301936,0.0,0.0
93,2,8,108.92195622634122,0.0,0.0
93,2,9,96.04921318637892,0.0,0.0
93,2,10,86.14710571974199,0.0,0.0
94,1,1,144.09609789326157,0.0,0.0007474933334129901
94,1,2,100.1369220132832,0.0,0.0007524933334016025
94,1,3,134.33138273326767,0.0,0.0004999866667572294
94,1,4,118.45186757327193,0.0,0.0004999866667543872
94,1,5,112.34558710661629,0.0,0.00024750666665577484
94,1,6,127.00810234660685,0.0,0.0005000133333058041
94,1,7,128.22658271993393,0.0,0.0
94,1,8,134.33138273326767,0.0,0.0004999866667572294
94,1,9,118.45186757327193,0.0,0.0004999866667543872
94,1,10,106.24079214661523,0.0,0.0004999866667572294
94,2,1,114.26686438635225,0.0,0.0
94,2,2,79.40325307978097,0.0,0.0
94,2,3,106.5278739197075,0.0,0.0
94,2,4,93.9333334397426,0.0,0.0
94,2,5,89.09583334642097,0.0,0.0
94,2,6,100.70433411972056,0.0,0.0
94,2,7,101.67182393305366,0.0,0.0
94,2,8,106.5278739197075,0.0,0.0
94,2,9,93.9333334397426,0.0,0.0
94,2,10,84.25077334643001,0.0,0.0
95,1,1,141.72942237338108,0.0,0.0004999866667543874
95,1,2,98.48034341336577,0.0,0.0002475066666529611
95,1,3,132.12172249337988,0.0,0.0
95,1,4,116.50175286670742,0.0,0.0002525066666557703
95,1,5,110.49841816003787,0.0,0.0
95,1,6,124.90895792004017,0.0,0.0002475066666501473
95,1,7,126.11794772004363,0.0,0.0009999733335087743
95,1,8,132.12172249337988,0.0,0.0
95,1,9,116.50175286670742,0.0,0.0002525066666557703
95,1,10,104.4940879200397,0.0,0.0007524933334186844
95,2,1,113.12732138691217,0.0,0.0
95,2,2,78.60898962683406,0.0,0.0
95,2,3,105.45348618689233,0.0,0.0
95,2,4,92.9905254801985,0.0,0.0
95,2,5,88.203839933526,0.0,0.0
95,2,6,99.707295520218,0.0,0.0
95,2,7,100.66484046688713,0.0,0.0
95,2,8,105.45348618689233,0.0,0.0
95,2,9,92.9905254801985,0.0,0.0
95,2,10,83.40420488017834,0.0,0.0
96,1,1,139.48951382655628,0.0,0.0
96,1,2,96.93018081326167,0.0,0.0004999866667515454
96,1,3,130.03276331989508,0.0,0.0
96,1,4,114.6612071465793,0.0,0.00024750666665577484
96,1,5,108.75686170658324,0.0,0.0004999866667472824
96,1,6,122.93495265323718,0.0,0.0
96,1,7,124.11988754657379,0.0,0.0
96,1,8,130.03276331989508,0.0,0.0
96,1,9,114.6612071465793,0.0,0.00024750666665577484
96,1,10,102.84355161324923,0.0,0.00024750666665577484
96,2,1,114.4661448534644,0.0,0.0
96,2,2,79.5466529200903,0.0,0.0
96,2,3,106.70603033345907,0.0,0.0
96,2,4,94.09503152010905,0.0,0.0
96,2,5,89.24121738676445,0.0,0.0
96,2,6,100.8822559467865,0.0,0.0
96,2,7,101.85271617344809,0.0,0.0
96,2,8,106.70603033345907,0.0,0.0
96,2,9,94.09503152010905,0.0,0.0
96,2,10,84.40143733343265,0.0,0.0
