id,areas_fk,plant_id,timestep,b,discharge,spill,bypass,controlled_inflow,controlled_outflow
1,1,49900,1,0,170.38,0.0,0.0,-0.0,170.38
2,1,49900,1,1,0.0,0.0,0.0,65.38,0.0
3,1,49900,1,2,0.0,0.0,0.0,0.0,0.0
4,1,49900,1,3,0.0,0.0,0.0,105.0,0.0
5,1,49901,1,0,0.0,-0.0,0.0,0.0,-0.0
6,1,49901,1,1,0.0,0.0,0.0,0.0,0.0
7,1,49901,1,2,0.0,0.0,0.0,0.0,0.0
8,1,49901,1,3,0.0,0.0,0.0,0.0,0.0
9,1,49902,1,0,0.0,0.0,0.0,-0.0,0.0
10,1,49902,1,1,0.0,0.0,0.0,0.0,0.0
11,1,49902,1,2,0.0,0.0,0.0,0.0,0.0
12,1,49902,1,3,0.0,0.0,0.0,0.0,0.0
13,1,49903,1,0,0.0,-0.0,0.0,0.0,-0.0
14,1,49903,1,1,0.0,0.0,0.0,0.0,0.0
15,1,49903,1,2,0.0,0.0,0.0,0.0,0.0
16,1,49903,1,3,0.0,0.0,0.0,0.0,0.0
17,1,49904,1,0,0.0,0.0,0.0,0.0,0.0
18,1,49904,1,1,0.0,0.0,0.0,0.0,0.0
19,1,49904,1,2,0.0,0.0,0.0,0.0,0.0
20,1,49904,1,3,0.0,0.0,0.0,0.0,0.0
21,1,49905,1,0,0.0,0.0,0.0,1487.65,0.0
22,1,49905,1,1,0.0,0.0,0.0,0.0,0.0
23,1,49905,1,2,0.0,0.0,0.0,0.0,0.0
24,1,49905,1,3,0.0,0.0,0.0,0.0,0.0
25,1,49906,1,0,0.0,1487.65,0.0,0.0,1487.65
26,1,49906,1,1,65.38,0.0,0.0,0.0,65.38
27,1,49906,1,2,0.0,0.0,0.0,0.0,0.0
28,1,49906,1,3,105.0,0.0,0.0,-0.0,105.0
29,1,49907,1,0,0.0,-0.0,0.0,0.0,-0.0
30,1,49907,1,1,0.0,0.0,0.0,0.0,0.0
31,1,49907,1,2,0.0,0.0,0.0,0.0,0.0
32,1,49907,1,3,0.0,0.0,0.0,0.0,0.0
33,1,49908,1,0,0.0,0.0,0.0,0.0,0.0
34,1,49908,1,1,0.0,0.0,0.0,0.0,0.0
35,1,49908,1,2,0.0,0.0,0.0,0.0,0.0
36,1,49908,1,3,0.0,0.0,0.0,0.0,0.0
37,1,49911,1,0,0.0,0.0,0.0,0.0,0.0
38,1,49911,1,1,0.0,0.0,0.0,0.0,0.0
39,1,49911,1,2,0.0,0.0,0.0,0.0,0.0
40,1,49911,1,3,0.0,0.0,0.0,6.24,0.0
41,1,49912,1,0,0.0,0.0,0.0,0.0,0.0
42,1,49912,1,1,0.0,0.0,0.0,0.0,0.0
43,1,49912,1,2,0.0,0.0,0.0,0.0,0.0
44,1,49912,1,3,6.24,0.0,0.0,0.0,6.24
45,1,49913,1,0,0.0,0.0,0.0,0.0,0.0
46,1,49913,1,1,0.0,0.0,0.0,0.0,0.0
47,1,49913,1,2,0.0,0.0,0.0,0.0,0.0
48,1,49913,1,3,0.0,0.0,0.0,0.0,0.0
49,1,49914,1,0,0.0,0.0,0.0,0.0,0.0
50,1,49914,1,1,0.0,0.0,0.0,0.0,0.0
51,1,49914,1,2,0.0,0.0,0.0,0.0,0.0
52,1,49914,1,3,0.0,0.0,0.0,0.0,0.0
53,1,49915,1,0,0.0,0.0,0.0,0.0,0.0
54,1,49915,1,1,0.0,0.0,0.0,0.0,0.0
55,1,49915,1,2,0.0,0.0,0.0,0.0,0.0
56,1,49915,1,3,0.0,0.0,0.0,0.0,0.0
57,1,49920,1,0,0.0,0.0,0.0,0.0,0.0
58,1,49920,1,1,0.0,0.0,0.0,102.12,0.0
59,1,49920,1,2,0.0,0.0,0.0,0.0,0.0
60,1,49920,1,3,0.0,0.0,0.0,102.12,0.0
61,1,49921,1,0,0.0,0.0,0.0,0.0,0.0
62,1,49921,1,1,0.0,0.0,0.0,0.0,0.0
63,1,49921,1,2,0.0,0.0,0.0,0.0,0.0
64,1,49921,1,3,0.0,0.0,0.0,0.0,0.0
65,1,49922,1,0,0.0,0.0,0.0,-0.0,0.0
66,1,49922,1,1,102.12,0.0,0.0,0.0,102.12
67,1,49922,1,2,0.0,0.0,0.0,0.0,0.0
68,1,49922,1,3,102.12,0.0,0.0,0.0,102.12
69,1,49923,1,0,0.0,0.0,-0.0,-0.0,-0.0
70,1,49923,1,1,0.0,0.0,0.0,0.0,0.0
71,1,49923,1,2,0.0,0.0,0.0,0.0,0.0
72,1,49923,1,3,0.0,0.0,0.0,0.0,0.0
73,1,49924,1,0,0.0,0.0,0.0,0.0,0.0
74,1,49924,1,1,0.0,0.0,0.0,0.0,0.0
75,1,49924,1,2,0.0,0.0,0.0,0.0,0.0
76,1,49924,1,3,0.0,0.0,0.0,0.0,0.0
77,1,49925,1,0,0.0,0.0,0.0,0.0,0.0
78,1,49925,1,1,0.0,0.0,0.0,0.0,0.0
79,1,49925,1,2,0.0,0.0,0.0,0.0,0.0
80,1,49925,1,3,0.0,0.0,0.0,0.0,0.0
81,1,49927,1,0,0.0,0.0,0.0,0.0,0.0
82,1,49927,1,1,0.0,0.0,0.0,0.0,0.0
83,1,49927,1,2,0.0,0.0,0.0,0.0,0.0
84,1,49927,1,3,0.0,0.0,0.0,0.0,0.0
85,1,49928,1,0,0.0,0.0,0.0,0.0,0.0
86,1,49928,1,1,0.0,0.0,0.0,0.0,0.0
87,1,49928,1,2,0.0,0.0,0.0,0.0,0.0
88,1,49928,1,3,0.0,0.0,0.0,0.0,0.0
89,1,49929,1,0,0.0,0.0,0.0,0.0,0.0
90,1,49929,1,1,0.0,0.0,0.0,0.0,0.0
91,1,49929,1,2,0.0,0.0,0.0,0.0,0.0
92,1,49929,1,3,0.0,0.0,0.0,0.0,0.0
93,1,49930,1,0,0.0,0.0,0.0,0.0,0.0
94,1,49930,1,1,0.0,0.0,0.0,0.0,0.0
95,1,49930,1,2,0.0,0.0,0.0,0.0,0.0
96,1,49930,1,3,0.0,0.0,0.0,0.0,0.0
97,1,49931,1,0,-0.0,0.0,0.0,0.0,-0.0
98,1,49931,1,1,0.0,0.0,0.0,0.0,0.0
99,1,49931,1,2,0.0,0.0,0.0,0.0,0.0
100,1,49931,1,3,0.0,0.0,0.0,0.0,0.0
101,2,49900,2,0,519.61,0.0,0.0,82.77,519.61
102,2,49900,2,1,0.0,0.0,0.0,226.85,0.0
103,2,49900,2,2,0.0,0.0,0.0,105.0,0.0
104,2,49900,2,3,0.0,0.0,0.0,105.0,0.0
105,2,49901,2,0,0.0,0.0,0.0,0.0,0.0
106,2,49901,2,1,39.07,0.0,0.0,39.07,39.07
107,2,49901,2,2,0.0,0.0,0.0,0.0,0.0
108,2,49901,2,3,0.0,0.0,0.0,0.0,0.0
109,2,49902,2,0,0.0,0.0,0.0,0.0,0.0
110,2,49902,2,1,39.07,82.78,0.0,81.6,121.85
111,2,49902,2,2,0.0,0.0,0.0,0.0,0.0
112,2,49902,2,3,0.0,0.0,0.0,0.0,0.0
113,2,49903,2,0,0.0,0.0,0.0,0.0,0.0
114,2,49903,2,1,81.6,0.0,0.0,75.0,81.6
115,2,49903,2,2,0.0,0.0,0.0,6.6,0.0
116,2,49903,2,3,0.0,0.0,0.0,0.0,0.0
117,2,49904,2,0,0.0,0.0,0.0,0.0,0.0
118,2,49904,2,1,0.0,0.0,0.0,0.0,0.0
119,2,49904,2,2,0.0,0.0,0.0,0.0,0.0
120,2,49904,2,3,0.0,0.0,0.0,0.0,0.0
121,2,49905,2,0,0.0,0.0,0.0,0.0,0.0
122,2,49905,2,1,75.0,0.0,0.0,0.0,75.0
123,2,49905,2,2,6.6,0.0,0.0,0.0,6.6
124,2,49905,2,3,0.0,0.0,0.0,0.0,0.0
125,2,49906,2,0,82.77,0.0,0.0,0.0,82.77
126,2,49906,2,1,105.0,0.0,0.0,93.25,105.0
127,2,49906,2,2,105.0,0.0,0.0,48.0,105.0
128,2,49906,2,3,105.0,0.0,0.0,-0.0,105.0
129,2,49907,2,0,0.0,0.0,0.0,0.0,0.0
130,2,49907,2,1,82.78,0.0,0.0,82.78,82.78
131,2,49907,2,2,0.0,0.0,0.0,0.0,0.0
132,2,49907,2,3,0.0,0.0,0.0,0.0,0.0
133,2,49908,2,0,0.0,0.0,0.0,0.0,0.0
134,2,49908,2,1,0.0,0.0,0.0,0.0,0.0
135,2,49908,2,2,0.0,0.0,0.0,0.0,0.0
136,2,49908,2,3,0.0,0.0,0.0,0.0,0.0
137,2,49911,2,0,0.0,0.0,0.0,0.0,0.0
138,2,49911,2,1,13.04,0.0,0.0,8.0,13.04
139,2,49911,2,2,13.04,0.0,0.0,8.0,13.04
140,2,49911,2,3,0.0,0.0,0.0,8.0,0.0
141,2,49912,2,0,0.0,0.0,0.0,0.0,0.0
142,2,49912,2,1,8.0,0.0,0.0,0.0,8.0
143,2,49912,2,2,8.0,0.0,0.0,0.0,8.0
144,2,49912,2,3,8.0,0.0,0.0,0.0,8.0
145,2,49913,2,0,0.0,0.0,0.0,0.0,0.0
146,2,49913,2,1,0.0,0.0,0.0,0.0,0.0
147,2,49913,2,2,0.0,0.0,0.0,0.0,0.0
148,2,49913,2,3,0.0,0.0,0.0,0.0,0.0
149,2,49914,2,0,0.0,0.0,0.0,0.0,0.0
150,2,49914,2,1,0.0,0.0,0.0,0.0,0.0
151,2,49914,2,2,0.0,0.0,0.0,0.0,0.0
152,2,49914,2,3,0.0,0.0,0.0,0.0,0.0
153,2,49915,2,0,0.0,0.0,0.0,0.0,0.0
154,2,49915,2,1,0.0,0.0,0.0,0.0,0.0
155,2,49915,2,2,0.0,0.0,0.0,0.0,0.0
156,2,49915,2,3,0.0,0.0,0.0,0.0,0.0
157,2,49920,2,0,0.0,0.0,0.0,102.12,0.0
158,2,49920,2,1,80.21,0.0,0.0,102.12,80.21
159,2,49920,2,2,34.96,0.0,0.0,102.12,34.96
160,2,49920,2,3,0.0,0.0,0.0,102.12,0.0
161,2,49921,2,0,0.0,0.0,0.0,0.0,0.0
162,2,49921,2,1,0.0,0.0,0.0,0.0,0.0
163,2,49921,2,2,0.0,0.0,0.0,0.0,0.0
164,2,49921,2,3,0.0,0.0,0.0,0.0,0.0
165,2,49922,2,0,102.12,0.0,0.0,20.02,102.12
166,2,49922,2,1,102.12,0.0,0.0,78.38,102.12
167,2,49922,2,2,102.12,0.0,0.0,78.38,102.12
168,2,49922,2,3,102.12,0.0,0.0,15.32,102.12
169,2,49923,2,0,20.02,0.0,0.0,-0.0,20.02
170,2,49923,2,1,20.02,0.0,0.0,40.04,20.02
171,2,49923,2,2,20.02,0.0,0.0,20.02,20.02
172,2,49923,2,3,0.0,0.0,0.0,0.0,0.0
173,2,49924,2,0,0.0,0.0,0.0,0.0,0.0
174,2,49924,2,1,58.36,0.0,0.0,93.37,58.36
175,2,49924,2,2,58.36,0.0,0.0,93.37,58.36
176,2,49924,2,3,15.32,0.0,0.0,0.0,15.32
177,2,49925,2,0,0.0,0.0,0.0,0.0,0.0
178,2,49925,2,1,93.37,0.0,0.0,30.06,93.37
179,2,49925,2,2,93.37,0.0,0.0,30.06,93.37
180,2,49925,2,3,0.0,0.0,0.0,0.0,0.0
181,2,49927,2,0,0.0,0.0,0.0,0.0,0.0
182,2,49927,2,1,30.06,0.0,0.0,0.0,30.06
183,2,49927,2,2,30.06,0.0,0.0,0.0,30.06
184,2,49927,2,3,0.0,0.0,0.0,0.0,0.0
185,2,49928,2,0,0.0,0.0,0.0,0.0,0.0
186,2,49928,2,1,10.06,0.0,0.0,0.0,10.06
187,2,49928,2,2,10.06,0.0,0.0,0.0,10.06
188,2,49928,2,3,0.0,0.0,0.0,20.12,0.0
189,2,49929,2,0,0.0,0.0,0.0,0.0,0.0
190,2,49929,2,1,0.0,0.0,0.0,0.0,0.0
191,2,49929,2,2,0.0,39.94,0.0,0.0,39.94
192,2,49929,2,3,0.0,0.0,0.0,0.0,0.0
193,2,49930,2,0,0.0,0.0,0.0,0.0,0.0
194,2,49930,2,1,0.0,0.0,0.0,0.0,0.0
195,2,49930,2,2,0.0,0.0,0.0,0.0,0.0
196,2,49930,2,3,0.0,0.0,20.12,0.0,20.12
197,2,49931,2,0,-0.0,0.0,0.0,0.0,-0.0
198,2,49931,2,1,29.98,0.0,0.0,0.0,29.98
199,2,49931,2,2,9.96,0.0,0.0,39.94,9.96
200,2,49931,2,3,0.0,0.0,0.0,0.0,0.0
201,3,49900,3,0,0.0,0.0,105.0,0.0,105.0
202,3,49900,3,1,0.0,0.0,0.0,0.0,0.0
203,3,49900,3,2,0.0,0.0,0.0,0.0,0.0
204,3,49900,3,3,0.0,0.0,0.0,105.0,0.0
205,3,49901,3,0,0.0,0.0,0.0,0.0,0.0
206,3,49901,3,1,0.0,0.0,0.0,0.0,0.0
207,3,49901,3,2,0.0,0.0,0.0,0.0,0.0
208,3,49901,3,3,0.0,0.0,0.0,0.0,0.0
209,3,49902,3,0,0.0,0.0,0.0,0.0,0.0
210,3,49902,3,1,0.0,0.0,0.0,0.0,0.0
211,3,49902,3,2,0.0,0.0,0.0,0.0,0.0
212,3,49902,3,3,0.0,0.0,0.0,0.0,0.0
213,3,49903,3,0,0.0,0.0,0.0,0.0,0.0
214,3,49903,3,1,0.0,0.0,0.0,0.0,0.0
215,3,49903,3,2,0.0,0.0,0.0,0.0,0.0
216,3,49903,3,3,0.0,0.0,0.0,0.0,0.0
217,3,49904,3,0,0.0,0.0,0.0,0.0,0.0
218,3,49904,3,1,0.0,0.0,0.0,0.0,0.0
219,3,49904,3,2,0.0,0.0,0.0,0.0,0.0
220,3,49904,3,3,0.0,0.0,0.0,0.0,0.0
221,3,49905,3,0,0.0,0.0,0.0,0.0,0.0
222,3,49905,3,1,0.0,0.0,0.0,0.0,0.0
223,3,49905,3,2,0.0,0.0,0.0,0.0,0.0
224,3,49905,3,3,0.0,0.0,0.0,0.0,0.0
225,3,49906,3,0,0.0,0.0,0.0,0.0,0.0
226,3,49906,3,1,0.0,0.0,0.0,0.0,0.0
227,3,49906,3,2,0.0,0.0,0.0,0.0,0.0
228,3,49906,3,3,105.0,0.0,0.0,0.0,105.0
229,3,49907,3,0,0.0,0.0,0.0,0.0,0.0
230,3,49907,3,1,0.0,0.0,0.0,0.0,0.0
231,3,49907,3,2,0.0,0.0,0.0,0.0,0.0
232,3,49907,3,3,0.0,0.0,0.0,0.0,0.0
233,3,49908,3,0,0.0,0.0,0.0,0.0,0.0
234,3,49908,3,1,0.0,0.0,0.0,0.0,0.0
235,3,49908,3,2,0.0,0.0,0.0,0.0,0.0
236,3,49908,3,3,0.0,0.0,0.0,0.0,0.0
237,3,49911,3,0,0.0,0.0,0.0,0.0,0.0
238,3,49911,3,1,0.0,0.0,0.0,0.0,0.0
239,3,49911,3,2,0.0,0.0,0.0,0.0,0.0
240,3,49911,3,3,0.0,0.0,0.0,8.0,0.0
241,3,49912,3,0,0.0,0.0,0.0,0.0,0.0
242,3,49912,3,1,0.0,0.0,0.0,0.0,0.0
243,3,49912,3,2,0.0,0.0,0.0,0.0,0.0
244,3,49912,3,3,8.0,0.0,0.0,0.0,8.0
245,3,49913,3,0,0.0,0.0,0.0,0.0,0.0
246,3,49913,3,1,0.0,0.0,0.0,0.0,0.0
247,3,49913,3,2,0.0,0.0,0.0,0.0,0.0
248,3,49913,3,3,0.0,0.0,0.0,0.0,0.0
249,3,49914,3,0,0.0,0.0,0.0,0.0,0.0
250,3,49914,3,1,0.0,0.0,0.0,0.0,0.0
251,3,49914,3,2,0.0,0.0,0.0,0.0,0.0
252,3,49914,3,3,0.0,0.0,0.0,0.0,0.0
253,3,49915,3,0,0.0,0.0,0.0,0.0,0.0
254,3,49915,3,1,0.0,0.0,0.0,0.0,0.0
255,3,49915,3,2,0.0,0.0,0.0,0.0,0.0
256,3,49915,3,3,0.0,0.0,0.0,0.0,0.0
257,3,49920,3,0,0.0,0.0,0.0,0.0,0.0
258,3,49920,3,1,0.0,0.0,0.0,0.0,0.0
259,3,49920,3,2,0.0,0.0,0.0,0.0,0.0
260,3,49920,3,3,0.0,0.0,0.0,102.12,0.0
261,3,49921,3,0,0.0,0.0,0.0,0.0,0.0
262,3,49921,3,1,0.0,0.0,0.0,0.0,0.0
263,3,49921,3,2,0.0,0.0,0.0,0.0,0.0
264,3,49921,3,3,0.0,0.0,0.0,0.0,0.0
265,3,49922,3,0,0.0,0.0,0.0,76.78,0.0
266,3,49922,3,1,0.0,0.0,0.0,0.0,0.0
267,3,49922,3,2,0.0,0.0,0.0,0.0,0.0
268,3,49922,3,3,102.12,0.0,0.0,21.0,102.12
269,3,49923,3,0,20.02,0.0,0.0,-0.0,20.02
270,3,49923,3,1,0.0,0.0,0.0,20.02,0.0
271,3,49923,3,2,0.0,0.0,0.0,0.0,0.0
272,3,49923,3,3,0.0,0.0,0.0,0.0,0.0
273,3,49924,3,0,56.76,0.0,0.0,0.0,56.76
274,3,49924,3,1,0.0,0.0,0.0,0.0,0.0
275,3,49924,3,2,0.0,0.0,0.0,0.0,0.0
276,3,49924,3,3,21.0,0.0,0.0,0.0,21.0
277,3,49925,3,0,0.0,0.0,0.0,0.0,0.0
278,3,49925,3,1,0.0,0.0,0.0,0.0,0.0
279,3,49925,3,2,0.0,0.0,0.0,0.0,0.0
280,3,49925,3,3,0.0,0.0,0.0,0.0,0.0
281,3,49927,3,0,0.0,0.0,0.0,0.0,0.0
282,3,49927,3,1,0.0,0.0,0.0,0.0,0.0
283,3,49927,3,2,0.0,0.0,0.0,0.0,0.0
284,3,49927,3,3,0.0,0.0,0.0,0.0,0.0
285,3,49928,3,0,0.0,0.0,0.0,0.0,0.0
286,3,49928,3,1,0.0,0.0,0.0,0.0,0.0
287,3,49928,3,2,0.0,0.0,0.0,0.0,0.0
288,3,49928,3,3,0.0,0.0,0.0,0.0,0.0
289,3,49929,3,0,0.0,0.0,0.0,0.0,0.0
290,3,49929,3,1,0.0,0.0,0.0,0.0,0.0
291,3,49929,3,2,0.0,20.02,0.0,0.0,20.02
292,3,49929,3,3,0.0,0.0,0.0,0.0,0.0
293,3,49930,3,0,0.0,0.0,0.0,0.0,0.0
294,3,49930,3,1,0.0,0.0,0.0,0.0,0.0
295,3,49930,3,2,0.0,0.0,0.0,0.0,0.0
296,3,49930,3,3,0.0,0.0,0.0,0.0,0.0
297,3,49931,3,0,0.0,-0.0,0.0,0.0,-0.0
298,3,49931,3,1,0.0,20.02,0.0,0.0,20.02
299,3,49931,3,2,0.0,0.0,0.0,20.02,0.0
300,3,49931,3,3,0.0,0.0,0.0,0.0,0.0
301,4,49900,4,0,0.0,0.0,378.22,0.0,378.22
302,4,49900,4,1,0.0,0.0,0.0,168.22,0.0
303,4,49900,4,2,0.0,0.0,0.0,105.0,0.0
304,4,49900,4,3,0.0,0.0,0.0,105.0,0.0
305,4,49901,4,0,0.0,0.0,0.0,0.0,0.0
306,4,49901,4,1,0.0,0.0,0.0,0.0,0.0
307,4,49901,4,2,0.0,0.0,0.0,0.0,0.0
308,4,49901,4,3,0.0,0.0,0.0,0.0,0.0
309,4,49902,4,0,0.0,0.0,0.0,0.0,0.0
310,4,49902,4,1,0.0,63.22,0.0,78.14,63.22
311,4,49902,4,2,0.0,0.0,0.0,0.0,0.0
312,4,49902,4,3,0.0,0.0,0.0,0.0,0.0
313,4,49903,4,0,0.0,0.0,0.0,0.0,0.0
314,4,49903,4,1,78.14,0.0,0.0,75.0,78.14
315,4,49903,4,2,0.0,0.0,0.0,0.0,0.0
316,4,49903,4,3,0.0,0.0,0.0,3.14,0.0
317,4,49904,4,0,0.0,0.0,0.0,0.0,0.0
318,4,49904,4,1,0.0,0.0,0.0,0.0,0.0
319,4,49904,4,2,0.0,0.0,0.0,0.0,0.0
320,4,49904,4,3,0.0,0.0,0.0,0.0,0.0
321,4,49905,4,0,0.0,0.0,0.0,0.0,0.0
322,4,49905,4,1,75.0,0.0,0.0,0.0,75.0
323,4,49905,4,2,0.0,0.0,0.0,0.0,0.0
324,4,49905,4,3,3.14,0.0,0.0,0.0,3.14
325,4,49906,4,0,0.0,0.0,0.0,0.0,0.0
326,4,49906,4,1,105.0,0.0,0.0,93.25,105.0
327,4,49906,4,2,105.0,0.0,0.0,0.0,105.0
328,4,49906,4,3,105.0,0.0,0.0,0.0,105.0
329,4,49907,4,0,0.0,0.0,0.0,0.0,0.0
330,4,49907,4,1,63.22,0.0,0.0,63.22,63.22
331,4,49907,4,2,0.0,0.0,0.0,0.0,0.0
332,4,49907,4,3,0.0,0.0,0.0,0.0,0.0
333,4,49908,4,0,0.0,0.0,0.0,0.0,0.0
334,4,49908,4,1,0.0,0.0,0.0,0.0,0.0
335,4,49908,4,2,0.0,0.0,0.0,0.0,0.0
336,4,49908,4,3,0.0,0.0,0.0,0.0,0.0
337,4,49911,4,0,0.0,0.0,0.0,0.0,0.0
338,4,49911,4,1,13.04,0.0,0.0,8.0,13.04
339,4,49911,4,2,0.0,0.0,0.0,8.0,0.0
340,4,49911,4,3,0.0,0.0,0.0,8.0,0.0
341,4,49912,4,0,0.0,0.0,0.0,0.0,0.0
342,4,49912,4,1,8.0,0.0,0.0,0.0,8.0
343,4,49912,4,2,8.0,0.0,0.0,0.0,8.0
344,4,49912,4,3,8.0,0.0,0.0,0.0,8.0
345,4,49913,4,0,0.0,0.0,0.0,0.0,0.0
346,4,49913,4,1,0.0,0.0,0.0,0.0,0.0
347,4,49913,4,2,0.0,0.0,0.0,0.0,0.0
348,4,49913,4,3,0.0,0.0,0.0,0.0,0.0
349,4,49914,4,0,0.0,0.0,0.0,0.0,0.0
350,4,49914,4,1,0.0,0.0,0.0,0.0,0.0
351,4,49914,4,2,0.0,0.0,0.0,0.0,0.0
352,4,49914,4,3,0.0,0.0,0.0,0.0,0.0
353,4,49915,4,0,0.0,0.0,0.0,0.0,0.0
354,4,49915,4,1,0.0,0.0,0.0,0.0,0.0
355,4,49915,4,2,0.0,0.0,0.0,0.0,0.0
356,4,49915,4,3,0.0,0.0,0.0,0.0,0.0
357,4,49920,4,0,0.0,0.0,0.0,102.12,0.0
358,4,49920,4,1,80.21,0.0,0.0,102.12,80.21
359,4,49920,4,2,0.0,0.0,0.0,102.12,0.0
360,4,49920,4,3,0.0,0.0,0.0,102.12,0.0
361,4,49921,4,0,0.0,0.0,0.0,0.0,0.0
362,4,49921,4,1,0.0,0.0,0.0,0.0,0.0
363,4,49921,4,2,0.0,0.0,0.0,0.0,0.0
364,4,49921,4,3,0.0,0.0,0.0,0.0,0.0
365,4,49922,4,0,102.12,0.0,0.0,74.12,102.12
366,4,49922,4,1,102.12,0.0,0.0,78.38,102.12
367,4,49922,4,2,102.12,0.0,0.0,77.35,102.12
368,4,49922,4,3,102.12,0.0,0.0,67.53,102.12
369,4,49923,4,0,20.02,0.0,0.0,-0.0,20.02
370,4,49923,4,1,20.02,0.0,0.0,40.04,20.02
371,4,49923,4,2,18.99,0.0,0.0,0.0,18.99
372,4,49923,4,3,9.17,0.0,0.0,28.15,9.17
373,4,49924,4,0,54.1,0.0,0.0,0.0,54.1
374,4,49924,4,1,58.36,0.0,0.0,93.37,58.36
375,4,49924,4,2,58.36,0.0,0.0,0.0,58.36
376,4,49924,4,3,58.36,0.0,0.0,0.0,58.36
377,4,49925,4,0,0.0,0.0,0.0,0.0,0.0
378,4,49925,4,1,93.37,0.0,0.0,30.06,93.37
379,4,49925,4,2,0.0,0.0,0.0,30.06,0.0
380,4,49925,4,3,0.0,0.0,0.0,0.0,0.0
381,4,49927,4,0,0.0,0.0,0.0,0.0,0.0
382,4,49927,4,1,30.06,0.0,0.0,0.0,30.06
383,4,49927,4,2,30.06,0.0,0.0,0.0,30.06
384,4,49927,4,3,0.0,0.0,0.0,0.0,0.0
385,4,49928,4,0,0.0,0.0,0.0,0.0,0.0
386,4,49928,4,1,10.06,0.0,0.0,10.06,10.06
387,4,49928,4,2,0.0,0.0,0.0,0.0,0.0
388,4,49928,4,3,0.0,0.0,0.0,0.0,0.0
389,4,49929,4,0,0.0,0.0,0.0,0.0,0.0
390,4,49929,4,1,0.0,0.0,0.0,0.0,0.0
391,4,49929,4,2,0.0,29.98,0.0,0.0,29.98
392,4,49929,4,3,0.0,28.15,0.0,0.0,28.15
393,4,49930,4,0,0.0,0.0,0.0,0.0,0.0
394,4,49930,4,1,0.0,10.06,0.0,0.0,10.06
395,4,49930,4,2,0.0,0.0,0.0,0.0,0.0
396,4,49930,4,3,0.0,0.0,0.0,0.0,0.0
397,4,49931,4,0,-0.0,0.0,0.0,0.0,-0.0
398,4,49931,4,1,0.0,29.98,0.0,0.0,29.98
399,4,49931,4,2,0.0,0.0,0.0,29.98,0.0
400,4,49931,4,3,28.15,0.0,0.0,28.15,28.15
401,5,49900,5,0,0.0,301.4,0.0,91.4,301.4
402,5,49900,5,1,0.0,0.0,0.0,105.0,0.0
403,5,49900,5,2,0.0,0.0,0.0,0.0,0.0
404,5,49900,5,3,0.0,0.0,0.0,105.0,0.0
405,5,49901,5,0,0.0,0.0,0.0,0.0,0.0
406,5,49901,5,1,0.0,0.0,0.0,0.0,0.0
407,5,49901,5,2,0.0,0.0,0.0,0.0,0.0
408,5,49901,5,3,0.0,0.0,0.0,0.0,0.0
409,5,49902,5,0,0.0,0.0,0.0,0.0,0.0
410,5,49902,5,1,0.0,0.0,0.0,0.0,0.0
411,5,49902,5,2,0.0,0.0,0.0,0.0,0.0
412,5,49902,5,3,0.0,0.0,0.0,0.0,0.0
413,5,49903,5,0,0.0,0.0,0.0,0.0,0.0
414,5,49903,5,1,0.0,0.0,0.0,0.0,0.0
415,5,49903,5,2,0.0,0.0,0.0,0.0,0.0
416,5,49903,5,3,0.0,0.0,0.0,0.0,0.0
417,5,49904,5,0,0.0,0.0,0.0,0.0,0.0
418,5,49904,5,1,0.0,0.0,0.0,0.0,0.0
419,5,49904,5,2,0.0,0.0,0.0,0.0,0.0
420,5,49904,5,3,0.0,0.0,0.0,0.0,0.0
421,5,49905,5,0,0.0,0.0,0.0,0.0,0.0
422,5,49905,5,1,0.0,0.0,0.0,0.0,0.0
423,5,49905,5,2,0.0,0.0,0.0,0.0,0.0
424,5,49905,5,3,0.0,0.0,0.0,0.0,0.0
425,5,49906,5,0,91.4,0.0,0.0,0.0,91.4
426,5,49906,5,1,105.0,0.0,0.0,0.0,105.0
427,5,49906,5,2,0.0,0.0,0.0,0.0,0.0
428,5,49906,5,3,105.0,0.0,0.0,0.0,105.0
429,5,49907,5,0,0.0,0.0,0.0,0.0,0.0
430,5,49907,5,1,0.0,0.0,0.0,0.0,0.0
431,5,49907,5,2,0.0,0.0,0.0,0.0,0.0
432,5,49907,5,3,0.0,0.0,0.0,0.0,0.0
433,5,49908,5,0,0.0,0.0,0.0,0.0,0.0
434,5,49908,5,1,0.0,0.0,0.0,0.0,0.0
435,5,49908,5,2,0.0,0.0,0.0,0.0,0.0
436,5,49908,5,3,0.0,0.0,0.0,0.0,0.0
437,5,49911,5,0,0.0,0.0,0.0,8.0,0.0
438,5,49911,5,1,0.0,0.0,0.0,8.0,0.0
439,5,49911,5,2,0.0,0.0,0.0,8.0,0.0
440,5,49911,5,3,0.0,0.0,0.0,8.0,0.0
441,5,49912,5,0,8.0,0.0,0.0,0.0,8.0
442,5,49912,5,1,8.0,0.0,0.0,0.0,8.0
443,5,49912,5,2,8.0,0.0,0.0,0.0,8.0
444,5,49912,5,3,8.0,0.0,0.0,0.0,8.0
445,5,49913,5,0,0.0,0.0,0.0,0.0,0.0
446,5,49913,5,1,0.0,0.0,0.0,0.0,0.0
447,5,49913,5,2,0.0,0.0,0.0,0.0,0.0
448,5,49913,5,3,0.0,0.0,0.0,0.0,0.0
449,5,49914,5,0,0.0,0.0,0.0,0.0,0.0
450,5,49914,5,1,0.0,0.0,0.0,0.0,0.0
451,5,49914,5,2,0.0,0.0,0.0,0.0,0.0
452,5,49914,5,3,0.0,0.0,0.0,0.0,0.0
453,5,49915,5,0,0.0,0.0,0.0,0.0,0.0
454,5,49915,5,1,0.0,0.0,0.0,0.0,0.0
455,5,49915,5,2,0.0,0.0,0.0,0.0,0.0
456,5,49915,5,3,0.0,0.0,0.0,0.0,0.0
457,5,49920,5,0,0.0,0.0,0.0,0.0,0.0
458,5,49920,5,1,0.0,0.0,0.0,102.12,0.0
459,5,49920,5,2,0.0,0.0,0.0,102.12,0.0
460,5,49920,5,3,0.0,0.0,0.0,102.12,0.0
461,5,49921,5,0,0.0,0.0,0.0,0.0,0.0
462,5,49921,5,1,0.0,0.0,0.0,0.0,0.0
463,5,49921,5,2,0.0,0.0,0.0,0.0,0.0
464,5,49921,5,3,0.0,0.0,0.0,0.0,0.0
465,5,49922,5,0,0.0,0.0,0.0,78.38,0.0
466,5,49922,5,1,102.12,0.0,0.0,59.89,102.12
467,5,49922,5,2,102.12,0.0,0.0,56.11,102.12
468,5,49922,5,3,102.12,0.0,0.0,78.31,102.12
469,5,49923,5,0,20.02,0.0,0.0,20.02,20.02
470,5,49923,5,1,20.02,0.0,0.0,20.02,20.02
471,5,49923,5,2,10.06,0.0,0.0,10.06,10.06
472,5,49923,5,3,19.95,0.0,0.0,19.95,19.95
473,5,49924,5,0,58.36,0.0,0.0,0.0,58.36
474,5,49924,5,1,39.87,0.0,0.0,0.0,39.87
475,5,49924,5,2,46.05,0.0,0.0,0.0,46.05
476,5,49924,5,3,58.36,0.0,0.0,0.0,58.36
477,5,49925,5,0,0.0,0.0,0.0,30.06,0.0
478,5,49925,5,1,0.0,0.0,0.0,0.0,0.0
479,5,49925,5,2,0.0,0.0,0.0,0.0,0.0
480,5,49925,5,3,0.0,0.0,0.0,30.06,0.0
481,5,49927,5,0,30.06,0.0,0.0,0.0,30.06
482,5,49927,5,1,0.0,0.0,0.0,0.0,0.0
483,5,49927,5,2,0.0,0.0,0.0,0.0,0.0
484,5,49927,5,3,30.06,0.0,0.0,0.0,30.06
485,5,49928,5,0,0.0,0.0,0.0,0.0,0.0
486,5,49928,5,1,0.0,0.0,0.0,0.0,0.0
487,5,49928,5,2,10.06,0.0,0.0,0.0,10.06
488,5,49928,5,3,10.06,0.0,0.0,20.12,10.06
489,5,49929,5,0,0.0,0.0,0.0,0.0,0.0
490,5,49929,5,1,0.0,0.0,0.0,0.0,0.0
491,5,49929,5,2,0.0,40.04,0.0,0.0,40.04
492,5,49929,5,3,9.89,0.0,0.0,0.0,9.89
493,5,49930,5,0,0.0,0.0,0.0,0.0,0.0
494,5,49930,5,1,0.0,0.0,0.0,0.0,0.0
495,5,49930,5,2,0.0,0.0,0.0,0.0,0.0
496,5,49930,5,3,0.0,20.12,0.0,0.0,20.12
497,5,49931,5,0,20.02,0.0,0.0,0.0,20.02
498,5,49931,5,1,0.0,20.02,0.0,0.0,20.02
499,5,49931,5,2,0.0,0.0,0.0,40.04,0.0
500,5,49931,5,3,9.89,0.0,0.0,9.89,9.89
501,6,49900,6,0,0.0,483.22,0.0,105.0,483.22
502,6,49900,6,1,0.0,0.0,0.0,161.07,0.0
503,6,49900,6,2,0.0,0.0,0.0,103.63,0.0
504,6,49900,6,3,0.0,0.0,0.0,113.52,0.0
505,6,49901,6,0,0.0,0.0,0.0,0.0,0.0
506,6,49901,6,1,0.0,0.0,0.0,0.0,0.0
507,6,49901,6,2,0.0,0.0,0.0,0.0,0.0
508,6,49901,6,3,0.0,0.0,0.0,0.0,0.0
509,6,49902,6,0,0.0,0.0,0.0,-0.0,0.0
510,6,49902,6,1,0.0,56.07,0.0,75.0,56.07
511,6,49902,6,2,0.0,0.0,0.0,0.0,0.0
512,6,49902,6,3,0.0,8.52,0.0,75.0,8.52
513,6,49903,6,0,-0.0,0.0,0.0,0.0,-0.0
514,6,49903,6,1,75.0,0.0,0.0,75.0,75.0
515,6,49903,6,2,0.0,0.0,0.0,0.0,0.0
516,6,49903,6,3,75.0,0.0,0.0,75.0,75.0
517,6,49904,6,0,0.0,0.0,0.0,0.0,0.0
518,6,49904,6,1,0.0,0.0,0.0,0.0,0.0
519,6,49904,6,2,0.0,0.0,0.0,0.0,0.0
520,6,49904,6,3,0.0,0.0,0.0,0.0,0.0
521,6,49905,6,0,0.0,0.0,0.0,0.0,0.0
522,6,49905,6,1,75.0,0.0,0.0,0.0,75.0
523,6,49905,6,2,0.0,0.0,0.0,0.0,0.0
524,6,49905,6,3,75.0,0.0,0.0,0.0,75.0
525,6,49906,6,0,105.0,0.0,0.0,1.56,105.0
526,6,49906,6,1,105.0,0.0,0.0,93.25,105.0
527,6,49906,6,2,103.63,0.0,0.0,0.0,103.63
528,6,49906,6,3,105.0,0.0,0.0,93.25,105.0
529,6,49907,6,0,0.0,0.0,0.0,0.0,0.0
530,6,49907,6,1,56.07,0.0,0.0,56.07,56.07
531,6,49907,6,2,0.0,0.0,0.0,0.0,0.0
532,6,49907,6,3,8.52,0.0,0.0,8.52,8.52
533,6,49908,6,0,0.0,0.0,0.0,0.0,0.0
534,6,49908,6,1,0.0,0.0,0.0,0.0,0.0
535,6,49908,6,2,0.0,0.0,0.0,0.0,0.0
536,6,49908,6,3,0.0,0.0,0.0,0.0,0.0
537,6,49911,6,0,1.56,0.0,0.0,8.0,1.56
538,6,49911,6,1,13.04,0.0,0.0,8.0,13.04
539,6,49911,6,2,0.0,0.0,0.0,8.0,0.0
540,6,49911,6,3,13.04,0.0,0.0,8.0,13.04
541,6,49912,6,0,8.0,0.0,0.0,0.0,8.0
542,6,49912,6,1,8.0,0.0,0.0,0.0,8.0
543,6,49912,6,2,8.0,0.0,0.0,0.0,8.0
544,6,49912,6,3,8.0,0.0,0.0,0.0,8.0
545,6,49913,6,0,0.0,0.0,0.0,0.0,0.0
546,6,49913,6,1,0.0,0.0,0.0,0.0,0.0
547,6,49913,6,2,0.0,0.0,0.0,0.0,0.0
548,6,49913,6,3,0.0,0.0,0.0,0.0,0.0
549,6,49914,6,0,0.0,0.0,0.0,0.0,0.0
550,6,49914,6,1,0.0,0.0,0.0,0.0,0.0
551,6,49914,6,2,0.0,0.0,0.0,0.0,0.0
552,6,49914,6,3,0.0,0.0,0.0,0.0,0.0
553,6,49915,6,0,0.0,0.0,0.0,0.0,0.0
554,6,49915,6,1,0.0,0.0,0.0,0.0,0.0
555,6,49915,6,2,0.0,0.0,0.0,0.0,0.0
556,6,49915,6,3,0.0,0.0,0.0,0.0,0.0
557,6,49920,6,0,0.0,0.0,0.0,102.12,0.0
558,6,49920,6,1,80.21,0.0,0.0,102.12,80.21
559,6,49920,6,2,0.0,0.0,0.0,102.12,0.0
560,6,49920,6,3,80.21,0.0,0.0,102.12,80.21
561,6,49921,6,0,0.0,0.0,0.0,0.0,0.0
562,6,49921,6,1,0.0,0.0,0.0,0.0,0.0
563,6,49921,6,2,0.0,0.0,0.0,0.0,0.0
564,6,49921,6,3,0.0,0.0,0.0,0.0,0.0
565,6,49922,6,0,102.12,0.0,0.0,78.38,102.12
566,6,49922,6,1,102.12,0.0,0.0,78.38,102.12
567,6,49922,6,2,102.12,0.0,0.0,78.38,102.12
568,6,49922,6,3,102.12,0.0,0.0,78.38,102.12
569,6,49923,6,0,20.02,0.0,0.0,-0.0,20.02
570,6,49923,6,1,20.02,0.0,0.0,40.04,20.02
571,6,49923,6,2,20.02,0.0,0.0,20.02,20.02
572,6,49923,6,3,20.02,0.0,0.0,20.02,20.02
573,6,49924,6,0,58.36,0.0,0.0,0.0,58.36
574,6,49924,6,1,58.36,0.0,0.0,93.37,58.36
575,6,49924,6,2,58.36,0.0,0.0,0.0,58.36
576,6,49924,6,3,58.36,0.0,0.0,93.37,58.36
577,6,49925,6,0,0.0,0.0,0.0,30.06,0.0
578,6,49925,6,1,93.37,0.0,0.0,30.06,93.37
579,6,49925,6,2,0.0,0.0,0.0,0.0,0.0
580,6,49925,6,3,93.37,0.0,0.0,30.06,93.37
581,6,49927,6,0,30.06,0.0,0.0,0.0,30.06
582,6,49927,6,1,30.06,0.0,0.0,0.0,30.06
583,6,49927,6,2,0.0,0.0,0.0,0.0,0.0
584,6,49927,6,3,30.06,0.0,0.0,0.0,30.06
585,6,49928,6,0,0.0,0.0,0.0,0.0,0.0
586,6,49928,6,1,10.06,0.0,0.0,10.06,10.06
587,6,49928,6,2,0.0,0.0,0.0,0.0,0.0
588,6,49928,6,3,10.06,0.0,0.0,10.06,10.06
589,6,49929,6,0,0.0,0.0,0.0,0.0,0.0
590,6,49929,6,1,0.0,0.0,0.0,0.0,0.0
591,6,49929,6,2,32.0,18.0,0.0,0.0,50.0
592,6,49929,6,3,9.96,0.0,0.0,0.0,9.96
593,6,49930,6,0,0.0,0.0,0.0,0.0,0.0
594,6,49930,6,1,10.06,0.0,0.0,0.0,10.06
595,6,49930,6,2,0.0,0.0,0.0,0.0,0.0
596,6,49930,6,3,10.06,0.0,0.0,0.0,10.06
597,6,49931,6,0,0.0,-0.0,0.0,0.0,-0.0
598,6,49931,6,1,0.0,29.98,0.0,0.0,29.98
599,6,49931,6,2,20.02,0.0,0.0,50.0,20.02
600,6,49931,6,3,9.96,0.0,0.0,9.96,9.96
601,7,49900,7,0,711.43,0.0,0.0,114.79,711.43
602,7,49900,7,1,0.0,0.0,0.0,245.82,0.0
603,7,49900,7,2,0.0,0.0,0.0,245.82,0.0
604,7,49900,7,3,0.0,0.0,0.0,105.0,0.0
605,7,49901,7,0,6.46,0.0,0.0,0.0,6.46
606,7,49901,7,1,58.04,0.0,0.0,61.27,58.04
607,7,49901,7,2,58.04,0.0,0.0,61.27,58.04
608,7,49901,7,3,0.0,0.0,0.0,0.0,0.0
609,7,49902,7,0,0.0,0.0,0.0,81.6,0.0
610,7,49902,7,1,61.27,0.0,0.0,81.6,61.27
611,7,49902,7,2,61.27,0.0,0.0,81.6,61.27
612,7,49902,7,3,0.0,168.89,0.0,0.0,168.89
613,7,49903,7,0,81.6,0.0,0.0,75.0,81.6
614,7,49903,7,1,81.6,0.0,0.0,75.0,81.6
615,7,49903,7,2,81.6,0.0,0.0,75.0,81.6
616,7,49903,7,3,0.0,0.0,0.0,19.8,0.0
617,7,49904,7,0,0.0,0.0,0.0,0.0,0.0
618,7,49904,7,1,0.0,0.0,0.0,0.0,0.0
619,7,49904,7,2,0.0,0.0,0.0,0.0,0.0
620,7,49904,7,3,0.0,0.0,0.0,0.0,0.0
621,7,49905,7,0,75.0,0.0,0.0,0.0,75.0
622,7,49905,7,1,75.0,0.0,0.0,0.0,75.0
623,7,49905,7,2,75.0,0.0,0.0,0.0,75.0
624,7,49905,7,3,19.8,0.0,0.0,0.0,19.8
625,7,49906,7,0,105.0,0.0,0.0,93.25,105.0
626,7,49906,7,1,105.0,0.0,0.0,158.61,105.0
627,7,49906,7,2,105.0,0.0,0.0,158.61,105.0
628,7,49906,7,3,105.0,0.0,0.0,25.79,105.0
629,7,49907,7,0,3.33,0.0,0.0,0.0,3.33
630,7,49907,7,1,82.78,0.0,0.0,0.0,82.78
631,7,49907,7,2,82.78,0.0,0.0,0.0,82.78
632,7,49907,7,3,0.0,0.0,0.0,168.89,0.0
633,7,49908,7,0,0.0,0.0,0.0,0.0,0.0
634,7,49908,7,1,0.0,0.0,0.0,0.0,0.0
635,7,49908,7,2,0.0,0.0,0.0,0.0,0.0
636,7,49908,7,3,0.0,0.0,0.0,0.0,0.0
637,7,49911,7,0,13.04,0.0,0.0,8.0,13.04
638,7,49911,7,1,13.04,0.0,0.0,8.0,13.04
639,7,49911,7,2,13.04,0.0,0.0,8.0,13.04
640,7,49911,7,3,13.04,0.0,0.0,8.0,13.04
641,7,49912,7,0,8.0,0.0,0.0,0.0,8.0
642,7,49912,7,1,8.0,0.0,0.0,0.0,8.0
643,7,49912,7,2,8.0,0.0,0.0,0.0,8.0
644,7,49912,7,3,8.0,0.0,0.0,0.0,8.0
645,7,49913,7,0,0.0,0.0,0.0,0.0,0.0
646,7,49913,7,1,0.0,0.0,0.0,0.0,0.0
647,7,49913,7,2,0.0,0.0,0.0,0.0,0.0
648,7,49913,7,3,0.0,0.0,0.0,0.0,0.0
649,7,49914,7,0,0.0,0.0,0.0,0.0,0.0
650,7,49914,7,1,0.0,0.0,0.0,0.0,0.0
651,7,49914,7,2,0.0,0.0,0.0,0.0,0.0
652,7,49914,7,3,0.0,0.0,0.0,0.0,0.0
653,7,49915,7,0,0.0,0.0,0.0,0.0,0.0
654,7,49915,7,1,0.0,0.0,0.0,0.0,0.0
655,7,49915,7,2,0.0,0.0,0.0,0.0,0.0
656,7,49915,7,3,0.0,0.0,0.0,0.0,0.0
657,7,49920,7,0,80.21,0.0,0.0,102.12,80.21
658,7,49920,7,1,80.21,0.0,0.0,102.12,80.21
659,7,49920,7,2,80.21,0.0,0.0,102.12,80.21
660,7,49920,7,3,12.75,130.72,0.0,102.12,143.47
661,7,49921,7,0,0.0,0.0,0.0,0.0,0.0
662,7,49921,7,1,65.36,0.0,0.0,0.0,65.36
663,7,49921,7,2,65.36,0.0,0.0,0.0,65.36
664,7,49921,7,3,0.0,0.0,0.0,130.72,0.0
665,7,49922,7,0,102.12,0.0,0.0,78.38,102.12
666,7,49922,7,1,102.12,0.0,0.0,78.38,102.12
667,7,49922,7,2,102.12,0.0,0.0,78.38,102.12
668,7,49922,7,3,102.12,0.0,0.0,78.38,102.12
669,7,49923,7,0,20.02,0.0,0.0,10.06,20.02
670,7,49923,7,1,20.02,0.0,0.0,29.98,20.02
671,7,49923,7,2,20.02,0.0,0.0,20.02,20.02
672,7,49923,7,3,20.02,0.0,0.0,20.02,20.02
673,7,49924,7,0,58.36,0.0,0.0,93.37,58.36
674,7,49924,7,1,58.36,0.0,0.0,93.37,58.36
675,7,49924,7,2,58.36,0.0,0.0,93.37,58.36
676,7,49924,7,3,58.36,0.0,0.0,93.37,58.36
677,7,49925,7,0,93.37,0.0,0.0,30.06,93.37
678,7,49925,7,1,93.37,0.0,0.0,30.06,93.37
679,7,49925,7,2,93.37,0.0,0.0,30.06,93.37
680,7,49925,7,3,93.37,0.0,0.0,30.06,93.37
681,7,49927,7,0,30.06,0.0,0.0,0.0,30.06
682,7,49927,7,1,30.06,0.0,0.0,0.0,30.06
683,7,49927,7,2,30.06,0.0,0.0,0.0,30.06
684,7,49927,7,3,30.06,0.0,0.0,0.0,30.06
685,7,49928,7,0,10.06,0.0,0.0,10.06,10.06
686,7,49928,7,1,10.06,0.0,0.0,10.06,10.06
687,7,49928,7,2,10.06,0.0,0.0,10.06,10.06
688,7,49928,7,3,10.06,0.0,0.0,10.06,10.06
689,7,49929,7,0,0.0,0.0,0.0,0.0,0.0
690,7,49929,7,1,0.0,0.0,0.0,0.0,0.0
691,7,49929,7,2,0.0,29.88,0.0,0.0,29.88
692,7,49929,7,3,9.96,0.0,0.0,0.0,9.96
693,7,49930,7,0,0.0,0.0,10.06,0.0,10.06
694,7,49930,7,1,0.0,10.06,0.0,0.0,10.06
695,7,49930,7,2,0.0,0.0,10.06,0.0,10.06
696,7,49930,7,3,10.06,0.0,0.0,0.0,10.06
697,7,49931,7,0,-0.0,0.0,0.0,0.0,-0.0
698,7,49931,7,1,19.92,0.0,0.0,0.0,19.92
699,7,49931,7,2,9.96,0.0,0.0,29.88,9.96
700,7,49931,7,3,0.0,9.96,0.0,9.96,9.96
701,8,49900,8,0,245.7,0.0,0.0,105.0,245.7
702,8,49900,8,1,0.0,0.0,0.0,7.16,0.0
703,8,49900,8,2,0.0,0.0,0.0,122.31,0.0
704,8,49900,8,3,0.0,0.0,0.0,11.23,0.0
705,8,49901,8,0,0.0,0.0,0.0,0.0,0.0
706,8,49901,8,1,0.0,0.0,0.0,0.0,0.0
707,8,49901,8,2,0.0,0.0,0.0,0.0,0.0
708,8,49901,8,3,0.0,0.0,0.0,0.0,0.0
709,8,49902,8,0,0.0,0.0,0.0,0.0,0.0
710,8,49902,8,1,0.0,-0.0,0.0,0.0,-0.0
711,8,49902,8,2,0.0,17.31,0.0,81.6,17.31
712,8,49902,8,3,0.0,0.0,0.0,0.0,0.0
713,8,49903,8,0,0.0,0.0,0.0,0.0,0.0
714,8,49903,8,1,0.0,0.0,0.0,0.0,0.0
715,8,49903,8,2,81.6,0.0,0.0,75.0,81.6
716,8,49903,8,3,0.0,0.0,0.0,6.6,0.0
717,8,49904,8,0,0.0,0.0,0.0,0.0,0.0
718,8,49904,8,1,0.0,0.0,0.0,0.0,0.0
719,8,49904,8,2,0.0,0.0,0.0,0.0,0.0
720,8,49904,8,3,0.0,0.0,0.0,0.0,0.0
721,8,49905,8,0,0.0,0.0,0.0,0.0,0.0
722,8,49905,8,1,0.0,0.0,0.0,0.0,0.0
723,8,49905,8,2,75.0,0.0,0.0,0.0,75.0
724,8,49905,8,3,6.6,0.0,0.0,0.0,6.6
725,8,49906,8,0,105.0,0.0,0.0,67.43,105.0
726,8,49906,8,1,7.16,0.0,0.0,0.0,7.16
727,8,49906,8,2,105.0,0.0,0.0,93.25,105.0
728,8,49906,8,3,11.23,0.0,0.0,0.0,11.23
729,8,49907,8,0,0.0,0.0,0.0,0.0,0.0
730,8,49907,8,1,0.0,0.0,0.0,-0.0,0.0
731,8,49907,8,2,17.31,0.0,0.0,17.31,17.31
732,8,49907,8,3,0.0,0.0,0.0,0.0,0.0
733,8,49908,8,0,0.0,0.0,0.0,0.0,0.0
734,8,49908,8,1,0.0,0.0,0.0,0.0,0.0
735,8,49908,8,2,0.0,0.0,0.0,0.0,0.0
736,8,49908,8,3,0.0,0.0,0.0,0.0,0.0
737,8,49911,8,0,13.04,0.0,0.0,8.0,13.04
738,8,49911,8,1,0.0,0.0,0.0,8.0,0.0
739,8,49911,8,2,13.04,0.0,0.0,8.0,13.04
740,8,49911,8,3,0.0,0.0,0.0,8.0,0.0
741,8,49912,8,0,8.0,0.0,0.0,0.0,8.0
742,8,49912,8,1,8.0,0.0,0.0,0.0,8.0
743,8,49912,8,2,8.0,0.0,0.0,0.0,8.0
744,8,49912,8,3,8.0,0.0,0.0,0.0,8.0
745,8,49913,8,0,0.0,0.0,0.0,0.0,0.0
746,8,49913,8,1,0.0,0.0,0.0,0.0,0.0
747,8,49913,8,2,0.0,0.0,0.0,0.0,0.0
748,8,49913,8,3,0.0,0.0,0.0,0.0,0.0
749,8,49914,8,0,0.0,0.0,0.0,0.0,0.0
750,8,49914,8,1,0.0,0.0,0.0,0.0,0.0
751,8,49914,8,2,0.0,0.0,0.0,0.0,0.0
752,8,49914,8,3,0.0,0.0,0.0,0.0,0.0
753,8,49915,8,0,0.0,0.0,0.0,0.0,0.0
754,8,49915,8,1,0.0,0.0,0.0,0.0,0.0
755,8,49915,8,2,0.0,0.0,0.0,0.0,0.0
756,8,49915,8,3,0.0,0.0,0.0,0.0,0.0
757,8,49920,8,0,54.39,0.0,0.0,0.0,54.39
758,8,49920,8,1,0.0,0.0,0.0,0.0,0.0
759,8,49920,8,2,80.21,0.0,0.0,102.12,80.21
760,8,49920,8,3,0.0,0.0,0.0,102.12,0.0
761,8,49921,8,0,-0.0,0.0,0.0,0.0,-0.0
762,8,49921,8,1,0.0,0.0,0.0,0.0,0.0
763,8,49921,8,2,0.0,0.0,0.0,0.0,0.0
764,8,49921,8,3,0.0,0.0,0.0,0.0,0.0
765,8,49922,8,0,0.0,0.0,0.0,78.38,0.0
766,8,49922,8,1,0.0,0.0,0.0,78.38,0.0
767,8,49922,8,2,102.12,0.0,0.0,78.38,102.12
768,8,49922,8,3,102.12,0.0,0.0,0.0,102.12
769,8,49923,8,0,20.02,0.0,0.0,-0.0,20.02
770,8,49923,8,1,20.02,0.0,0.0,40.04,20.02
771,8,49923,8,2,20.02,0.0,0.0,20.02,20.02
772,8,49923,8,3,0.0,0.0,0.0,0.0,0.0
773,8,49924,8,0,58.36,0.0,0.0,93.37,58.36
774,8,49924,8,1,58.36,0.0,0.0,0.0,58.36
775,8,49924,8,2,58.36,0.0,0.0,93.37,58.36
776,8,49924,8,3,0.0,0.0,0.0,0.0,0.0
777,8,49925,8,0,93.37,0.0,0.0,30.06,93.37
778,8,49925,8,1,0.0,0.0,0.0,30.06,0.0
779,8,49925,8,2,93.37,0.0,0.0,30.06,93.37
780,8,49925,8,3,0.0,0.0,0.0,0.0,0.0
781,8,49927,8,0,30.06,0.0,0.0,0.0,30.06
782,8,49927,8,1,30.06,0.0,0.0,0.0,30.06
783,8,49927,8,2,30.06,0.0,0.0,0.0,30.06
784,8,49927,8,3,0.0,0.0,0.0,0.0,0.0
785,8,49928,8,0,0.0,0.0,0.0,0.0,0.0
786,8,49928,8,1,0.0,0.0,0.0,0.0,0.0
787,8,49928,8,2,10.06,0.0,0.0,0.0,10.06
788,8,49928,8,3,0.0,0.0,0.0,10.06,0.0
789,8,49929,8,0,0.0,0.0,0.0,0.0,0.0
790,8,49929,8,1,0.0,0.0,0.0,0.0,0.0
791,8,49929,8,2,32.0,18.0,0.0,0.0,50.0
792,8,49929,8,3,0.0,0.0,0.0,0.0,0.0
793,8,49930,8,0,0.0,0.0,0.0,0.0,0.0
794,8,49930,8,1,0.0,0.0,0.0,0.0,0.0
795,8,49930,8,2,0.0,0.0,0.0,0.0,0.0
796,8,49930,8,3,0.0,10.06,0.0,0.0,10.06
797,8,49931,8,0,-0.0,0.0,0.0,0.0,-0.0
798,8,49931,8,1,0.0,40.04,0.0,0.0,40.04
799,8,49931,8,2,9.96,0.0,0.0,50.0,9.96
800,8,49931,8,3,0.0,0.0,0.0,0.0,0.0
801,9,49900,9,0,0.0,0.0,0.0,0.0,0.0
802,9,49900,9,1,0.0,0.0,0.0,0.0,0.0
803,9,49900,9,2,0.0,0.0,0.0,0.0,0.0
804,9,49900,9,3,0.0,0.0,0.0,0.0,0.0
805,9,49901,9,0,0.0,0.0,0.0,0.0,0.0
806,9,49901,9,1,0.0,0.0,0.0,0.0,0.0
807,9,49901,9,2,0.0,0.0,0.0,0.0,0.0
808,9,49901,9,3,0.0,0.0,0.0,0.0,0.0
809,9,49902,9,0,0.0,0.0,0.0,0.0,0.0
810,9,49902,9,1,0.0,0.0,0.0,0.0,0.0
811,9,49902,9,2,0.0,0.0,0.0,0.0,0.0
812,9,49902,9,3,0.0,0.0,0.0,0.0,0.0
813,9,49903,9,0,0.0,0.0,0.0,0.0,0.0
814,9,49903,9,1,0.0,0.0,0.0,0.0,0.0
815,9,49903,9,2,0.0,0.0,0.0,0.0,0.0
816,9,49903,9,3,0.0,0.0,0.0,-0.0,0.0
817,9,49904,9,0,0.0,0.0,0.0,0.0,0.0
818,9,49904,9,1,0.0,0.0,0.0,0.0,0.0
819,9,49904,9,2,0.0,0.0,0.0,0.0,0.0
820,9,49904,9,3,0.0,0.0,0.0,0.0,0.0
821,9,49905,9,0,0.0,0.0,0.0,0.0,0.0
822,9,49905,9,1,0.0,0.0,0.0,0.0,0.0
823,9,49905,9,2,0.0,0.0,0.0,0.0,0.0
824,9,49905,9,3,-0.0,0.0,0.0,0.0,-0.0
825,9,49906,9,0,0.0,0.0,0.0,0.0,0.0
826,9,49906,9,1,0.0,0.0,0.0,0.0,0.0
827,9,49906,9,2,0.0,0.0,0.0,0.0,0.0
828,9,49906,9,3,0.0,0.0,0.0,0.0,0.0
829,9,49907,9,0,0.0,0.0,0.0,0.0,0.0
830,9,49907,9,1,0.0,0.0,0.0,0.0,0.0
831,9,49907,9,2,0.0,0.0,0.0,0.0,0.0
832,9,49907,9,3,0.0,0.0,0.0,0.0,0.0
833,9,49908,9,0,0.0,0.0,0.0,0.0,0.0
834,9,49908,9,1,0.0,0.0,0.0,0.0,0.0
835,9,49908,9,2,0.0,0.0,0.0,0.0,0.0
836,9,49908,9,3,0.0,0.0,0.0,0.0,0.0
837,9,49911,9,0,0.0,0.0,0.0,0.0,0.0
838,9,49911,9,1,0.0,0.0,0.0,0.0,0.0
839,9,49911,9,2,0.0,0.0,0.0,0.0,0.0
840,9,49911,9,3,0.0,0.0,0.0,0.0,0.0
841,9,49912,9,0,0.0,0.0,0.0,0.0,0.0
842,9,49912,9,1,0.0,0.0,0.0,0.0,0.0
843,9,49912,9,2,0.0,0.0,0.0,0.0,0.0
844,9,49912,9,3,0.0,0.0,0.0,0.0,0.0
845,9,49913,9,0,0.0,0.0,0.0,0.0,0.0
846,9,49913,9,1,0.0,0.0,0.0,0.0,0.0
847,9,49913,9,2,0.0,0.0,0.0,0.0,0.0
848,9,49913,9,3,0.0,0.0,0.0,0.0,0.0
849,9,49914,9,0,0.0,0.0,0.0,0.0,0.0
850,9,49914,9,1,0.0,0.0,0.0,0.0,0.0
851,9,49914,9,2,0.0,0.0,0.0,0.0,0.0
852,9,49914,9,3,0.0,0.0,0.0,0.0,0.0
853,9,49915,9,0,0.0,0.0,0.0,0.0,0.0
854,9,49915,9,1,0.0,0.0,0.0,0.0,0.0
855,9,49915,9,2,0.0,0.0,0.0,0.0,0.0
856,9,49915,9,3,0.0,0.0,0.0,0.0,0.0
857,9,49920,9,0,0.0,0.0,0.0,0.0,0.0
858,9,49920,9,1,0.0,0.0,0.0,0.0,0.0
859,9,49920,9,2,0.0,0.0,0.0,0.0,0.0
860,9,49920,9,3,0.0,0.0,0.0,102.12,0.0
861,9,49921,9,0,0.0,0.0,0.0,0.0,0.0
862,9,49921,9,1,0.0,0.0,0.0,0.0,0.0
863,9,49921,9,2,0.0,0.0,0.0,0.0,0.0
864,9,49921,9,3,0.0,0.0,0.0,0.0,0.0
865,9,49922,9,0,0.0,0.0,0.0,25.33,0.0
866,9,49922,9,1,0.0,0.0,0.0,0.0,0.0
867,9,49922,9,2,0.0,0.0,0.0,0.0,0.0
868,9,49922,9,3,102.12,0.0,0.0,42.5,102.12
869,9,49923,9,0,20.02,0.0,0.0,20.02,20.02
870,9,49923,9,1,0.0,0.0,0.0,0.0,0.0
871,9,49923,9,2,0.0,0.0,0.0,0.0,0.0
872,9,49923,9,3,20.02,0.0,0.0,20.02,20.02
873,9,49924,9,0,5.31,0.0,0.0,0.0,5.31
874,9,49924,9,1,0.0,0.0,0.0,0.0,0.0
875,9,49924,9,2,0.0,0.0,0.0,0.0,0.0
876,9,49924,9,3,22.48,0.0,0.0,0.0,22.48
877,9,49925,9,0,0.0,0.0,0.0,0.0,0.0
878,9,49925,9,1,0.0,0.0,0.0,0.0,0.0
879,9,49925,9,2,0.0,0.0,0.0,0.0,0.0
880,9,49925,9,3,0.0,0.0,0.0,0.0,0.0
881,9,49927,9,0,0.0,0.0,0.0,0.0,0.0
882,9,49927,9,1,0.0,0.0,0.0,0.0,0.0
883,9,49927,9,2,0.0,0.0,0.0,0.0,0.0
884,9,49927,9,3,0.0,0.0,0.0,0.0,0.0
885,9,49928,9,0,-0.0,0.0,0.0,0.0,-0.0
886,9,49928,9,1,0.0,0.0,0.0,0.0,0.0
887,9,49928,9,2,0.0,0.0,0.0,0.0,0.0
888,9,49928,9,3,0.0,0.0,0.0,0.0,0.0
889,9,49929,9,0,0.0,0.0,0.0,0.0,0.0
890,9,49929,9,1,0.0,0.0,0.0,0.0,0.0
891,9,49929,9,2,20.02,0.0,0.0,0.0,20.02
892,9,49929,9,3,0.0,20.02,0.0,0.0,20.02
893,9,49930,9,0,0.0,0.0,0.0,0.0,0.0
894,9,49930,9,1,0.0,0.0,0.0,0.0,0.0
895,9,49930,9,2,0.0,0.0,0.0,0.0,0.0
896,9,49930,9,3,0.0,0.0,0.0,0.0,0.0
897,9,49931,9,0,20.02,0.0,0.0,0.0,20.02
898,9,49931,9,1,0.0,0.0,0.0,0.0,0.0
899,9,49931,9,2,0.0,0.0,0.0,20.02,0.0
900,9,49931,9,3,0.0,20.02,0.0,20.02,20.02
901,10,49900,10,0,664.88,0.0,0.0,3.23,664.88
902,10,49900,10,1,0.0,0.0,0.0,245.82,0.0
903,10,49900,10,2,0.0,0.0,0.0,170.01,0.0
904,10,49900,10,3,0.0,0.0,0.0,245.82,0.0
905,10,49901,10,0,3.23,0.0,0.0,0.0,3.23
906,10,49901,10,1,58.04,0.0,0.0,61.27,58.04
907,10,49901,10,2,3.23,0.0,0.0,0.0,3.23
908,10,49901,10,3,58.04,0.0,0.0,61.27,58.04
909,10,49902,10,0,0.0,0.0,0.0,-0.0,0.0
910,10,49902,10,1,61.27,0.0,0.0,81.6,61.27
911,10,49902,10,2,0.0,0.0,0.0,68.4,0.0
912,10,49902,10,3,61.27,227.34,0.0,81.6,288.61
913,10,49903,10,0,-0.0,0.0,0.0,0.0,-0.0
914,10,49903,10,1,81.6,0.0,0.0,75.0,81.6
915,10,49903,10,2,68.4,0.0,0.0,75.0,68.4
916,10,49903,10,3,81.6,0.0,0.0,81.6,81.6
917,10,49904,10,0,0.0,0.0,0.0,0.0,0.0
918,10,49904,10,1,0.0,0.0,0.0,0.0,0.0
919,10,49904,10,2,0.0,0.0,0.0,0.0,0.0
920,10,49904,10,3,0.0,0.0,0.0,0.0,0.0
921,10,49905,10,0,0.0,0.0,0.0,0.0,0.0
922,10,49905,10,1,75.0,0.0,0.0,0.0,75.0
923,10,49905,10,2,75.0,0.0,0.0,0.0,75.0
924,10,49905,10,3,75.0,6.6,0.0,0.0,81.6
925,10,49906,10,0,0.0,0.0,0.0,0.0,0.0
926,10,49906,10,1,105.0,0.0,0.0,158.61,105.0
927,10,49906,10,2,105.0,0.0,0.0,93.25,105.0
928,10,49906,10,3,105.0,0.0,0.0,158.61,105.0
929,10,49907,10,0,0.0,0.0,0.0,0.0,0.0
930,10,49907,10,1,82.78,0.0,0.0,0.0,82.78
931,10,49907,10,2,61.78,0.0,0.0,0.0,61.78
932,10,49907,10,3,82.78,0.0,0.0,227.34,82.78
933,10,49908,10,0,0.0,0.0,0.0,0.0,0.0
934,10,49908,10,1,0.0,0.0,0.0,0.0,0.0
935,10,49908,10,2,0.0,0.0,0.0,0.0,0.0
936,10,49908,10,3,0.0,0.0,0.0,0.0,0.0
937,10,49911,10,0,0.0,0.0,0.0,0.0,0.0
938,10,49911,10,1,13.04,0.0,0.0,8.0,13.04
939,10,49911,10,2,13.04,0.0,0.0,8.0,13.04
940,10,49911,10,3,13.04,0.0,0.0,8.0,13.04
941,10,49912,10,0,0.0,0.0,0.0,0.0,0.0
942,10,49912,10,1,8.0,0.0,0.0,0.0,8.0
943,10,49912,10,2,8.0,0.0,0.0,0.0,8.0
944,10,49912,10,3,8.0,0.0,0.0,0.0,8.0
945,10,49913,10,0,0.0,0.0,0.0,0.0,0.0
946,10,49913,10,1,0.0,0.0,0.0,0.0,0.0
947,10,49913,10,2,0.0,0.0,0.0,0.0,0.0
948,10,49913,10,3,0.0,0.0,0.0,0.0,0.0
949,10,49914,10,0,0.0,0.0,0.0,0.0,0.0
950,10,49914,10,1,0.0,0.0,0.0,0.0,0.0
951,10,49914,10,2,0.0,0.0,0.0,0.0,0.0
952,10,49914,10,3,0.0,0.0,0.0,0.0,0.0
953,10,49915,10,0,0.0,0.0,0.0,0.0,0.0
954,10,49915,10,1,0.0,0.0,0.0,0.0,0.0
955,10,49915,10,2,0.0,0.0,0.0,0.0,0.0
956,10,49915,10,3,0.0,0.0,0.0,0.0,0.0
957,10,49920,10,0,0.0,0.0,0.0,0.0,0.0
958,10,49920,10,1,80.21,65.36,0.0,102.12,145.57
959,10,49920,10,2,80.21,0.0,0.0,102.12,80.21
960,10,49920,10,3,80.21,0.0,65.36,102.12,145.57
961,10,49921,10,0,0.0,0.0,0.0,0.0,0.0
962,10,49921,10,1,65.36,0.0,0.0,65.36,65.36
963,10,49921,10,2,0.0,0.0,0.0,0.0,0.0
964,10,49921,10,3,65.36,0.0,0.0,65.36,65.36
965,10,49922,10,0,0.0,0.0,0.0,50.62,0.0
966,10,49922,10,1,102.12,0.0,0.0,78.38,102.12
967,10,49922,10,2,102.12,0.0,0.0,78.38,102.12
968,10,49922,10,3,102.12,0.0,0.0,78.38,102.12
969,10,49923,10,0,20.02,0.0,0.0,20.02,20.02
970,10,49923,10,1,20.02,0.0,0.0,20.02,20.02
971,10,49923,10,2,20.02,0.0,0.0,20.02,20.02
972,10,49923,10,3,20.02,0.0,0.0,20.02,20.02
973,10,49924,10,0,30.6,0.0,0.0,0.0,30.6
974,10,49924,10,1,58.36,0.0,0.0,93.37,58.36
975,10,49924,10,2,58.36,0.0,0.0,93.37,58.36
976,10,49924,10,3,58.36,0.0,0.0,93.37,58.36
977,10,49925,10,0,0.0,0.0,0.0,0.0,0.0
978,10,49925,10,1,93.37,0.0,0.0,30.06,93.37
979,10,49925,10,2,93.37,0.0,0.0,30.06,93.37
980,10,49925,10,3,93.37,0.0,0.0,30.06,93.37
981,10,49927,10,0,0.0,0.0,0.0,0.0,0.0
982,10,49927,10,1,30.06,0.0,0.0,0.0,30.06
983,10,49927,10,2,30.06,0.0,0.0,0.0,30.06
984,10,49927,10,3,30.06,0.0,0.0,0.0,30.06
985,10,49928,10,0,0.0,0.0,0.0,0.0,0.0
986,10,49928,10,1,10.06,0.0,0.0,0.0,10.06
987,10,49928,10,2,10.06,0.0,0.0,20.12,10.06
988,10,49928,10,3,10.06,0.0,0.0,10.06,10.06
989,10,49929,10,0,0.0,0.0,0.0,0.0,0.0
990,10,49929,10,1,0.0,0.0,0.0,0.0,0.0
991,10,49929,10,2,32.0,7.94,0.0,0.0,39.94
992,10,49929,10,3,0.0,9.96,0.0,0.0,9.96
993,10,49930,10,0,0.0,0.0,0.0,0.0,0.0
994,10,49930,10,1,0.0,0.0,0.0,0.0,0.0
995,10,49930,10,2,0.0,0.0,20.12,0.0,20.12
996,10,49930,10,3,0.0,10.06,0.0,0.0,10.06
997,10,49931,10,0,0.0,20.02,0.0,0.0,20.02
998,10,49931,10,1,9.96,0.0,0.0,0.0,9.96
999,10,49931,10,2,0.0,9.96,0.0,39.94,9.96
1000,10,49931,10,3,9.96,0.0,0.0,9.96,9.96
1001,11,49900,11,0,0.0,0.0,996.2,258.74,996.2
1002,11,49900,11,1,0.0,0.0,0.0,245.82,0.0
1003,11,49900,11,2,0.0,0.0,0.0,245.82,0.0
1004,11,49900,11,3,0.0,0.0,0.0,245.82,0.0
1005,11,49901,11,0,58.04,12.92,0.0,61.27,70.96
1006,11,49901,11,1,58.04,0.0,0.0,61.27,58.04
1007,11,49901,11,2,58.04,0.0,0.0,61.27,58.04
1008,11,49901,11,3,58.04,0.0,0.0,61.27,58.04
1009,11,49902,11,0,61.27,0.0,0.0,81.6,61.27
1010,11,49902,11,1,61.27,0.0,0.0,81.6,61.27
1011,11,49902,11,2,61.27,0.0,0.0,81.6,61.27
1012,11,49902,11,3,61.27,331.12,0.0,81.6,392.39
1013,11,49903,11,0,81.6,0.0,0.0,81.6,81.6
1014,11,49903,11,1,81.6,0.0,0.0,75.0,81.6
1015,11,49903,11,2,81.6,0.0,0.0,75.0,81.6
1016,11,49903,11,3,81.6,0.0,0.0,94.8,81.6
1017,11,49904,11,0,0.0,0.0,0.0,0.0,0.0
1018,11,49904,11,1,0.0,0.0,0.0,0.0,0.0
1019,11,49904,11,2,0.0,0.0,0.0,0.0,0.0
1020,11,49904,11,3,0.0,0.0,0.0,0.0,0.0
1021,11,49905,11,0,75.0,6.6,0.0,0.0,81.6
1022,11,49905,11,1,75.0,0.0,0.0,0.0,75.0
1023,11,49905,11,2,75.0,0.0,0.0,0.0,75.0
1024,11,49905,11,3,75.0,19.8,0.0,0.0,94.8
1025,11,49906,11,0,105.0,0.0,0.0,158.61,105.0
1026,11,49906,11,1,105.0,0.0,0.0,158.61,105.0
1027,11,49906,11,2,105.0,0.0,0.0,158.61,105.0
1028,11,49906,11,3,105.0,0.0,0.0,158.61,105.0
1029,11,49907,11,0,82.78,0.0,0.0,0.0,82.78
1030,11,49907,11,1,82.78,0.0,0.0,0.0,82.78
1031,11,49907,11,2,82.78,0.0,0.0,0.0,82.78
1032,11,49907,11,3,82.78,0.0,0.0,331.12,82.78
1033,11,49908,11,0,0.0,0.0,0.0,0.0,0.0
1034,11,49908,11,1,0.0,0.0,0.0,0.0,0.0
1035,11,49908,11,2,0.0,0.0,0.0,0.0,0.0
1036,11,49908,11,3,0.0,0.0,0.0,0.0,0.0
1037,11,49911,11,0,13.04,0.0,0.0,8.0,13.04
1038,11,49911,11,1,13.04,0.0,0.0,8.0,13.04
1039,11,49911,11,2,13.04,0.0,0.0,8.0,13.04
1040,11,49911,11,3,13.04,0.0,0.0,8.0,13.04
1041,11,49912,11,0,8.0,0.0,0.0,0.0,8.0
1042,11,49912,11,1,8.0,0.0,0.0,0.0,8.0
1043,11,49912,11,2,8.0,0.0,0.0,0.0,8.0
1044,11,49912,11,3,8.0,0.0,0.0,0.0,8.0
1045,11,49913,11,0,0.0,0.0,0.0,0.0,0.0
1046,11,49913,11,1,0.0,0.0,0.0,0.0,0.0
1047,11,49913,11,2,0.0,0.0,0.0,0.0,0.0
1048,11,49913,11,3,0.0,0.0,0.0,0.0,0.0
1049,11,49914,11,0,0.0,0.0,0.0,0.0,0.0
1050,11,49914,11,1,0.0,0.0,0.0,0.0,0.0
1051,11,49914,11,2,0.0,0.0,0.0,0.0,0.0
1052,11,49914,11,3,0.0,0.0,0.0,0.0,0.0
1053,11,49915,11,0,0.0,0.0,0.0,0.0,0.0
1054,11,49915,11,1,0.0,0.0,0.0,0.0,0.0
1055,11,49915,11,2,0.0,0.0,0.0,0.0,0.0
1056,11,49915,11,3,0.0,0.0,0.0,0.0,0.0
1057,11,49920,11,0,80.21,0.0,0.0,102.12,80.21
1058,11,49920,11,1,80.21,0.0,0.0,102.12,80.21
1059,11,49920,11,2,80.21,0.0,0.0,102.12,80.21
1060,11,49920,11,3,80.21,261.44,0.0,102.12,341.65
1061,11,49921,11,0,65.36,0.0,0.0,0.0,65.36
1062,11,49921,11,1,65.36,0.0,0.0,0.0,65.36
1063,11,49921,11,2,65.36,0.0,0.0,0.0,65.36
1064,11,49921,11,3,65.36,0.0,0.0,261.44,65.36
1065,11,49922,11,0,102.12,0.0,0.0,78.38,102.12
1066,11,49922,11,1,102.12,0.0,0.0,78.38,102.12
1067,11,49922,11,2,102.12,0.0,0.0,78.38,102.12
1068,11,49922,11,3,102.12,0.0,0.0,78.38,102.12
1069,11,49923,11,0,20.02,0.0,0.0,10.06,20.02
1070,11,49923,11,1,20.02,0.0,0.0,29.98,20.02
1071,11,49923,11,2,20.02,0.0,0.0,20.02,20.02
1072,11,49923,11,3,20.02,0.0,0.0,20.02,20.02
1073,11,49924,11,0,58.36,0.0,0.0,93.37,58.36
1074,11,49924,11,1,58.36,0.0,0.0,93.37,58.36
1075,11,49924,11,2,58.36,0.0,0.0,93.37,58.36
1076,11,49924,11,3,58.36,0.0,0.0,93.37,58.36
1077,11,49925,11,0,93.37,0.0,0.0,30.06,93.37
1078,11,49925,11,1,93.37,0.0,0.0,30.06,93.37
1079,11,49925,11,2,93.37,0.0,0.0,30.06,93.37
1080,11,49925,11,3,93.37,0.0,0.0,30.06,93.37
1081,11,49927,11,0,30.06,0.0,0.0,0.0,30.06
1082,11,49927,11,1,30.06,0.0,0.0,0.0,30.06
1083,11,49927,11,2,30.06,0.0,0.0,0.0,30.06
1084,11,49927,11,3,30.06,0.0,0.0,0.0,30.06
1085,11,49928,11,0,10.06,0.0,0.0,0.0,10.06
1086,11,49928,11,1,10.06,0.0,0.0,20.12,10.06
1087,11,49928,11,2,10.06,0.0,0.0,0.0,10.06
1088,11,49928,11,3,10.06,0.0,0.0,20.12,10.06
1089,11,49929,11,0,0.0,0.0,0.0,0.0,0.0
1090,11,49929,11,1,0.0,0.0,0.0,0.0,0.0
1091,11,49929,11,2,0.0,0.0,0.0,0.0,0.0
1092,11,49929,11,3,32.0,7.84,0.0,0.0,39.84
1093,11,49930,11,0,0.0,0.0,0.0,0.0,0.0
1094,11,49930,11,1,0.0,0.0,20.12,0.0,20.12
1095,11,49930,11,2,0.0,0.0,0.0,0.0,0.0
1096,11,49930,11,3,0.0,0.0,20.12,0.0,20.12
1097,11,49931,11,0,0.0,-0.0,0.0,0.0,-0.0
1098,11,49931,11,1,19.92,0.0,0.0,0.0,19.92
1099,11,49931,11,2,0.0,9.96,0.0,0.0,9.96
1100,11,49931,11,3,0.0,9.96,0.0,39.84,9.96
1101,12,49900,12,0,0.0,0.0,965.98,252.28,965.98
1102,12,49900,12,1,0.0,0.0,0.0,245.82,0.0
1103,12,49900,12,2,0.0,0.0,0.0,222.06,0.0
1104,12,49900,12,3,0.0,0.0,0.0,245.82,0.0
1105,12,49901,12,0,58.04,6.46,0.0,61.27,64.5
1106,12,49901,12,1,58.04,0.0,0.0,61.27,58.04
1107,12,49901,12,2,34.28,0.0,0.0,31.05,34.28
1108,12,49901,12,3,58.04,0.0,0.0,61.27,58.04
1109,12,49902,12,0,61.27,82.78,0.0,81.6,144.05
1110,12,49902,12,1,61.27,82.78,0.0,81.6,144.05
1111,12,49902,12,2,31.05,82.78,0.0,61.8,113.83
1112,12,49902,12,3,61.27,82.78,0.0,81.6,144.05
1113,12,49903,12,0,81.6,0.0,0.0,75.0,81.6
1114,12,49903,12,1,81.6,0.0,0.0,75.0,81.6
1115,12,49903,12,2,61.8,0.0,0.0,75.0,61.8
1116,12,49903,12,3,81.6,0.0,0.0,81.6,81.6
1117,12,49904,12,0,0.0,0.0,0.0,0.0,0.0
1118,12,49904,12,1,0.0,0.0,0.0,0.0,0.0
1119,12,49904,12,2,0.0,0.0,0.0,0.0,0.0
1120,12,49904,12,3,0.0,0.0,0.0,0.0,0.0
1121,12,49905,12,0,75.0,0.0,0.0,0.0,75.0
1122,12,49905,12,1,75.0,0.0,0.0,0.0,75.0
1123,12,49905,12,2,75.0,0.0,0.0,0.0,75.0
1124,12,49905,12,3,75.0,6.6,0.0,0.0,81.6
1125,12,49906,12,0,105.0,0.0,0.0,158.61,105.0
1126,12,49906,12,1,105.0,0.0,0.0,158.61,105.0
1127,12,49906,12,2,105.0,0.0,0.0,93.25,105.0
1128,12,49906,12,3,105.0,0.0,0.0,158.61,105.0
1129,12,49907,12,0,82.78,0.0,0.0,82.78,82.78
1130,12,49907,12,1,82.78,0.0,0.0,82.78,82.78
1131,12,49907,12,2,82.78,0.0,0.0,82.78,82.78
1132,12,49907,12,3,82.78,0.0,0.0,82.78,82.78
1133,12,49908,12,0,0.0,0.0,0.0,0.0,0.0
1134,12,49908,12,1,0.0,0.0,0.0,0.0,0.0
1135,12,49908,12,2,0.0,0.0,0.0,0.0,0.0
1136,12,49908,12,3,0.0,0.0,0.0,0.0,0.0
1137,12,49911,12,0,13.04,0.0,0.0,8.0,13.04
1138,12,49911,12,1,13.04,0.0,0.0,8.0,13.04
1139,12,49911,12,2,13.04,0.0,0.0,8.0,13.04
1140,12,49911,12,3,13.04,0.0,0.0,8.0,13.04
1141,12,49912,12,0,8.0,0.0,0.0,0.0,8.0
1142,12,49912,12,1,8.0,0.0,0.0,0.0,8.0
1143,12,49912,12,2,8.0,0.0,0.0,0.0,8.0
1144,12,49912,12,3,8.0,0.0,0.0,0.0,8.0
1145,12,49913,12,0,0.0,0.0,0.0,0.0,0.0
1146,12,49913,12,1,0.0,0.0,0.0,0.0,0.0
1147,12,49913,12,2,0.0,0.0,0.0,0.0,0.0
1148,12,49913,12,3,0.0,0.0,0.0,0.0,0.0
1149,12,49914,12,0,0.0,0.0,0.0,0.0,0.0
1150,12,49914,12,1,0.0,0.0,0.0,0.0,0.0
1151,12,49914,12,2,0.0,0.0,0.0,0.0,0.0
1152,12,49914,12,3,0.0,0.0,0.0,0.0,0.0
1153,12,49915,12,0,0.0,0.0,0.0,0.0,0.0
1154,12,49915,12,1,0.0,0.0,0.0,0.0,0.0
1155,12,49915,12,2,0.0,0.0,0.0,0.0,0.0
1156,12,49915,12,3,0.0,0.0,0.0,0.0,0.0
1157,12,49920,12,0,80.21,0.0,0.0,102.12,80.21
1158,12,49920,12,1,80.21,0.0,0.0,102.12,80.21
1159,12,49920,12,2,80.21,0.0,0.0,102.12,80.21
1160,12,49920,12,3,80.21,0.0,196.08,102.12,276.29
1161,12,49921,12,0,65.36,0.0,0.0,0.0,65.36
1162,12,49921,12,1,65.36,0.0,0.0,0.0,65.36
1163,12,49921,12,2,0.0,0.0,0.0,0.0,0.0
1164,12,49921,12,3,65.36,0.0,0.0,196.08,65.36
1165,12,49922,12,0,102.12,0.0,0.0,78.38,102.12
1166,12,49922,12,1,102.12,0.0,0.0,78.38,102.12
1167,12,49922,12,2,102.12,0.0,0.0,78.38,102.12
1168,12,49922,12,3,102.12,0.0,0.0,78.38,102.12
1169,12,49923,12,0,20.02,0.0,0.0,10.06,20.02
1170,12,49923,12,1,20.02,0.0,0.0,29.98,20.02
1171,12,49923,12,2,20.02,0.0,0.0,20.02,20.02
1172,12,49923,12,3,20.02,0.0,0.0,20.02,20.02
1173,12,49924,12,0,58.36,0.0,0.0,93.37,58.36
1174,12,49924,12,1,58.36,0.0,0.0,93.37,58.36
1175,12,49924,12,2,58.36,0.0,0.0,93.37,58.36
1176,12,49924,12,3,58.36,0.0,0.0,93.37,58.36
1177,12,49925,12,0,93.37,0.0,0.0,30.06,93.37
1178,12,49925,12,1,93.37,0.0,0.0,30.06,93.37
1179,12,49925,12,2,93.37,0.0,0.0,30.06,93.37
1180,12,49925,12,3,93.37,0.0,0.0,30.06,93.37
1181,12,49927,12,0,30.06,0.0,0.0,0.0,30.06
1182,12,49927,12,1,30.06,0.0,0.0,0.0,30.06
1183,12,49927,12,2,30.06,0.0,0.0,0.0,30.06
1184,12,49927,12,3,30.06,0.0,0.0,0.0,30.06
1185,12,49928,12,0,10.06,0.0,0.0,0.0,10.06
1186,12,49928,12,1,10.06,0.0,0.0,0.0,10.06
1187,12,49928,12,2,10.06,0.0,0.0,0.0,10.06
1188,12,49928,12,3,10.06,0.0,0.0,40.24,10.06
1189,12,49929,12,0,0.0,0.0,0.0,0.0,0.0
1190,12,49929,12,1,0.0,0.0,0.0,0.0,0.0
1191,12,49929,12,2,0.0,29.88,0.0,0.0,29.88
1192,12,49929,12,3,9.96,0.0,0.0,0.0,9.96
1193,12,49930,12,0,0.0,0.0,0.0,0.0,0.0
1194,12,49930,12,1,0.0,0.0,0.0,0.0,0.0
1195,12,49930,12,2,0.0,0.0,0.0,0.0,0.0
1196,12,49930,12,3,11.0,0.0,29.24,0.0,40.24
1197,12,49931,12,0,0.0,-0.0,0.0,0.0,-0.0
1198,12,49931,12,1,19.92,0.0,0.0,0.0,19.92
1199,12,49931,12,2,0.0,9.96,0.0,29.88,9.96
1200,12,49931,12,3,0.0,9.96,0.0,9.96,9.96
1201,13,49900,13,0,996.2,0.0,0.0,258.74,996.2
1202,13,49900,13,1,0.0,0.0,0.0,245.82,0.0
1203,13,49900,13,2,0.0,0.0,0.0,245.82,0.0
1204,13,49900,13,3,0.0,0.0,0.0,245.82,0.0
1205,13,49901,13,0,58.04,12.92,0.0,61.27,70.96
1206,13,49901,13,1,58.04,0.0,0.0,61.27,58.04
1207,13,49901,13,2,58.04,0.0,0.0,61.27,58.04
1208,13,49901,13,3,58.04,0.0,0.0,61.27,58.04
1209,13,49902,13,0,61.27,0.0,0.0,81.6,61.27
1210,13,49902,13,1,61.27,165.56,0.0,81.6,226.83
1211,13,49902,13,2,61.27,0.0,0.0,81.6,61.27
1212,13,49902,13,3,61.27,165.56,0.0,81.6,226.83
1213,13,49903,13,0,81.6,0.0,0.0,81.6,81.6
1214,13,49903,13,1,81.6,0.0,0.0,75.0,81.6
1215,13,49903,13,2,81.6,0.0,0.0,88.2,81.6
1216,13,49903,13,3,81.6,0.0,0.0,81.6,81.6
1217,13,49904,13,0,0.0,0.0,0.0,0.0,0.0
1218,13,49904,13,1,0.0,0.0,0.0,0.0,0.0
1219,13,49904,13,2,0.0,0.0,0.0,0.0,0.0
1220,13,49904,13,3,0.0,0.0,0.0,0.0,0.0
1221,13,49905,13,0,75.0,6.6,0.0,0.0,81.6
1222,13,49905,13,1,75.0,0.0,0.0,0.0,75.0
1223,13,49905,13,2,75.0,13.2,0.0,0.0,88.2
1224,13,49905,13,3,75.0,6.6,0.0,0.0,81.6
1225,13,49906,13,0,105.0,0.0,0.0,158.61,105.0
1226,13,49906,13,1,105.0,0.0,0.0,158.61,105.0
1227,13,49906,13,2,105.0,0.0,0.0,158.61,105.0
1228,13,49906,13,3,105.0,0.0,0.0,158.61,105.0
1229,13,49907,13,0,82.78,0.0,0.0,0.0,82.78
1230,13,49907,13,1,82.78,0.0,0.0,165.56,82.78
1231,13,49907,13,2,82.78,0.0,0.0,0.0,82.78
1232,13,49907,13,3,82.78,0.0,0.0,165.56,82.78
1233,13,49908,13,0,0.0,0.0,0.0,0.0,0.0
1234,13,49908,13,1,0.0,0.0,0.0,0.0,0.0
1235,13,49908,13,2,0.0,0.0,0.0,0.0,0.0
1236,13,49908,13,3,0.0,0.0,0.0,0.0,0.0
1237,13,49911,13,0,13.04,0.0,0.0,8.0,13.04
1238,13,49911,13,1,13.04,0.0,0.0,8.0,13.04
1239,13,49911,13,2,13.04,0.0,0.0,8.0,13.04
1240,13,49911,13,3,13.04,0.0,0.0,8.0,13.04
1241,13,49912,13,0,8.0,0.0,0.0,0.0,8.0
1242,13,49912,13,1,8.0,0.0,0.0,0.0,8.0
1243,13,49912,13,2,8.0,0.0,0.0,0.0,8.0
1244,13,49912,13,3,8.0,0.0,0.0,0.0,8.0
1245,13,49913,13,0,0.0,0.0,0.0,0.0,0.0
1246,13,49913,13,1,0.0,0.0,0.0,0.0,0.0
1247,13,49913,13,2,0.0,0.0,0.0,0.0,0.0
1248,13,49913,13,3,0.0,0.0,0.0,0.0,0.0
1249,13,49914,13,0,0.0,0.0,0.0,0.0,0.0
1250,13,49914,13,1,0.0,0.0,0.0,0.0,0.0
1251,13,49914,13,2,0.0,0.0,0.0,0.0,0.0
1252,13,49914,13,3,0.0,0.0,0.0,0.0,0.0
1253,13,49915,13,0,0.0,0.0,0.0,0.0,0.0
1254,13,49915,13,1,0.0,0.0,0.0,0.0,0.0
1255,13,49915,13,2,0.0,0.0,0.0,0.0,0.0
1256,13,49915,13,3,0.0,0.0,0.0,0.0,0.0
1257,13,49920,13,0,80.21,0.0,0.0,102.12,80.21
1258,13,49920,13,1,80.21,0.0,0.0,102.12,80.21
1259,13,49920,13,2,80.21,0.0,0.0,102.12,80.21
1260,13,49920,13,3,80.21,261.44,0.0,102.12,341.65
1261,13,49921,13,0,65.36,0.0,0.0,0.0,65.36
1262,13,49921,13,1,65.36,0.0,0.0,0.0,65.36
1263,13,49921,13,2,65.36,0.0,0.0,0.0,65.36
1264,13,49921,13,3,65.36,0.0,0.0,261.44,65.36
1265,13,49922,13,0,102.12,0.0,0.0,78.38,102.12
1266,13,49922,13,1,102.12,0.0,0.0,78.38,102.12
1267,13,49922,13,2,102.12,0.0,0.0,78.38,102.12
1268,13,49922,13,3,102.12,0.0,0.0,78.38,102.12
1269,13,49923,13,0,20.02,0.0,0.0,10.06,20.02
1270,13,49923,13,1,20.02,0.0,0.0,29.98,20.02
1271,13,49923,13,2,20.02,0.0,0.0,20.02,20.02
1272,13,49923,13,3,20.02,0.0,0.0,20.02,20.02
1273,13,49924,13,0,58.36,0.0,0.0,93.37,58.36
1274,13,49924,13,1,58.36,0.0,0.0,93.37,58.36
1275,13,49924,13,2,58.36,0.0,0.0,93.37,58.36
1276,13,49924,13,3,58.36,0.0,0.0,93.37,58.36
1277,13,49925,13,0,93.37,0.0,0.0,30.06,93.37
1278,13,49925,13,1,93.37,0.0,0.0,30.06,93.37
1279,13,49925,13,2,93.37,0.0,0.0,30.06,93.37
1280,13,49925,13,3,93.37,0.0,0.0,30.06,93.37
1281,13,49927,13,0,30.06,0.0,0.0,0.0,30.06
1282,13,49927,13,1,30.06,0.0,0.0,0.0,30.06
1283,13,49927,13,2,30.06,0.0,0.0,0.0,30.06
1284,13,49927,13,3,30.06,0.0,0.0,0.0,30.06
1285,13,49928,13,0,10.06,0.0,0.0,10.06,10.06
1286,13,49928,13,1,10.06,0.0,0.0,0.0,10.06
1287,13,49928,13,2,10.06,0.0,0.0,20.12,10.06
1288,13,49928,13,3,10.06,0.0,0.0,10.06,10.06
1289,13,49929,13,0,0.0,0.0,0.0,0.0,0.0
1290,13,49929,13,1,0.0,0.0,0.0,0.0,0.0
1291,13,49929,13,2,29.88,0.0,0.0,0.0,29.88
1292,13,49929,13,3,9.96,0.0,0.0,0.0,9.96
1293,13,49930,13,0,10.06,0.0,0.0,0.0,10.06
1294,13,49930,13,1,0.0,0.0,0.0,0.0,0.0
1295,13,49930,13,2,0.0,20.12,0.0,0.0,20.12
1296,13,49930,13,3,10.06,0.0,0.0,0.0,10.06
1297,13,49931,13,0,-0.0,0.0,0.0,0.0,-0.0
1298,13,49931,13,1,19.92,0.0,0.0,0.0,19.92
1299,13,49931,13,2,0.0,9.96,0.0,29.88,9.96
1300,13,49931,13,3,9.96,0.0,0.0,9.96,9.96
1301,14,49900,14,0,0.0,0.0,708.1,249.05,708.1
1302,14,49900,14,1,0.0,0.0,0.0,108.23,0.0
1303,14,49900,14,2,0.0,0.0,0.0,105.0,0.0
1304,14,49900,14,3,0.0,0.0,0.0,245.82,0.0
1305,14,49901,14,0,58.04,0.0,3.23,61.27,61.27
1306,14,49901,14,1,3.23,0.0,0.0,0.0,3.23
1307,14,49901,14,2,0.0,0.0,0.0,0.0,0.0
1308,14,49901,14,3,58.04,0.0,0.0,61.27,58.04
1309,14,49902,14,0,61.27,82.78,0.0,81.6,144.05
1310,14,49902,14,1,0.0,0.0,0.0,28.51,0.0
1311,14,49902,14,2,0.0,0.0,0.0,0.0,0.0
1312,14,49902,14,3,61.27,82.78,0.0,81.6,144.05
1313,14,49903,14,0,81.6,0.0,0.0,75.0,81.6
1314,14,49903,14,1,28.51,0.0,0.0,35.11,28.51
1315,14,49903,14,2,0.0,0.0,0.0,0.0,0.0
1316,14,49903,14,3,81.6,0.0,0.0,81.6,81.6
1317,14,49904,14,0,0.0,0.0,0.0,0.0,0.0
1318,14,49904,14,1,0.0,0.0,0.0,0.0,0.0
1319,14,49904,14,2,0.0,0.0,0.0,0.0,0.0
1320,14,49904,14,3,0.0,0.0,0.0,0.0,0.0
1321,14,49905,14,0,75.0,0.0,0.0,0.0,75.0
1322,14,49905,14,1,35.11,0.0,0.0,0.0,35.11
1323,14,49905,14,2,0.0,0.0,0.0,0.0,0.0
1324,14,49905,14,3,75.0,6.6,0.0,0.0,81.6
1325,14,49906,14,0,105.0,0.0,0.0,158.61,105.0
1326,14,49906,14,1,105.0,0.0,0.0,93.25,105.0
1327,14,49906,14,2,105.0,0.0,0.0,13.04,105.0
1328,14,49906,14,3,105.0,0.0,0.0,158.61,105.0
1329,14,49907,14,0,82.78,0.0,0.0,82.78,82.78
1330,14,49907,14,1,0.0,0.0,0.0,0.0,0.0
1331,14,49907,14,2,0.0,0.0,0.0,0.0,0.0
1332,14,49907,14,3,82.78,0.0,0.0,82.78,82.78
1333,14,49908,14,0,0.0,0.0,0.0,0.0,0.0
1334,14,49908,14,1,0.0,0.0,0.0,0.0,0.0
1335,14,49908,14,2,0.0,0.0,0.0,0.0,0.0
1336,14,49908,14,3,0.0,0.0,0.0,0.0,0.0
1337,14,49911,14,0,13.04,0.0,0.0,8.0,13.04
1338,14,49911,14,1,13.04,0.0,0.0,8.0,13.04
1339,14,49911,14,2,13.04,0.0,0.0,8.0,13.04
1340,14,49911,14,3,13.04,0.0,0.0,8.0,13.04
1341,14,49912,14,0,8.0,0.0,0.0,0.0,8.0
1342,14,49912,14,1,8.0,0.0,0.0,0.0,8.0
1343,14,49912,14,2,8.0,0.0,0.0,0.0,8.0
1344,14,49912,14,3,8.0,0.0,0.0,0.0,8.0
1345,14,49913,14,0,0.0,0.0,0.0,0.0,0.0
1346,14,49913,14,1,0.0,0.0,0.0,0.0,0.0
1347,14,49913,14,2,0.0,0.0,0.0,0.0,0.0
1348,14,49913,14,3,0.0,0.0,0.0,0.0,0.0
1349,14,49914,14,0,0.0,0.0,0.0,0.0,0.0
1350,14,49914,14,1,0.0,0.0,0.0,0.0,0.0
1351,14,49914,14,2,0.0,0.0,0.0,0.0,0.0
1352,14,49914,14,3,0.0,0.0,0.0,0.0,0.0
1353,14,49915,14,0,0.0,0.0,0.0,0.0,0.0
1354,14,49915,14,1,0.0,0.0,0.0,0.0,0.0
1355,14,49915,14,2,0.0,0.0,0.0,0.0,0.0
1356,14,49915,14,3,0.0,0.0,0.0,0.0,0.0
1357,14,49920,14,0,80.21,0.0,0.0,102.12,80.21
1358,14,49920,14,1,80.21,0.0,0.0,102.12,80.21
1359,14,49920,14,2,0.0,0.0,0.0,72.49,0.0
1360,14,49920,14,3,80.21,0.0,130.72,102.12,210.93
1361,14,49921,14,0,65.36,0.0,0.0,0.0,65.36
1362,14,49921,14,1,0.0,0.0,0.0,0.0,0.0
1363,14,49921,14,2,0.0,0.0,0.0,0.0,0.0
1364,14,49921,14,3,65.36,0.0,0.0,130.72,65.36
1365,14,49922,14,0,102.12,0.0,0.0,78.38,102.12
1366,14,49922,14,1,102.12,0.0,0.0,78.38,102.12
1367,14,49922,14,2,72.49,0.0,0.0,78.38,72.49
1368,14,49922,14,3,102.12,0.0,0.0,78.38,102.12
1369,14,49923,14,0,20.02,0.0,0.0,10.06,20.02
1370,14,49923,14,1,20.02,0.0,0.0,29.98,20.02
1371,14,49923,14,2,20.02,0.0,0.0,20.02,20.02
1372,14,49923,14,3,20.02,0.0,0.0,20.02,20.02
1373,14,49924,14,0,58.36,0.0,0.0,93.37,58.36
1374,14,49924,14,1,58.36,0.0,0.0,93.37,58.36
1375,14,49924,14,2,58.36,0.0,0.0,93.37,58.36
1376,14,49924,14,3,58.36,0.0,0.0,93.37,58.36
1377,14,49925,14,0,93.37,0.0,0.0,30.06,93.37
1378,14,49925,14,1,93.37,0.0,0.0,30.06,93.37
1379,14,49925,14,2,93.37,0.0,0.0,30.06,93.37
1380,14,49925,14,3,93.37,0.0,0.0,30.06,93.37
1381,14,49927,14,0,30.06,0.0,0.0,0.0,30.06
1382,14,49927,14,1,30.06,0.0,0.0,0.0,30.06
1383,14,49927,14,2,30.06,0.0,0.0,0.0,30.06
1384,14,49927,14,3,30.06,0.0,0.0,0.0,30.06
1385,14,49928,14,0,10.06,0.0,0.0,10.06,10.06
1386,14,49928,14,1,10.06,0.0,0.0,0.0,10.06
1387,14,49928,14,2,10.06,0.0,0.0,0.0,10.06
1388,14,49928,14,3,10.06,0.0,0.0,30.18,10.06
1389,14,49929,14,0,0.0,0.0,0.0,0.0,0.0
1390,14,49929,14,1,0.0,0.0,0.0,0.0,0.0
1391,14,49929,14,2,29.88,0.0,0.0,0.0,29.88
1392,14,49929,14,3,9.96,0.0,0.0,0.0,9.96
1393,14,49930,14,0,0.0,0.0,10.06,0.0,10.06
1394,14,49930,14,1,0.0,0.0,0.0,0.0,0.0
1395,14,49930,14,2,0.0,0.0,0.0,0.0,0.0
1396,14,49930,14,3,0.0,30.18,0.0,0.0,30.18
1397,14,49931,14,0,0.0,-0.0,0.0,0.0,-0.0
1398,14,49931,14,1,19.92,0.0,0.0,0.0,19.92
1399,14,49931,14,2,9.96,0.0,0.0,29.88,9.96
1400,14,49931,14,3,9.96,0.0,0.0,9.96,9.96
1401,15,49900,15,0,0.0,0.0,996.2,258.74,996.2
1402,15,49900,15,1,0.0,0.0,0.0,245.82,0.0
1403,15,49900,15,2,0.0,0.0,0.0,245.82,0.0
1404,15,49900,15,3,0.0,0.0,0.0,245.82,0.0
1405,15,49901,15,0,58.04,12.92,0.0,61.27,70.96
1406,15,49901,15,1,58.04,0.0,0.0,61.27,58.04
1407,15,49901,15,2,58.04,0.0,0.0,61.27,58.04
1408,15,49901,15,3,58.04,0.0,0.0,61.27,58.04
1409,15,49902,15,0,61.27,0.0,0.0,81.6,61.27
1410,15,49902,15,1,61.27,0.0,0.0,81.6,61.27
1411,15,49902,15,2,61.27,248.34,0.0,81.6,309.61
1412,15,49902,15,3,61.27,82.78,0.0,81.6,144.05
1413,15,49903,15,0,81.6,0.0,0.0,81.6,81.6
1414,15,49903,15,1,81.6,0.0,0.0,75.0,81.6
1415,15,49903,15,2,81.6,0.0,0.0,88.2,81.6
1416,15,49903,15,3,81.6,0.0,0.0,81.6,81.6
1417,15,49904,15,0,0.0,0.0,0.0,0.0,0.0
1418,15,49904,15,1,0.0,0.0,0.0,0.0,0.0
1419,15,49904,15,2,0.0,0.0,0.0,0.0,0.0
1420,15,49904,15,3,0.0,0.0,0.0,0.0,0.0
1421,15,49905,15,0,75.0,6.6,0.0,0.0,81.6
1422,15,49905,15,1,75.0,0.0,0.0,0.0,75.0
1423,15,49905,15,2,75.0,13.2,0.0,0.0,88.2
1424,15,49905,15,3,75.0,6.6,0.0,0.0,81.6
1425,15,49906,15,0,105.0,0.0,0.0,158.61,105.0
1426,15,49906,15,1,105.0,0.0,0.0,158.61,105.0
1427,15,49906,15,2,105.0,0.0,0.0,158.61,105.0
1428,15,49906,15,3,105.0,0.0,0.0,158.61,105.0
1429,15,49907,15,0,82.78,0.0,0.0,0.0,82.78
1430,15,49907,15,1,82.78,0.0,0.0,0.0,82.78
1431,15,49907,15,2,82.78,0.0,0.0,248.34,82.78
1432,15,49907,15,3,82.78,0.0,0.0,82.78,82.78
1433,15,49908,15,0,0.0,0.0,0.0,0.0,0.0
1434,15,49908,15,1,0.0,0.0,0.0,0.0,0.0
1435,15,49908,15,2,0.0,0.0,0.0,0.0,0.0
1436,15,49908,15,3,0.0,0.0,0.0,0.0,0.0
1437,15,49911,15,0,13.04,0.0,0.0,8.0,13.04
1438,15,49911,15,1,13.04,0.0,0.0,8.0,13.04
1439,15,49911,15,2,13.04,0.0,0.0,8.0,13.04
1440,15,49911,15,3,13.04,0.0,0.0,8.0,13.04
1441,15,49912,15,0,8.0,0.0,0.0,0.0,8.0
1442,15,49912,15,1,8.0,0.0,0.0,0.0,8.0
1443,15,49912,15,2,8.0,0.0,0.0,0.0,8.0
1444,15,49912,15,3,8.0,0.0,0.0,0.0,8.0
1445,15,49913,15,0,0.0,0.0,0.0,0.0,0.0
1446,15,49913,15,1,0.0,0.0,0.0,0.0,0.0
1447,15,49913,15,2,0.0,0.0,0.0,0.0,0.0
1448,15,49913,15,3,0.0,0.0,0.0,0.0,0.0
1449,15,49914,15,0,0.0,0.0,0.0,0.0,0.0
1450,15,49914,15,1,0.0,0.0,0.0,0.0,0.0
1451,15,49914,15,2,0.0,0.0,0.0,0.0,0.0
1452,15,49914,15,3,0.0,0.0,0.0,0.0,0.0
1453,15,49915,15,0,0.0,0.0,0.0,0.0,0.0
1454,15,49915,15,1,0.0,0.0,0.0,0.0,0.0
1455,15,49915,15,2,0.0,0.0,0.0,0.0,0.0
1456,15,49915,15,3,0.0,0.0,0.0,0.0,0.0
1457,15,49920,15,0,80.21,0.0,0.0,102.12,80.21
1458,15,49920,15,1,80.21,0.0,130.72,102.12,210.93
1459,15,49920,15,2,80.21,0.0,65.36,102.12,145.57
1460,15,49920,15,3,80.21,0.0,65.36,102.12,145.57
1461,15,49921,15,0,65.36,0.0,0.0,0.0,65.36
1462,15,49921,15,1,65.36,0.0,0.0,130.72,65.36
1463,15,49921,15,2,65.36,0.0,0.0,65.36,65.36
1464,15,49921,15,3,65.36,0.0,0.0,65.36,65.36
1465,15,49922,15,0,102.12,0.0,0.0,78.38,102.12
1466,15,49922,15,1,102.12,0.0,0.0,78.38,102.12
1467,15,49922,15,2,102.12,0.0,0.0,78.38,102.12
1468,15,49922,15,3,102.12,0.0,0.0,78.38,102.12
1469,15,49923,15,0,20.02,0.0,0.0,10.06,20.02
1470,15,49923,15,1,20.02,0.0,0.0,29.98,20.02
1471,15,49923,15,2,20.02,0.0,0.0,20.02,20.02
1472,15,49923,15,3,20.02,0.0,0.0,20.02,20.02
1473,15,49924,15,0,58.36,0.0,0.0,93.37,58.36
1474,15,49924,15,1,58.36,0.0,0.0,93.37,58.36
1475,15,49924,15,2,58.36,0.0,0.0,93.37,58.36
1476,15,49924,15,3,58.36,0.0,0.0,93.37,58.36
1477,15,49925,15,0,93.37,0.0,0.0,30.06,93.37
1478,15,49925,15,1,93.37,0.0,0.0,30.06,93.37
1479,15,49925,15,2,93.37,0.0,0.0,30.06,93.37
1480,15,49925,15,3,93.37,0.0,0.0,30.06,93.37
1481,15,49927,15,0,30.06,0.0,0.0,0.0,30.06
1482,15,49927,15,1,30.06,0.0,0.0,0.0,30.06
1483,15,49927,15,2,30.06,0.0,0.0,0.0,30.06
1484,15,49927,15,3,30.06,0.0,0.0,0.0,30.06
1485,15,49928,15,0,10.06,0.0,0.0,0.0,10.06
1486,15,49928,15,1,10.06,0.0,0.0,0.0,10.06
1487,15,49928,15,2,10.06,0.0,0.0,0.0,10.06
1488,15,49928,15,3,10.06,0.0,0.0,40.24,10.06
1489,15,49929,15,0,0.0,0.0,0.0,0.0,0.0
1490,15,49929,15,1,0.0,0.0,0.0,0.0,0.0
1491,15,49929,15,2,0.0,29.88,0.0,0.0,29.88
1492,15,49929,15,3,0.0,9.96,0.0,0.0,9.96
1493,15,49930,15,0,0.0,0.0,0.0,0.0,0.0
1494,15,49930,15,1,0.0,0.0,0.0,0.0,0.0
1495,15,49930,15,2,0.0,0.0,0.0,0.0,0.0
1496,15,49930,15,3,11.0,0.0,29.24,0.0,40.24
1497,15,49931,15,0,-0.0,0.0,0.0,0.0,-0.0
1498,15,49931,15,1,19.92,0.0,0.0,0.0,19.92
1499,15,49931,15,2,9.96,0.0,0.0,29.88,9.96
1500,15,49931,15,3,0.0,9.96,0.0,9.96,9.96
1501,16,49900,16,0,996.2,0.0,0.0,249.05,996.2
1502,16,49900,16,1,0.0,0.0,0.0,255.51,0.0
1503,16,49900,16,2,0.0,0.0,0.0,245.82,0.0
1504,16,49900,16,3,0.0,0.0,0.0,245.82,0.0
1505,16,49901,16,0,58.04,0.0,3.23,61.27,61.27
1506,16,49901,16,1,58.04,0.0,9.69,61.27,67.73
1507,16,49901,16,2,58.04,0.0,0.0,61.27,58.04
1508,16,49901,16,3,58.04,0.0,0.0,61.27,58.04
1509,16,49902,16,0,61.27,0.0,0.0,81.6,61.27
1510,16,49902,16,1,61.27,0.0,0.0,81.6,61.27
1511,16,49902,16,2,61.27,248.34,0.0,81.6,309.61
1512,16,49902,16,3,61.27,82.78,0.0,81.6,144.05
1513,16,49903,16,0,81.6,0.0,0.0,81.6,81.6
1514,16,49903,16,1,81.6,0.0,0.0,75.0,81.6
1515,16,49903,16,2,81.6,0.0,0.0,88.2,81.6
1516,16,49903,16,3,81.6,0.0,0.0,81.6,81.6
1517,16,49904,16,0,0.0,0.0,0.0,0.0,0.0
1518,16,49904,16,1,0.0,0.0,0.0,0.0,0.0
1519,16,49904,16,2,0.0,0.0,0.0,0.0,0.0
1520,16,49904,16,3,0.0,0.0,0.0,0.0,0.0
1521,16,49905,16,0,75.0,6.6,0.0,0.0,81.6
1522,16,49905,16,1,75.0,0.0,0.0,0.0,75.0
1523,16,49905,16,2,75.0,13.2,0.0,0.0,88.2
1524,16,49905,16,3,75.0,6.6,0.0,0.0,81.6
1525,16,49906,16,0,105.0,0.0,0.0,158.61,105.0
1526,16,49906,16,1,105.0,0.0,0.0,158.61,105.0
1527,16,49906,16,2,105.0,0.0,0.0,158.61,105.0
1528,16,49906,16,3,105.0,0.0,0.0,158.61,105.0
1529,16,49907,16,0,82.78,0.0,0.0,0.0,82.78
1530,16,49907,16,1,82.78,0.0,0.0,0.0,82.78
1531,16,49907,16,2,82.78,0.0,0.0,248.34,82.78
1532,16,49907,16,3,82.78,0.0,0.0,82.78,82.78
1533,16,49908,16,0,0.0,0.0,0.0,0.0,0.0
1534,16,49908,16,1,0.0,0.0,0.0,0.0,0.0
1535,16,49908,16,2,0.0,0.0,0.0,0.0,0.0
1536,16,49908,16,3,0.0,0.0,0.0,0.0,0.0
1537,16,49911,16,0,13.04,0.0,0.0,8.0,13.04
1538,16,49911,16,1,13.04,0.0,0.0,8.0,13.04
1539,16,49911,16,2,13.04,0.0,0.0,8.0,13.04
1540,16,49911,16,3,13.04,0.0,0.0,8.0,13.04
1541,16,49912,16,0,8.0,0.0,0.0,0.0,8.0
1542,16,49912,16,1,8.0,0.0,0.0,0.0,8.0
1543,16,49912,16,2,8.0,0.0,0.0,0.0,8.0
1544,16,49912,16,3,8.0,0.0,0.0,0.0,8.0
1545,16,49913,16,0,0.0,0.0,0.0,0.0,0.0
1546,16,49913,16,1,0.0,0.0,0.0,0.0,0.0
1547,16,49913,16,2,0.0,0.0,0.0,0.0,0.0
1548,16,49913,16,3,0.0,0.0,0.0,0.0,0.0
1549,16,49914,16,0,0.0,0.0,0.0,0.0,0.0
1550,16,49914,16,1,0.0,0.0,0.0,0.0,0.0
1551,16,49914,16,2,0.0,0.0,0.0,0.0,0.0
1552,16,49914,16,3,0.0,0.0,0.0,0.0,0.0
1553,16,49915,16,0,0.0,0.0,0.0,0.0,0.0
1554,16,49915,16,1,0.0,0.0,0.0,0.0,0.0
1555,16,49915,16,2,0.0,0.0,0.0,0.0,0.0
1556,16,49915,16,3,0.0,0.0,0.0,0.0,0.0
1557,16,49920,16,0,80.21,0.0,0.0,102.12,80.21
1558,16,49920,16,1,80.21,0.0,0.0,102.12,80.21
1559,16,49920,16,2,80.21,0.0,0.0,102.12,80.21
1560,16,49920,16,3,80.21,0.0,261.44,102.12,341.65
1561,16,49921,16,0,65.36,0.0,0.0,0.0,65.36
1562,16,49921,16,1,65.36,0.0,0.0,0.0,65.36
1563,16,49921,16,2,65.36,0.0,0.0,0.0,65.36
1564,16,49921,16,3,65.36,0.0,0.0,261.44,65.36
1565,16,49922,16,0,102.12,0.0,0.0,78.38,102.12
1566,16,49922,16,1,102.12,0.0,0.0,78.38,102.12
1567,16,49922,16,2,102.12,0.0,0.0,78.38,102.12
1568,16,49922,16,3,102.12,0.0,0.0,78.38,102.12
1569,16,49923,16,0,20.02,0.0,0.0,20.02,20.02
1570,16,49923,16,1,20.02,0.0,0.0,20.02,20.02
1571,16,49923,16,2,20.02,0.0,0.0,20.02,20.02
1572,16,49923,16,3,20.02,0.0,0.0,20.02,20.02
1573,16,49924,16,0,58.36,0.0,0.0,93.37,58.36
1574,16,49924,16,1,58.36,0.0,0.0,93.37,58.36
1575,16,49924,16,2,58.36,0.0,0.0,93.37,58.36
1576,16,49924,16,3,58.36,0.0,0.0,93.37,58.36
1577,16,49925,16,0,93.37,0.0,0.0,30.06,93.37
1578,16,49925,16,1,93.37,0.0,0.0,30.06,93.37
1579,16,49925,16,2,93.37,0.0,0.0,30.06,93.37
1580,16,49925,16,3,93.37,0.0,0.0,30.06,93.37
1581,16,49927,16,0,30.06,0.0,0.0,0.0,30.06
1582,16,49927,16,1,30.06,0.0,0.0,0.0,30.06
1583,16,49927,16,2,30.06,0.0,0.0,0.0,30.06
1584,16,49927,16,3,30.06,0.0,0.0,0.0,30.06
1585,16,49928,16,0,10.06,0.0,0.0,0.0,10.06
1586,16,49928,16,1,10.06,0.0,0.0,0.0,10.06
1587,16,49928,16,2,10.06,0.0,0.0,0.0,10.06
1588,16,49928,16,3,10.06,0.0,0.0,40.24,10.06
1589,16,49929,16,0,0.0,0.0,0.0,0.0,0.0
1590,16,49929,16,1,0.0,0.0,0.0,0.0,0.0
1591,16,49929,16,2,29.88,0.0,0.0,0.0,29.88
1592,16,49929,16,3,9.96,0.0,0.0,0.0,9.96
1593,16,49930,16,0,0.0,0.0,0.0,0.0,0.0
1594,16,49930,16,1,0.0,0.0,0.0,0.0,0.0
1595,16,49930,16,2,0.0,0.0,0.0,0.0,0.0
1596,16,49930,16,3,0.0,0.0,40.24,0.0,40.24
1597,16,49931,16,0,9.96,0.0,0.0,0.0,9.96
1598,16,49931,16,1,9.96,0.0,0.0,0.0,9.96
1599,16,49931,16,2,0.0,9.96,0.0,29.88,9.96
1600,16,49931,16,3,9.96,0.0,0.0,9.96,9.96
1601,17,49900,17,0,996.2,0.0,0.0,258.74,996.2
1602,17,49900,17,1,0.0,0.0,0.0,245.82,0.0
1603,17,49900,17,2,0.0,0.0,0.0,245.82,0.0
1604,17,49900,17,3,0.0,0.0,0.0,245.82,0.0
1605,17,49901,17,0,58.04,12.92,0.0,61.27,70.96
1606,17,49901,17,1,58.04,0.0,0.0,61.27,58.04
1607,17,49901,17,2,58.04,0.0,0.0,61.27,58.04
1608,17,49901,17,3,58.04,0.0,0.0,61.27,58.04
1609,17,49902,17,0,61.27,0.0,0.0,81.6,61.27
1610,17,49902,17,1,61.27,0.0,0.0,81.6,61.27
1611,17,49902,17,2,61.27,0.0,0.0,81.6,61.27
1612,17,49902,17,3,61.27,331.12,0.0,81.6,392.39
1613,17,49903,17,0,81.6,0.0,0.0,81.6,81.6
1614,17,49903,17,1,81.6,0.0,0.0,75.0,81.6
1615,17,49903,17,2,81.6,0.0,0.0,75.0,81.6
1616,17,49903,17,3,81.6,0.0,0.0,94.8,81.6
1617,17,49904,17,0,0.0,0.0,0.0,0.0,0.0
1618,17,49904,17,1,0.0,0.0,0.0,0.0,0.0
1619,17,49904,17,2,0.0,0.0,0.0,0.0,0.0
1620,17,49904,17,3,0.0,0.0,0.0,0.0,0.0
1621,17,49905,17,0,75.0,6.6,0.0,0.0,81.6
1622,17,49905,17,1,75.0,0.0,0.0,0.0,75.0
1623,17,49905,17,2,75.0,0.0,0.0,0.0,75.0
1624,17,49905,17,3,75.0,19.8,0.0,0.0,94.8
1625,17,49906,17,0,105.0,0.0,0.0,158.61,105.0
1626,17,49906,17,1,105.0,0.0,0.0,158.61,105.0
1627,17,49906,17,2,105.0,0.0,0.0,158.61,105.0
1628,17,49906,17,3,105.0,0.0,0.0,158.61,105.0
1629,17,49907,17,0,82.78,0.0,0.0,0.0,82.78
1630,17,49907,17,1,82.78,0.0,0.0,0.0,82.78
1631,17,49907,17,2,82.78,0.0,0.0,0.0,82.78
1632,17,49907,17,3,82.78,0.0,0.0,331.12,82.78
1633,17,49908,17,0,0.0,0.0,0.0,0.0,0.0
1634,17,49908,17,1,0.0,0.0,0.0,0.0,0.0
1635,17,49908,17,2,0.0,0.0,0.0,0.0,0.0
1636,17,49908,17,3,0.0,0.0,0.0,0.0,0.0
1637,17,49911,17,0,13.04,0.0,0.0,8.0,13.04
1638,17,49911,17,1,13.04,0.0,0.0,8.0,13.04
1639,17,49911,17,2,13.04,0.0,0.0,8.0,13.04
1640,17,49911,17,3,13.04,0.0,0.0,8.0,13.04
1641,17,49912,17,0,8.0,0.0,0.0,0.0,8.0
1642,17,49912,17,1,8.0,0.0,0.0,0.0,8.0
1643,17,49912,17,2,8.0,0.0,0.0,0.0,8.0
1644,17,49912,17,3,8.0,0.0,0.0,0.0,8.0
1645,17,49913,17,0,0.0,0.0,0.0,0.0,0.0
1646,17,49913,17,1,0.0,0.0,0.0,0.0,0.0
1647,17,49913,17,2,0.0,0.0,0.0,0.0,0.0
1648,17,49913,17,3,0.0,0.0,0.0,0.0,0.0
1649,17,49914,17,0,0.0,0.0,0.0,0.0,0.0
1650,17,49914,17,1,0.0,0.0,0.0,0.0,0.0
1651,17,49914,17,2,0.0,0.0,0.0,0.0,0.0
1652,17,49914,17,3,0.0,0.0,0.0,0.0,0.0
1653,17,49915,17,0,0.0,0.0,0.0,0.0,0.0
1654,17,49915,17,1,0.0,0.0,0.0,0.0,0.0
1655,17,49915,17,2,0.0,0.0,0.0,0.0,0.0
1656,17,49915,17,3,0.0,0.0,0.0,0.0,0.0
1657,17,49920,17,0,80.21,0.0,0.0,102.12,80.21
1658,17,49920,17,1,80.21,0.0,130.72,102.12,210.93
1659,17,49920,17,2,80.21,65.36,0.0,102.12,145.57
1660,17,49920,17,3,80.21,65.36,0.0,102.12,145.57
1661,17,49921,17,0,65.36,0.0,0.0,0.0,65.36
1662,17,49921,17,1,65.36,0.0,0.0,130.72,65.36
1663,17,49921,17,2,65.36,0.0,0.0,65.36,65.36
1664,17,49921,17,3,65.36,0.0,0.0,65.36,65.36
1665,17,49922,17,0,102.12,0.0,0.0,78.38,102.12
1666,17,49922,17,1,102.12,0.0,0.0,78.38,102.12
1667,17,49922,17,2,102.12,0.0,0.0,78.38,102.12
1668,17,49922,17,3,102.12,0.0,0.0,78.38,102.12
1669,17,49923,17,0,20.02,0.0,0.0,10.06,20.02
1670,17,49923,17,1,20.02,0.0,0.0,29.98,20.02
1671,17,49923,17,2,20.02,0.0,0.0,10.06,20.02
1672,17,49923,17,3,20.02,0.0,0.0,29.98,20.02
1673,17,49924,17,0,58.36,0.0,0.0,93.37,58.36
1674,17,49924,17,1,58.36,0.0,0.0,93.37,58.36
1675,17,49924,17,2,58.36,0.0,0.0,93.37,58.36
1676,17,49924,17,3,58.36,0.0,0.0,93.37,58.36
1677,17,49925,17,0,93.37,0.0,0.0,30.06,93.37
1678,17,49925,17,1,93.37,0.0,0.0,30.06,93.37
1679,17,49925,17,2,93.37,0.0,0.0,30.06,93.37
1680,17,49925,17,3,93.37,0.0,0.0,30.06,93.37
1681,17,49927,17,0,30.06,0.0,0.0,0.0,30.06
1682,17,49927,17,1,30.06,0.0,0.0,0.0,30.06
1683,17,49927,17,2,30.06,0.0,0.0,0.0,30.06
1684,17,49927,17,3,30.06,0.0,0.0,0.0,30.06
1685,17,49928,17,0,10.06,0.0,0.0,0.0,10.06
1686,17,49928,17,1,10.06,0.0,0.0,0.0,10.06
1687,17,49928,17,2,10.06,0.0,0.0,0.0,10.06
1688,17,49928,17,3,10.06,0.0,0.0,40.24,10.06
1689,17,49929,17,0,0.0,0.0,0.0,0.0,0.0
1690,17,49929,17,1,0.0,0.0,0.0,0.0,0.0
1691,17,49929,17,2,19.92,0.0,0.0,0.0,19.92
1692,17,49929,17,3,19.92,0.0,0.0,0.0,19.92
1693,17,49930,17,0,0.0,0.0,0.0,0.0,0.0
1694,17,49930,17,1,0.0,0.0,0.0,0.0,0.0
1695,17,49930,17,2,0.0,0.0,0.0,0.0,0.0
1696,17,49930,17,3,0.0,0.0,40.24,0.0,40.24
1697,17,49931,17,0,-0.0,0.0,0.0,0.0,-0.0
1698,17,49931,17,1,0.0,19.92,0.0,0.0,19.92
1699,17,49931,17,2,0.0,0.0,0.0,19.92,0.0
1700,17,49931,17,3,19.92,0.0,0.0,19.92,19.92
1701,18,49900,18,0,852.15,0.0,0.0,255.51,852.15
1702,18,49900,18,1,0.0,0.0,0.0,245.82,0.0
1703,18,49900,18,2,0.0,0.0,0.0,245.82,0.0
1704,18,49900,18,3,0.0,0.0,0.0,105.0,0.0
1705,18,49901,18,0,58.04,0.0,9.69,61.27,67.73
1706,18,49901,18,1,58.04,0.0,0.0,61.27,58.04
1707,18,49901,18,2,58.04,0.0,0.0,61.27,58.04
1708,18,49901,18,3,0.0,0.0,0.0,0.0,0.0
1709,18,49902,18,0,61.27,82.78,0.0,81.6,144.05
1710,18,49902,18,1,61.27,0.0,0.0,81.6,61.27
1711,18,49902,18,2,61.27,0.0,0.0,81.6,61.27
1712,18,49902,18,3,0.0,165.56,0.0,0.0,165.56
1713,18,49903,18,0,81.6,0.0,0.0,75.0,81.6
1714,18,49903,18,1,81.6,0.0,0.0,75.0,81.6
1715,18,49903,18,2,81.6,0.0,0.0,75.0,81.6
1716,18,49903,18,3,0.0,0.0,0.0,19.8,0.0
1717,18,49904,18,0,0.0,0.0,0.0,0.0,0.0
1718,18,49904,18,1,0.0,0.0,0.0,0.0,0.0
1719,18,49904,18,2,0.0,0.0,0.0,0.0,0.0
1720,18,49904,18,3,0.0,0.0,0.0,0.0,0.0
1721,18,49905,18,0,75.0,0.0,0.0,0.0,75.0
1722,18,49905,18,1,75.0,0.0,0.0,0.0,75.0
1723,18,49905,18,2,75.0,0.0,0.0,0.0,75.0
1724,18,49905,18,3,19.8,0.0,0.0,0.0,19.8
1725,18,49906,18,0,105.0,0.0,0.0,158.61,105.0
1726,18,49906,18,1,105.0,0.0,0.0,158.61,105.0
1727,18,49906,18,2,105.0,0.0,0.0,158.61,105.0
1728,18,49906,18,3,105.0,0.0,0.0,37493.25,105.0
1729,18,49907,18,0,82.78,0.0,0.0,82.78,82.78
1730,18,49907,18,1,82.78,0.0,0.0,0.0,82.78
1731,18,49907,18,2,82.78,0.0,0.0,0.0,82.78
1732,18,49907,18,3,0.0,0.0,0.0,165.56,0.0
1733,18,49908,18,0,0.0,0.0,0.0,0.0,0.0
1734,18,49908,18,1,0.0,0.0,0.0,0.0,0.0
1735,18,49908,18,2,0.0,0.0,0.0,0.0,0.0
1736,18,49908,18,3,10.0,37390.0,0.0,0.0,37400.0
1737,18,49911,18,0,13.04,0.0,0.0,8.0,13.04
1738,18,49911,18,1,13.04,0.0,0.0,8.0,13.04
1739,18,49911,18,2,13.04,0.0,0.0,8.0,13.04
1740,18,49911,18,3,13.04,0.0,0.0,8.0,13.04
1741,18,49912,18,0,8.0,0.0,0.0,0.0,8.0
1742,18,49912,18,1,8.0,0.0,0.0,0.0,8.0
1743,18,49912,18,2,8.0,0.0,0.0,0.0,8.0
1744,18,49912,18,3,8.0,0.0,0.0,0.0,8.0
1745,18,49913,18,0,0.0,0.0,0.0,0.0,0.0
1746,18,49913,18,1,0.0,0.0,0.0,0.0,0.0
1747,18,49913,18,2,0.0,0.0,0.0,0.0,0.0
1748,18,49913,18,3,0.0,0.0,0.0,0.0,0.0
1749,18,49914,18,0,0.0,0.0,0.0,0.0,0.0
1750,18,49914,18,1,0.0,0.0,0.0,0.0,0.0
1751,18,49914,18,2,0.0,0.0,0.0,0.0,0.0
1752,18,49914,18,3,0.0,0.0,0.0,0.0,0.0
1753,18,49915,18,0,0.0,0.0,0.0,0.0,0.0
1754,18,49915,18,1,0.0,0.0,0.0,0.0,0.0
1755,18,49915,18,2,0.0,0.0,0.0,0.0,0.0
1756,18,49915,18,3,0.0,0.0,0.0,0.0,0.0
1757,18,49920,18,0,80.21,0.0,65.36,102.12,145.57
1758,18,49920,18,1,80.21,65.36,0.0,102.12,145.57
1759,18,49920,18,2,80.21,0.0,0.0,102.12,80.21
1760,18,49920,18,3,80.21,65.36,0.0,0.0,145.57
1761,18,49921,18,0,65.36,0.0,0.0,65.36,65.36
1762,18,49921,18,1,65.36,0.0,0.0,65.36,65.36
1763,18,49921,18,2,65.36,0.0,0.0,0.0,65.36
1764,18,49921,18,3,0.0,0.0,0.0,65.36,0.0
1765,18,49922,18,0,102.12,0.0,0.0,78.38,102.12
1766,18,49922,18,1,102.12,0.0,0.0,78.38,102.12
1767,18,49922,18,2,102.12,0.0,0.0,78.38,102.12
1768,18,49922,18,3,0.0,0.0,0.0,78.38,0.0
1769,18,49923,18,0,20.02,0.0,0.0,20.02,20.02
1770,18,49923,18,1,20.02,0.0,0.0,20.02,20.02
1771,18,49923,18,2,20.02,0.0,0.0,20.02,20.02
1772,18,49923,18,3,20.02,0.0,0.0,20.02,20.02
1773,18,49924,18,0,58.36,0.0,0.0,93.37,58.36
1774,18,49924,18,1,58.36,0.0,0.0,93.37,58.36
1775,18,49924,18,2,58.36,0.0,0.0,93.37,58.36
1776,18,49924,18,3,58.36,0.0,0.0,49.97,58.36
1777,18,49925,18,0,93.37,0.0,0.0,30.06,93.37
1778,18,49925,18,1,93.37,0.0,0.0,30.06,93.37
1779,18,49925,18,2,93.37,0.0,0.0,30.06,93.37
1780,18,49925,18,3,49.97,0.0,0.0,30.06,49.97
1781,18,49927,18,0,30.06,0.0,0.0,0.0,30.06
1782,18,49927,18,1,30.06,0.0,0.0,0.0,30.06
1783,18,49927,18,2,30.06,0.0,0.0,0.0,30.06
1784,18,49927,18,3,30.06,0.0,0.0,0.0,30.06
1785,18,49928,18,0,10.06,0.0,0.0,0.0,10.06
1786,18,49928,18,1,10.06,0.0,0.0,20.12,10.06
1787,18,49928,18,2,10.06,0.0,0.0,0.0,10.06
1788,18,49928,18,3,0.0,0.0,0.0,10.06,0.0
1789,18,49929,18,0,0.0,0.0,0.0,0.0,0.0
1790,18,49929,18,1,0.0,0.0,0.0,0.0,0.0
1791,18,49929,18,2,29.88,0.0,0.0,0.0,29.88
1792,18,49929,18,3,20.02,0.0,0.0,0.0,20.02
1793,18,49930,18,0,0.0,0.0,0.0,0.0,0.0
1794,18,49930,18,1,0.0,20.12,0.0,0.0,20.12
1795,18,49930,18,2,0.0,0.0,0.0,0.0,0.0
1796,18,49930,18,3,0.0,10.06,0.0,0.0,10.06
1797,18,49931,18,0,0.0,9.96,0.0,0.0,9.96
1798,18,49931,18,1,0.0,9.96,0.0,0.0,9.96
1799,18,49931,18,2,0.0,9.96,0.0,29.88,9.96
1800,18,49931,18,3,0.0,20.02,0.0,20.02,20.02
1801,19,49900,19,0,105.0,0.0,0.0,105.0,105.0
1802,19,49900,19,1,0.0,0.0,0.0,0.0,0.0
1803,19,49900,19,2,0.0,0.0,0.0,0.0,0.0
1804,19,49900,19,3,0.0,0.0,0.0,0.0,0.0
1805,19,49901,19,0,0.0,0.0,0.0,0.0,0.0
1806,19,49901,19,1,0.0,0.0,0.0,0.0,0.0
1807,19,49901,19,2,0.0,0.0,0.0,0.0,0.0
1808,19,49901,19,3,0.0,0.0,0.0,0.0,0.0
1809,19,49902,19,0,0.0,0.0,0.0,0.0,0.0
1810,19,49902,19,1,0.0,0.0,0.0,0.0,0.0
1811,19,49902,19,2,0.0,0.0,0.0,0.0,0.0
1812,19,49902,19,3,0.0,-0.0,0.0,0.0,-0.0
1813,19,49903,19,0,0.0,0.0,0.0,0.0,0.0
1814,19,49903,19,1,0.0,0.0,0.0,0.0,0.0
1815,19,49903,19,2,0.0,0.0,0.0,0.0,0.0
1816,19,49903,19,3,0.0,0.0,0.0,0.0,0.0
1817,19,49904,19,0,0.0,0.0,0.0,0.0,0.0
1818,19,49904,19,1,0.0,0.0,0.0,0.0,0.0
1819,19,49904,19,2,0.0,0.0,0.0,0.0,0.0
1820,19,49904,19,3,0.0,0.0,0.0,0.0,0.0
1821,19,49905,19,0,0.0,0.0,0.0,0.0,0.0
1822,19,49905,19,1,0.0,0.0,0.0,0.0,0.0
1823,19,49905,19,2,0.0,0.0,0.0,0.0,0.0
1824,19,49905,19,3,0.0,0.0,0.0,0.0,0.0
1825,19,49906,19,0,105.0,0.0,0.0,93.25,105.0
1826,19,49906,19,1,0.0,0.0,0.0,0.0,0.0
1827,19,49906,19,2,0.0,0.0,0.0,0.0,0.0
1828,19,49906,19,3,0.0,0.0,0.0,0.0,0.0
1829,19,49907,19,0,0.0,0.0,0.0,0.0,0.0
1830,19,49907,19,1,0.0,0.0,0.0,0.0,0.0
1831,19,49907,19,2,0.0,0.0,0.0,0.0,0.0
1832,19,49907,19,3,0.0,0.0,0.0,-0.0,0.0
1833,19,49908,19,0,0.0,0.0,0.0,0.0,0.0
1834,19,49908,19,1,0.0,0.0,0.0,0.0,0.0
1835,19,49908,19,2,0.0,0.0,0.0,0.0,0.0
1836,19,49908,19,3,0.0,0.0,0.0,0.0,0.0
1837,19,49911,19,0,13.04,0.0,0.0,8.0,13.04
1838,19,49911,19,1,0.0,0.0,0.0,0.0,0.0
1839,19,49911,19,2,0.0,0.0,0.0,0.0,0.0
1840,19,49911,19,3,0.0,0.0,0.0,8.0,0.0
1841,19,49912,19,0,8.0,0.0,0.0,0.0,8.0
1842,19,49912,19,1,0.0,0.0,0.0,0.0,0.0
1843,19,49912,19,2,0.0,0.0,0.0,0.0,0.0
1844,19,49912,19,3,8.0,0.0,0.0,0.0,8.0
1845,19,49913,19,0,0.0,0.0,0.0,0.0,0.0
1846,19,49913,19,1,0.0,0.0,0.0,0.0,0.0
1847,19,49913,19,2,0.0,0.0,0.0,0.0,0.0
1848,19,49913,19,3,0.0,0.0,0.0,0.0,0.0
1849,19,49914,19,0,0.0,0.0,0.0,0.0,0.0
1850,19,49914,19,1,0.0,0.0,0.0,0.0,0.0
1851,19,49914,19,2,0.0,0.0,0.0,0.0,0.0
1852,19,49914,19,3,0.0,0.0,0.0,0.0,0.0
1853,19,49915,19,0,0.0,0.0,0.0,0.0,0.0
1854,19,49915,19,1,0.0,0.0,0.0,0.0,0.0
1855,19,49915,19,2,0.0,0.0,0.0,0.0,0.0
1856,19,49915,19,3,0.0,0.0,0.0,0.0,0.0
1857,19,49920,19,0,80.21,0.0,0.0,0.0,80.21
1858,19,49920,19,1,0.0,0.0,0.0,0.0,0.0
1859,19,49920,19,2,0.0,0.0,0.0,0.0,0.0
1860,19,49920,19,3,0.0,-0.0,0.0,0.0,-0.0
1861,19,49921,19,0,0.0,0.0,0.0,0.0,0.0
1862,19,49921,19,1,0.0,0.0,0.0,0.0,0.0
1863,19,49921,19,2,0.0,0.0,0.0,0.0,0.0
1864,19,49921,19,3,0.0,0.0,0.0,-0.0,0.0
1865,19,49922,19,0,0.0,0.0,0.0,78.38,0.0
1866,19,49922,19,1,0.0,0.0,0.0,0.0,0.0
1867,19,49922,19,2,0.0,0.0,0.0,0.0,0.0
1868,19,49922,19,3,0.0,0.0,0.0,47.14,0.0
1869,19,49923,19,0,20.02,0.0,0.0,-0.0,20.02
1870,19,49923,19,1,0.0,0.0,0.0,20.02,0.0
1871,19,49923,19,2,0.0,0.0,0.0,0.0,0.0
1872,19,49923,19,3,10.06,0.0,0.0,10.06,10.06
1873,19,49924,19,0,58.36,0.0,0.0,66.6,58.36
1874,19,49924,19,1,0.0,0.0,0.0,0.0,0.0
1875,19,49924,19,2,0.0,0.0,0.0,0.0,0.0
1876,19,49924,19,3,37.08,0.0,0.0,0.0,37.08
1877,19,49925,19,0,66.6,0.0,0.0,30.06,66.6
1878,19,49925,19,1,0.0,0.0,0.0,0.0,0.0
1879,19,49925,19,2,0.0,0.0,0.0,0.0,0.0
1880,19,49925,19,3,0.0,0.0,0.0,0.0,0.0
1881,19,49927,19,0,30.06,0.0,0.0,0.0,30.06
1882,19,49927,19,1,0.0,0.0,0.0,0.0,0.0
1883,19,49927,19,2,0.0,0.0,0.0,0.0,0.0
1884,19,49927,19,3,0.0,0.0,0.0,0.0,0.0
1885,19,49928,19,0,0.0,0.0,0.0,0.0,0.0
1886,19,49928,19,1,0.0,0.0,0.0,0.0,0.0
1887,19,49928,19,2,0.0,0.0,0.0,0.0,0.0
1888,19,49928,19,3,10.06,0.0,0.0,10.06,10.06
1889,19,49929,19,0,0.0,0.0,0.0,0.0,0.0
1890,19,49929,19,1,0.0,0.0,0.0,0.0,0.0
1891,19,49929,19,2,20.02,0.0,0.0,0.0,20.02
1892,19,49929,19,3,0.0,0.0,0.0,0.0,0.0
1893,19,49930,19,0,0.0,0.0,0.0,0.0,0.0
1894,19,49930,19,1,0.0,0.0,0.0,0.0,0.0
1895,19,49930,19,2,0.0,0.0,0.0,0.0,0.0
1896,19,49930,19,3,0.0,0.0,10.06,0.0,10.06
1897,19,49931,19,0,-0.0,0.0,0.0,0.0,-0.0
1898,19,49931,19,1,0.0,20.02,0.0,0.0,20.02
1899,19,49931,19,2,0.0,0.0,0.0,20.02,0.0
1900,19,49931,19,3,0.0,0.0,0.0,0.0,0.0
1901,20,49900,20,0,0.0,0.0,168.87,0.0,168.87
1902,20,49900,20,1,0.0,0.0,0.0,54.95,0.0
1903,20,49900,20,2,0.0,0.0,0.0,8.92,0.0
1904,20,49900,20,3,0.0,0.0,0.0,105.0,0.0
1905,20,49901,20,0,0.0,0.0,0.0,0.0,0.0
1906,20,49901,20,1,0.0,0.0,0.0,0.0,0.0
1907,20,49901,20,2,0.0,0.0,0.0,0.0,0.0
1908,20,49901,20,3,0.0,0.0,0.0,0.0,0.0
1909,20,49902,20,0,0.0,0.0,0.0,0.0,0.0
1910,20,49902,20,1,0.0,0.0,0.0,0.0,0.0
1911,20,49902,20,2,0.0,0.0,0.0,0.0,0.0
1912,20,49902,20,3,0.0,0.0,0.0,0.0,0.0
1913,20,49903,20,0,0.0,0.0,0.0,0.0,0.0
1914,20,49903,20,1,0.0,0.0,0.0,0.0,0.0
1915,20,49903,20,2,0.0,0.0,0.0,0.0,0.0
1916,20,49903,20,3,0.0,0.0,0.0,0.0,0.0
1917,20,49904,20,0,0.0,0.0,0.0,0.0,0.0
1918,20,49904,20,1,0.0,0.0,0.0,0.0,0.0
1919,20,49904,20,2,0.0,0.0,0.0,0.0,0.0
1920,20,49904,20,3,0.0,0.0,0.0,0.0,0.0
1921,20,49905,20,0,0.0,0.0,0.0,0.0,0.0
1922,20,49905,20,1,0.0,0.0,0.0,0.0,0.0
1923,20,49905,20,2,0.0,0.0,0.0,0.0,0.0
1924,20,49905,20,3,0.0,0.0,0.0,0.0,0.0
1925,20,49906,20,0,0.0,0.0,0.0,0.0,0.0
1926,20,49906,20,1,54.95,0.0,0.0,13.04,54.95
1927,20,49906,20,2,8.92,0.0,0.0,13.04,8.92
1928,20,49906,20,3,105.0,0.0,0.0,13.04,105.0
1929,20,49907,20,0,0.0,0.0,0.0,0.0,0.0
1930,20,49907,20,1,0.0,0.0,0.0,0.0,0.0
1931,20,49907,20,2,0.0,0.0,0.0,0.0,0.0
1932,20,49907,20,3,0.0,0.0,0.0,0.0,0.0
1933,20,49908,20,0,0.0,0.0,0.0,0.0,0.0
1934,20,49908,20,1,0.0,0.0,0.0,0.0,0.0
1935,20,49908,20,2,0.0,0.0,0.0,0.0,0.0
1936,20,49908,20,3,0.0,0.0,0.0,0.0,0.0
1937,20,49911,20,0,0.0,0.0,0.0,0.0,0.0
1938,20,49911,20,1,13.04,0.0,0.0,8.0,13.04
1939,20,49911,20,2,13.04,0.0,0.0,8.0,13.04
1940,20,49911,20,3,13.04,0.0,0.0,8.0,13.04
1941,20,49912,20,0,0.0,0.0,0.0,0.0,0.0
1942,20,49912,20,1,8.0,0.0,0.0,0.0,8.0
1943,20,49912,20,2,8.0,0.0,0.0,0.0,8.0
1944,20,49912,20,3,8.0,0.0,0.0,0.0,8.0
1945,20,49913,20,0,0.0,0.0,0.0,0.0,0.0
1946,20,49913,20,1,0.0,0.0,0.0,0.0,0.0
1947,20,49913,20,2,0.0,0.0,0.0,0.0,0.0
1948,20,49913,20,3,0.0,0.0,0.0,0.0,0.0
1949,20,49914,20,0,0.0,0.0,0.0,0.0,0.0
1950,20,49914,20,1,0.0,0.0,0.0,0.0,0.0
1951,20,49914,20,2,0.0,0.0,0.0,0.0,0.0
1952,20,49914,20,3,0.0,0.0,0.0,0.0,0.0
1953,20,49915,20,0,0.0,0.0,0.0,0.0,0.0
1954,20,49915,20,1,0.0,0.0,0.0,0.0,0.0
1955,20,49915,20,2,0.0,0.0,0.0,0.0,0.0
1956,20,49915,20,3,0.0,0.0,0.0,0.0,0.0
1957,20,49920,20,0,0.0,0.0,0.0,0.0,0.0
1958,20,49920,20,1,0.0,0.0,0.0,0.0,0.0
1959,20,49920,20,2,0.0,0.0,0.0,0.0,0.0
1960,20,49920,20,3,0.0,0.0,0.0,0.21,0.0
1961,20,49921,20,0,0.0,0.0,0.0,0.0,0.0
1962,20,49921,20,1,0.0,0.0,0.0,0.0,0.0
1963,20,49921,20,2,0.0,0.0,0.0,0.0,0.0
1964,20,49921,20,3,0.0,0.0,0.0,0.0,0.0
1965,20,49922,20,0,0.0,0.0,0.0,55.0,0.0
1966,20,49922,20,1,0.0,0.0,0.0,78.38,0.0
1967,20,49922,20,2,0.0,0.0,0.0,78.38,0.0
1968,20,49922,20,3,0.21,0.0,0.0,78.38,0.21
1969,20,49923,20,0,20.02,0.0,0.0,20.02,20.02
1970,20,49923,20,1,20.02,0.0,0.0,20.02,20.02
1971,20,49923,20,2,20.02,0.0,0.0,20.02,20.02
1972,20,49923,20,3,20.02,0.0,0.0,20.02,20.02
1973,20,49924,20,0,34.98,0.0,0.0,0.0,34.98
1974,20,49924,20,1,58.36,0.0,0.0,0.0,58.36
1975,20,49924,20,2,58.36,0.0,0.0,0.0,58.36
1976,20,49924,20,3,58.36,0.0,0.0,0.0,58.36
1977,20,49925,20,0,0.0,0.0,0.0,0.0,0.0
1978,20,49925,20,1,0.0,0.0,0.0,30.06,0.0
1979,20,49925,20,2,0.0,0.0,0.0,30.06,0.0
1980,20,49925,20,3,0.0,0.0,0.0,30.06,0.0
1981,20,49927,20,0,0.0,0.0,0.0,0.0,0.0
1982,20,49927,20,1,30.06,0.0,0.0,0.0,30.06
1983,20,49927,20,2,30.06,0.0,0.0,0.0,30.06
1984,20,49927,20,3,30.06,0.0,0.0,0.0,30.06
1985,20,49928,20,0,0.0,0.0,0.0,0.0,0.0
1986,20,49928,20,1,0.0,0.0,0.0,0.0,0.0
1987,20,49928,20,2,0.0,0.0,0.0,-0.0,0.0
1988,20,49928,20,3,0.0,0.0,0.0,0.0,0.0
1989,20,49929,20,0,0.0,0.0,0.0,0.0,0.0
1990,20,49929,20,1,0.0,0.0,0.0,0.0,0.0
1991,20,49929,20,2,32.0,28.06,0.0,0.0,60.06
1992,20,49929,20,3,0.0,20.02,0.0,0.0,20.02
1993,20,49930,20,0,0.0,0.0,0.0,0.0,0.0
1994,20,49930,20,1,0.0,0.0,0.0,0.0,0.0
1995,20,49930,20,2,0.0,0.0,-0.0,0.0,-0.0
1996,20,49930,20,3,0.0,0.0,0.0,0.0,0.0
1997,20,49931,20,0,0.0,20.02,0.0,0.0,20.02
1998,20,49931,20,1,20.02,0.0,0.0,0.0,20.02
1999,20,49931,20,2,0.0,20.02,0.0,60.06,20.02
2000,20,49931,20,3,20.02,0.0,0.0,20.02,20.02
2001,21,49900,21,0,708.1,0.0,0.0,111.46,708.1
2002,21,49900,21,1,0.0,0.0,0.0,245.82,0.0
2003,21,49900,21,2,0.0,0.0,0.0,245.82,0.0
2004,21,49900,21,3,0.0,0.0,0.0,105.0,0.0
2005,21,49901,21,0,6.46,0.0,0.0,0.0,6.46
2006,21,49901,21,1,58.04,0.0,0.0,61.27,58.04
2007,21,49901,21,2,58.04,0.0,0.0,61.27,58.04
2008,21,49901,21,3,0.0,0.0,0.0,0.0,0.0
2009,21,49902,21,0,0.0,0.0,0.0,-0.0,0.0
2010,21,49902,21,1,61.27,0.0,0.0,81.6,61.27
2011,21,49902,21,2,61.27,165.56,0.0,81.6,226.83
2012,21,49902,21,3,0.0,0.0,0.0,0.0,0.0
2013,21,49903,21,0,-0.0,0.0,0.0,0.0,-0.0
2014,21,49903,21,1,81.6,0.0,0.0,75.0,81.6
2015,21,49903,21,2,81.6,0.0,0.0,75.0,81.6
2016,21,49903,21,3,0.0,0.0,0.0,13.2,0.0
2017,21,49904,21,0,0.0,0.0,0.0,0.0,0.0
2018,21,49904,21,1,0.0,0.0,0.0,0.0,0.0
2019,21,49904,21,2,0.0,0.0,0.0,0.0,0.0
2020,21,49904,21,3,0.0,0.0,0.0,0.0,0.0
2021,21,49905,21,0,0.0,0.0,0.0,0.0,0.0
2022,21,49905,21,1,75.0,0.0,0.0,0.0,75.0
2023,21,49905,21,2,75.0,0.0,0.0,0.0,75.0
2024,21,49905,21,3,13.2,0.0,0.0,0.0,13.2
2025,21,49906,21,0,105.0,0.0,0.0,13.04,105.0
2026,21,49906,21,1,105.0,0.0,0.0,158.61,105.0
2027,21,49906,21,2,105.0,0.0,0.0,123.82,105.0
2028,21,49906,21,3,105.0,0.0,0.0,15.16,105.0
2029,21,49907,21,0,0.0,0.0,0.0,0.0,0.0
2030,21,49907,21,1,82.78,0.0,0.0,0.0,82.78
2031,21,49907,21,2,82.78,0.0,0.0,165.56,82.78
2032,21,49907,21,3,0.0,0.0,0.0,0.0,0.0
2033,21,49908,21,0,0.0,0.0,0.0,0.0,0.0
2034,21,49908,21,1,0.0,0.0,0.0,0.0,0.0
2035,21,49908,21,2,0.0,0.0,0.0,0.0,0.0
2036,21,49908,21,3,0.0,0.0,0.0,0.0,0.0
2037,21,49911,21,0,13.04,0.0,0.0,12008.0,13.04
2038,21,49911,21,1,13.04,0.0,0.0,8.0,13.04
2039,21,49911,21,2,13.04,0.0,0.0,8.0,13.04
2040,21,49911,21,3,13.04,0.0,0.0,8.0,13.04
2041,21,49912,21,0,8.0,0.0,0.0,0.0,8.0
2042,21,49912,21,1,8.0,0.0,0.0,0.0,8.0
2043,21,49912,21,2,8.0,0.0,0.0,0.0,8.0
2044,21,49912,21,3,8.0,0.0,0.0,0.0,8.0
2045,21,49913,21,0,0.0,0.0,0.0,0.0,0.0
2046,21,49913,21,1,0.0,0.0,0.0,0.0,0.0
2047,21,49913,21,2,0.0,0.0,0.0,0.0,0.0
2048,21,49913,21,3,0.0,0.0,0.0,0.0,0.0
2049,21,49914,21,0,0.0,0.0,0.0,0.0,0.0
2050,21,49914,21,1,0.0,0.0,0.0,0.0,0.0
2051,21,49914,21,2,0.0,0.0,0.0,0.0,0.0
2052,21,49914,21,3,0.0,0.0,0.0,0.0,0.0
2053,21,49915,21,0,0.0,12000.0,0.0,0.0,12000.0
2054,21,49915,21,1,0.0,0.0,0.0,0.0,0.0
2055,21,49915,21,2,0.0,0.0,0.0,0.0,0.0
2056,21,49915,21,3,0.0,0.0,0.0,0.0,0.0
2057,21,49920,21,0,0.0,0.0,0.0,0.0,0.0
2058,21,49920,21,1,80.21,0.0,65.36,102.12,145.57
2059,21,49920,21,2,80.21,0.0,30.57,102.12,110.78
2060,21,49920,21,3,2.12,0.0,0.0,102.12,2.12
2061,21,49921,21,0,0.0,0.0,0.0,0.0,0.0
2062,21,49921,21,1,65.36,0.0,0.0,65.36,65.36
2063,21,49921,21,2,30.57,0.0,0.0,30.57,30.57
2064,21,49921,21,3,0.0,0.0,0.0,0.0,0.0
2065,21,49922,21,0,0.0,0.0,0.0,78.38,0.0
2066,21,49922,21,1,102.12,0.0,0.0,78.38,102.12
2067,21,49922,21,2,102.12,0.0,0.0,78.38,102.12
2068,21,49922,21,3,102.12,0.0,0.0,78.38,102.12
2069,21,49923,21,0,20.02,0.0,0.0,-0.0,20.02
2070,21,49923,21,1,20.02,0.0,0.0,40.04,20.02
2071,21,49923,21,2,20.02,0.0,0.0,20.02,20.02
2072,21,49923,21,3,20.02,0.0,0.0,20.02,20.02
2073,21,49924,21,0,58.36,0.0,0.0,0.0,58.36
2074,21,49924,21,1,58.36,0.0,0.0,93.37,58.36
2075,21,49924,21,2,58.36,0.0,0.0,93.37,58.36
2076,21,49924,21,3,58.36,0.0,0.0,93.37,58.36
2077,21,49925,21,0,0.0,0.0,0.0,28.56,0.0
2078,21,49925,21,1,93.37,0.0,0.0,30.06,93.37
2079,21,49925,21,2,93.37,0.0,0.0,30.06,93.37
2080,21,49925,21,3,93.37,0.0,0.0,30.06,93.37
2081,21,49927,21,0,28.56,0.0,0.0,0.0,28.56
2082,21,49927,21,1,30.06,0.0,0.0,0.0,30.06
2083,21,49927,21,2,30.06,0.0,0.0,0.0,30.06
2084,21,49927,21,3,30.06,0.0,0.0,0.0,30.06
2085,21,49928,21,0,0.0,0.0,0.0,0.0,0.0
2086,21,49928,21,1,10.06,0.0,0.0,10.06,10.06
2087,21,49928,21,2,10.06,0.0,0.0,10.06,10.06
2088,21,49928,21,3,0.0,0.0,0.0,0.0,0.0
2089,21,49929,21,0,0.0,0.0,0.0,0.0,0.0
2090,21,49929,21,1,0.0,0.0,0.0,0.0,0.0
2091,21,49929,21,2,32.0,7.94,0.0,0.0,39.94
2092,21,49929,21,3,20.02,0.0,0.0,0.0,20.02
2093,21,49930,21,0,0.0,0.0,0.0,0.0,0.0
2094,21,49930,21,1,10.06,0.0,0.0,0.0,10.06
2095,21,49930,21,2,10.06,0.0,0.0,0.0,10.06
2096,21,49930,21,3,0.0,0.0,0.0,0.0,0.0
2097,21,49931,21,0,-0.0,0.0,0.0,0.0,-0.0
2098,21,49931,21,1,0.0,29.98,0.0,0.0,29.98
2099,21,49931,21,2,0.0,9.96,0.0,39.94,9.96
2100,21,49931,21,3,20.02,0.0,0.0,20.02,20.02
2101,22,49900,22,0,0.0,0.0,354.05,108.23,354.05
2102,22,49900,22,1,0.0,0.0,0.0,0.0,0.0
2103,22,49900,22,2,0.0,0.0,0.0,245.82,0.0
2104,22,49900,22,3,0.0,0.0,0.0,0.0,0.0
2105,22,49901,22,0,3.23,0.0,0.0,0.0,3.23
2106,22,49901,22,1,0.0,0.0,0.0,0.0,0.0
2107,22,49901,22,2,58.04,0.0,0.0,61.27,58.04
2108,22,49901,22,3,0.0,0.0,0.0,0.0,0.0
2109,22,49902,22,0,0.0,0.0,0.0,-0.0,0.0
2110,22,49902,22,1,0.0,0.0,0.0,0.0,0.0
2111,22,49902,22,2,61.27,82.78,0.0,81.6,144.05
2112,22,49902,22,3,0.0,0.0,0.0,0.0,0.0
2113,22,49903,22,0,-0.0,0.0,0.0,0.0,-0.0
2114,22,49903,22,1,0.0,0.0,0.0,0.0,0.0
2115,22,49903,22,2,81.6,0.0,0.0,75.0,81.6
2116,22,49903,22,3,0.0,0.0,0.0,6.6,0.0
2117,22,49904,22,0,0.0,0.0,0.0,0.0,0.0
2118,22,49904,22,1,0.0,0.0,0.0,0.0,0.0
2119,22,49904,22,2,0.0,0.0,0.0,0.0,0.0
2120,22,49904,22,3,0.0,0.0,0.0,0.0,0.0
2121,22,49905,22,0,0.0,0.0,0.0,0.0,0.0
2122,22,49905,22,1,0.0,0.0,0.0,0.0,0.0
2123,22,49905,22,2,75.0,0.0,0.0,0.0,75.0
2124,22,49905,22,3,6.6,0.0,0.0,0.0,6.6
2125,22,49906,22,0,105.0,0.0,0.0,50.15,105.0
2126,22,49906,22,1,0.0,0.0,0.0,13.04,0.0
2127,22,49906,22,2,105.0,0.0,0.0,158.61,105.0
2128,22,49906,22,3,0.0,0.0,0.0,-0.0,0.0
2129,22,49907,22,0,0.0,0.0,0.0,0.0,0.0
2130,22,49907,22,1,0.0,0.0,0.0,0.0,0.0
2131,22,49907,22,2,82.78,0.0,0.0,82.78,82.78
2132,22,49907,22,3,0.0,0.0,0.0,0.0,0.0
2133,22,49908,22,0,0.0,0.0,0.0,0.0,0.0
2134,22,49908,22,1,0.0,0.0,0.0,0.0,0.0
2135,22,49908,22,2,0.0,0.0,0.0,0.0,0.0
2136,22,49908,22,3,0.0,0.0,0.0,0.0,0.0
2137,22,49911,22,0,13.04,0.0,0.0,8.0,13.04
2138,22,49911,22,1,13.04,0.0,0.0,5.49,13.04
2139,22,49911,22,2,13.04,0.0,0.0,8.0,13.04
2140,22,49911,22,3,0.0,0.0,0.0,8.0,0.0
2141,22,49912,22,0,8.0,0.0,0.0,0.0,8.0
2142,22,49912,22,1,5.49,0.0,0.0,0.0,5.49
2143,22,49912,22,2,8.0,0.0,0.0,0.0,8.0
2144,22,49912,22,3,8.0,0.0,0.0,0.0,8.0
2145,22,49913,22,0,0.0,0.0,0.0,0.0,0.0
2146,22,49913,22,1,0.0,0.0,0.0,0.0,0.0
2147,22,49913,22,2,0.0,0.0,0.0,0.0,0.0
2148,22,49913,22,3,0.0,0.0,0.0,0.0,0.0
2149,22,49914,22,0,0.0,0.0,0.0,0.0,0.0
2150,22,49914,22,1,0.0,0.0,0.0,0.0,0.0
2151,22,49914,22,2,0.0,0.0,0.0,0.0,0.0
2152,22,49914,22,3,0.0,0.0,0.0,0.0,0.0
2153,22,49915,22,0,0.0,0.0,0.0,0.0,0.0
2154,22,49915,22,1,0.0,0.0,0.0,0.0,0.0
2155,22,49915,22,2,0.0,0.0,0.0,0.0,0.0
2156,22,49915,22,3,0.0,0.0,0.0,0.0,0.0
2157,22,49920,22,0,37.11,0.0,0.0,0.0,37.11
2158,22,49920,22,1,0.0,0.0,0.0,0.0,0.0
2159,22,49920,22,2,80.21,0.0,0.0,102.12,80.21
2160,22,49920,22,3,0.0,0.0,65.36,0.0,65.36
2161,22,49921,22,0,0.0,0.0,0.0,0.0,0.0
2162,22,49921,22,1,0.0,0.0,0.0,0.0,0.0
2163,22,49921,22,2,65.36,0.0,0.0,0.0,65.36
2164,22,49921,22,3,0.0,0.0,0.0,65.36,0.0
2165,22,49922,22,0,0.0,0.0,0.0,78.38,0.0
2166,22,49922,22,1,0.0,0.0,0.0,78.38,0.0
2167,22,49922,22,2,102.12,0.0,0.0,78.38,102.12
2168,22,49922,22,3,0.0,0.0,0.0,67.88,0.0
2169,22,49923,22,0,20.02,0.0,0.0,20.02,20.02
2170,22,49923,22,1,20.02,0.0,0.0,20.02,20.02
2171,22,49923,22,2,20.02,0.0,0.0,10.06,20.02
2172,22,49923,22,3,20.02,0.0,0.0,29.98,20.02
2173,22,49924,22,0,58.36,0.0,0.0,93.37,58.36
2174,22,49924,22,1,58.36,0.0,0.0,0.0,58.36
2175,22,49924,22,2,58.36,0.0,0.0,93.37,58.36
2176,22,49924,22,3,47.86,0.0,0.0,0.0,47.86
2177,22,49925,22,0,93.37,0.0,0.0,30.06,93.37
2178,22,49925,22,1,0.0,0.0,0.0,30.06,0.0
2179,22,49925,22,2,93.37,0.0,0.0,30.06,93.37
2180,22,49925,22,3,0.0,0.0,0.0,0.0,0.0
2181,22,49927,22,0,30.06,0.0,0.0,0.0,30.06
2182,22,49927,22,1,30.06,0.0,0.0,0.0,30.06
2183,22,49927,22,2,30.06,0.0,0.0,0.0,30.06
2184,22,49927,22,3,0.0,0.0,0.0,0.0,0.0
2185,22,49928,22,0,0.0,0.0,0.0,0.0,0.0
2186,22,49928,22,1,10.06,0.0,0.0,0.0,10.06
2187,22,49928,22,2,10.06,0.0,0.0,20.12,10.06
2188,22,49928,22,3,0.0,0.0,0.0,0.0,0.0
2189,22,49929,22,0,0.0,0.0,0.0,0.0,0.0
2190,22,49929,22,1,0.0,0.0,0.0,0.0,0.0
2191,22,49929,22,2,29.98,0.0,0.0,0.0,29.98
2192,22,49929,22,3,0.0,29.98,0.0,0.0,29.98
2193,22,49930,22,0,0.0,0.0,0.0,0.0,0.0
2194,22,49930,22,1,0.0,0.0,0.0,0.0,0.0
2195,22,49930,22,2,11.0,0.0,9.12,0.0,20.12
2196,22,49930,22,3,0.0,0.0,0.0,0.0,0.0
2197,22,49931,22,0,0.0,20.02,0.0,0.0,20.02
2198,22,49931,22,1,0.0,9.96,0.0,0.0,9.96
2199,22,49931,22,2,0.0,0.0,0.0,29.98,0.0
2200,22,49931,22,3,29.98,0.0,0.0,29.98,29.98
2201,23,49900,23,0,98.03,0.0,0.0,0.0,98.03
2202,23,49900,23,1,0.0,0.0,0.0,0.0,0.0
2203,23,49900,23,2,0.0,0.0,0.0,98.03,0.0
2204,23,49900,23,3,0.0,0.0,0.0,0.0,0.0
2205,23,49901,23,0,0.0,0.0,0.0,0.0,0.0
2206,23,49901,23,1,0.0,0.0,0.0,0.0,0.0
2207,23,49901,23,2,0.0,0.0,0.0,0.0,0.0
2208,23,49901,23,3,0.0,0.0,0.0,0.0,0.0
2209,23,49902,23,0,0.0,0.0,0.0,0.0,0.0
2210,23,49902,23,1,0.0,0.0,0.0,0.0,0.0
2211,23,49902,23,2,0.0,0.0,0.0,0.0,0.0
2212,23,49902,23,3,0.0,0.0,0.0,0.0,0.0
2213,23,49903,23,0,0.0,0.0,0.0,0.0,0.0
2214,23,49903,23,1,0.0,0.0,0.0,0.0,0.0
2215,23,49903,23,2,0.0,0.0,0.0,0.0,0.0
2216,23,49903,23,3,0.0,0.0,0.0,0.0,0.0
2217,23,49904,23,0,0.0,0.0,0.0,0.0,0.0
2218,23,49904,23,1,0.0,0.0,0.0,0.0,0.0
2219,23,49904,23,2,0.0,0.0,0.0,0.0,0.0
2220,23,49904,23,3,0.0,0.0,0.0,0.0,0.0
2221,23,49905,23,0,0.0,0.0,0.0,0.0,0.0
2222,23,49905,23,1,0.0,0.0,0.0,0.0,0.0
2223,23,49905,23,2,0.0,0.0,0.0,0.0,0.0
2224,23,49905,23,3,0.0,0.0,0.0,0.0,0.0
2225,23,49906,23,0,0.0,0.0,0.0,0.0,0.0
2226,23,49906,23,1,0.0,0.0,0.0,0.0,0.0
2227,23,49906,23,2,98.03,0.0,0.0,13.04,98.03
2228,23,49906,23,3,0.0,0.0,0.0,0.0,0.0
2229,23,49907,23,0,0.0,0.0,0.0,0.0,0.0
2230,23,49907,23,1,0.0,0.0,0.0,0.0,0.0
2231,23,49907,23,2,0.0,0.0,0.0,0.0,0.0
2232,23,49907,23,3,0.0,0.0,0.0,0.0,0.0
2233,23,49908,23,0,0.0,0.0,0.0,0.0,0.0
2234,23,49908,23,1,0.0,0.0,0.0,0.0,0.0
2235,23,49908,23,2,0.0,0.0,0.0,0.0,0.0
2236,23,49908,23,3,0.0,0.0,0.0,0.0,0.0
2237,23,49911,23,0,0.0,0.0,0.0,0.0,0.0
2238,23,49911,23,1,0.0,0.0,0.0,0.0,0.0
2239,23,49911,23,2,13.04,0.0,0.0,8.0,13.04
2240,23,49911,23,3,0.0,0.0,0.0,0.0,0.0
2241,23,49912,23,0,0.0,0.0,0.0,0.0,0.0
2242,23,49912,23,1,0.0,0.0,0.0,0.0,0.0
2243,23,49912,23,2,8.0,0.0,0.0,0.0,8.0
2244,23,49912,23,3,0.0,0.0,0.0,0.0,0.0
2245,23,49913,23,0,0.0,0.0,0.0,0.0,0.0
2246,23,49913,23,1,0.0,0.0,0.0,0.0,0.0
2247,23,49913,23,2,0.0,0.0,0.0,0.0,0.0
2248,23,49913,23,3,0.0,0.0,0.0,0.0,0.0
2249,23,49914,23,0,0.0,0.0,0.0,0.0,0.0
2250,23,49914,23,1,0.0,0.0,0.0,0.0,0.0
2251,23,49914,23,2,0.0,0.0,0.0,0.0,0.0
2252,23,49914,23,3,0.0,0.0,0.0,0.0,0.0
2253,23,49915,23,0,0.0,0.0,0.0,0.0,0.0
2254,23,49915,23,1,0.0,0.0,0.0,0.0,0.0
2255,23,49915,23,2,0.0,0.0,0.0,0.0,0.0
2256,23,49915,23,3,0.0,0.0,0.0,0.0,0.0
2257,23,49920,23,0,0.0,0.0,0.0,0.0,0.0
2258,23,49920,23,1,0.0,0.0,0.0,0.0,0.0
2259,23,49920,23,2,0.0,0.0,0.0,0.0,0.0
2260,23,49920,23,3,0.0,0.0,0.0,0.0,0.0
2261,23,49921,23,0,0.0,0.0,0.0,0.0,0.0
2262,23,49921,23,1,0.0,0.0,0.0,0.0,0.0
2263,23,49921,23,2,0.0,0.0,0.0,0.0,0.0
2264,23,49921,23,3,0.0,0.0,0.0,0.0,0.0
2265,23,49922,23,0,0.0,0.0,0.0,71.01,0.0
2266,23,49922,23,1,0.0,0.0,0.0,0.0,0.0
2267,23,49922,23,2,0.0,0.0,0.0,68.42,0.0
2268,23,49922,23,3,0.0,0.0,0.0,0.0,0.0
2269,23,49923,23,0,20.02,0.0,0.0,-0.0,20.02
2270,23,49923,23,1,0.0,0.0,0.0,20.02,0.0
2271,23,49923,23,2,10.06,0.0,0.0,10.06,10.06
2272,23,49923,23,3,0.0,0.0,0.0,0.0,0.0
2273,23,49924,23,0,50.99,0.0,0.0,0.0,50.99
2274,23,49924,23,1,0.0,0.0,0.0,0.0,0.0
2275,23,49924,23,2,58.36,0.0,0.0,0.0,58.36
2276,23,49924,23,3,0.0,0.0,0.0,0.0,0.0
2277,23,49925,23,0,0.0,0.0,0.0,0.0,0.0
2278,23,49925,23,1,0.0,0.0,0.0,0.0,0.0
2279,23,49925,23,2,0.0,0.0,0.0,30.06,0.0
2280,23,49925,23,3,0.0,0.0,0.0,0.0,0.0
2281,23,49927,23,0,0.0,0.0,0.0,0.0,0.0
2282,23,49927,23,1,0.0,0.0,0.0,0.0,0.0
2283,23,49927,23,2,30.06,0.0,0.0,0.0,30.06
2284,23,49927,23,3,0.0,0.0,0.0,0.0,0.0
2285,23,49928,23,0,0.0,0.0,0.0,0.0,0.0
2286,23,49928,23,1,0.0,0.0,0.0,-0.0,0.0
2287,23,49928,23,2,10.06,0.0,0.0,10.06,10.06
2288,23,49928,23,3,0.0,0.0,0.0,0.0,0.0
2289,23,49929,23,0,0.0,0.0,0.0,0.0,0.0
2290,23,49929,23,1,0.0,0.0,0.0,0.0,0.0
2291,23,49929,23,2,20.02,0.0,0.0,0.0,20.02
2292,23,49929,23,3,0.0,0.0,0.0,0.0,0.0
2293,23,49930,23,0,0.0,0.0,0.0,0.0,0.0
2294,23,49930,23,1,0.0,0.0,-0.0,0.0,-0.0
2295,23,49930,23,2,0.0,0.0,10.06,0.0,10.06
2296,23,49930,23,3,0.0,0.0,0.0,0.0,0.0
2297,23,49931,23,0,-0.0,0.0,0.0,0.0,-0.0
2298,23,49931,23,1,20.02,0.0,0.0,0.0,20.02
2299,23,49931,23,2,0.0,0.0,0.0,20.02,0.0
2300,23,49931,23,3,0.0,0.0,0.0,0.0,0.0
2301,24,49900,24,0,0.0,0.0,0.0,-0.0,0.0
2302,24,49900,24,1,0.0,0.0,0.0,0.0,0.0
2303,24,49900,24,2,0.0,0.0,0.0,0.0,0.0
2304,24,49900,24,3,0.0,0.0,0.0,0.0,0.0
2305,24,49901,24,0,0.0,0.0,0.0,0.0,0.0
2306,24,49901,24,1,0.0,0.0,0.0,0.0,0.0
2307,24,49901,24,2,0.0,0.0,0.0,0.0,0.0
2308,24,49901,24,3,0.0,0.0,0.0,0.0,0.0
2309,24,49902,24,0,0.0,0.0,0.0,-0.0,0.0
2310,24,49902,24,1,0.0,0.0,0.0,0.0,0.0
2311,24,49902,24,2,0.0,0.0,0.0,0.0,0.0
2312,24,49902,24,3,0.0,0.0,0.0,0.0,0.0
2313,24,49903,24,0,0.0,-0.0,0.0,0.0,-0.0
2314,24,49903,24,1,0.0,0.0,0.0,0.0,0.0
2315,24,49903,24,2,0.0,0.0,0.0,0.0,0.0
2316,24,49903,24,3,0.0,0.0,0.0,0.0,0.0
2317,24,49904,24,0,0.0,0.0,0.0,0.0,0.0
2318,24,49904,24,1,0.0,0.0,0.0,0.0,0.0
2319,24,49904,24,2,0.0,0.0,0.0,0.0,0.0
2320,24,49904,24,3,0.0,0.0,0.0,0.0,0.0
2321,24,49905,24,0,0.0,0.0,0.0,0.0,0.0
2322,24,49905,24,1,0.0,0.0,0.0,0.0,0.0
2323,24,49905,24,2,0.0,0.0,0.0,0.0,0.0
2324,24,49905,24,3,0.0,0.0,0.0,0.0,0.0
2325,24,49906,24,0,0.0,0.0,0.0,-0.0,0.0
2326,24,49906,24,1,0.0,0.0,0.0,0.0,0.0
2327,24,49906,24,2,0.0,0.0,0.0,0.0,0.0
2328,24,49906,24,3,0.0,0.0,0.0,-0.0,0.0
2329,24,49907,24,0,0.0,-0.0,0.0,0.0,-0.0
2330,24,49907,24,1,0.0,0.0,0.0,0.0,0.0
2331,24,49907,24,2,0.0,0.0,0.0,0.0,0.0
2332,24,49907,24,3,0.0,0.0,0.0,0.0,0.0
2333,24,49908,24,0,0.0,0.0,0.0,0.0,0.0
2334,24,49908,24,1,0.0,0.0,0.0,0.0,0.0
2335,24,49908,24,2,0.0,0.0,0.0,0.0,0.0
2336,24,49908,24,3,0.0,0.0,0.0,0.0,0.0
2337,24,49911,24,0,0.0,0.0,0.0,0.0,0.0
2338,24,49911,24,1,0.0,0.0,0.0,0.0,0.0
2339,24,49911,24,2,0.0,0.0,0.0,0.0,0.0
2340,24,49911,24,3,0.0,0.0,0.0,0.0,0.0
2341,24,49912,24,0,0.0,0.0,0.0,0.0,0.0
2342,24,49912,24,1,0.0,0.0,0.0,0.0,0.0
2343,24,49912,24,2,0.0,0.0,0.0,0.0,0.0
2344,24,49912,24,3,0.0,0.0,0.0,0.0,0.0
2345,24,49913,24,0,0.0,0.0,0.0,0.0,0.0
2346,24,49913,24,1,0.0,0.0,0.0,0.0,0.0
2347,24,49913,24,2,0.0,0.0,0.0,0.0,0.0
2348,24,49913,24,3,0.0,0.0,0.0,0.0,0.0
2349,24,49914,24,0,0.0,0.0,0.0,0.0,0.0
2350,24,49914,24,1,0.0,0.0,0.0,0.0,0.0
2351,24,49914,24,2,0.0,0.0,0.0,0.0,0.0
2352,24,49914,24,3,0.0,0.0,0.0,0.0,0.0
2353,24,49915,24,0,0.0,0.0,0.0,0.0,0.0
2354,24,49915,24,1,0.0,0.0,0.0,0.0,0.0
2355,24,49915,24,2,0.0,0.0,0.0,0.0,0.0
2356,24,49915,24,3,0.0,0.0,0.0,0.0,0.0
2357,24,49920,24,0,0.0,0.0,0.0,0.0,0.0
2358,24,49920,24,1,0.0,0.0,0.0,0.0,0.0
2359,24,49920,24,2,0.0,0.0,0.0,0.0,0.0
2360,24,49920,24,3,0.0,0.0,-0.0,0.0,-0.0
2361,24,49921,24,0,0.0,0.0,-0.0,0.0,-0.0
2362,24,49921,24,1,0.0,0.0,0.0,0.0,0.0
2363,24,49921,24,2,0.0,0.0,0.0,0.0,0.0
2364,24,49921,24,3,0.0,0.0,0.0,-0.0,0.0
2365,24,49922,24,0,0.0,0.0,0.0,0.0,0.0
2366,24,49922,24,1,0.0,0.0,0.0,0.0,0.0
2367,24,49922,24,2,0.0,0.0,0.0,0.0,0.0
2368,24,49922,24,3,0.0,0.0,0.0,0.0,0.0
2369,24,49923,24,0,0.0,0.0,0.0,0.0,0.0
2370,24,49923,24,1,0.0,0.0,0.0,0.0,0.0
2371,24,49923,24,2,0.0,0.0,0.0,0.0,0.0
2372,24,49923,24,3,0.0,0.0,0.0,0.0,0.0
2373,24,49924,24,0,0.0,0.0,0.0,0.0,0.0
2374,24,49924,24,1,0.0,0.0,0.0,0.0,0.0
2375,24,49924,24,2,0.0,0.0,0.0,0.0,0.0
2376,24,49924,24,3,0.0,0.0,0.0,0.0,0.0
2377,24,49925,24,0,0.0,0.0,0.0,0.0,0.0
2378,24,49925,24,1,0.0,0.0,0.0,0.0,0.0
2379,24,49925,24,2,0.0,0.0,0.0,0.0,0.0
2380,24,49925,24,3,0.0,0.0,0.0,0.0,0.0
2381,24,49927,24,0,0.0,0.0,0.0,0.0,0.0
2382,24,49927,24,1,0.0,0.0,0.0,0.0,0.0
2383,24,49927,24,2,0.0,0.0,0.0,0.0,0.0
2384,24,49927,24,3,0.0,0.0,0.0,0.0,0.0
2385,24,49928,24,0,0.0,0.0,0.0,0.0,0.0
2386,24,49928,24,1,0.0,0.0,0.0,0.0,0.0
2387,24,49928,24,2,0.0,0.0,0.0,0.0,0.0
2388,24,49928,24,3,0.0,0.0,0.0,0.0,0.0
2389,24,49929,24,0,0.0,0.0,0.0,0.0,0.0
2390,24,49929,24,1,0.0,0.0,0.0,0.0,0.0
2391,24,49929,24,2,0.0,0.0,0.0,0.0,0.0
2392,24,49929,24,3,0.0,0.0,0.0,0.0,0.0
2393,24,49930,24,0,0.0,0.0,0.0,0.0,0.0
2394,24,49930,24,1,0.0,0.0,0.0,0.0,0.0
2395,24,49930,24,2,0.0,0.0,0.0,0.0,0.0
2396,24,49930,24,3,0.0,0.0,0.0,0.0,0.0
2397,24,49931,24,0,0.0,0.0,0.0,0.0,0.0
2398,24,49931,24,1,0.0,0.0,0.0,0.0,0.0
2399,24,49931,24,2,0.0,0.0,0.0,0.0,0.0
2400,24,49931,24,3,0.0,0.0,0.0,0.0,0.0
