id,line_id,timestep,timestep_fractional,area_from,area_to,transmission
1,1,1,0.0,1,2,63.38000000000005
2,1,1,0.1,1,2,56.97428000000006
3,1,1,0.2,1,2,55.069040000000065
4,1,1,0.3,1,2,56.14616000000005
5,1,1,0.4,1,2,58.68752000000006
6,1,1,0.5,1,2,61.17500000000007
7,1,1,0.6,1,2,62.09048000000007
8,1,1,0.7,1,2,59.91584000000005
9,1,1,0.8,1,2,53.132960000000054
10,1,1,0.9,1,2,40.22372000000005
11,1,1,1.0,1,2,19.670000000000044
12,1,2,1.1,1,2,14.339430000000018
13,1,2,1.2,1,2,10.071039999999998
14,1,2,1.3,1,2,6.746809999999976
15,1,2,1.4,1,2,4.248719999999965
16,1,2,1.5,1,2,2.458749999999956
17,1,2,1.6,1,2,1.2588799999999498
18,1,2,1.7,1,2,0.531089999999946
19,1,2,1.8,1,2,0.15735999999994385
20,1,2,1.9,1,2,0.019669999999943247
21,1,2,2.0,1,2,-5.684341886080802e-14
22,1,3,2.1,1,2,4.8124799999999475
23,1,3,2.2,1,2,17.111039999999964
24,1,3,2.3,1,2,33.68735999999997
25,1,3,2.4,1,2,51.33311999999998
26,1,3,2.5,1,2,66.84
27,1,3,2.6,1,2,76.99968000000001
28,1,3,2.7,1,2,78.60384
29,1,3,2.8,1,2,68.44416
30,1,3,2.9,1,2,43.312319999999964
31,1,3,3.0,1,2,-5.684341886080802e-14
32,1,4,3.1,1,2,-5.684341886080803e-14
33,1,4,3.2,1,2,-5.684341886080803e-14
34,1,4,3.3,1,2,-5.684341886080801e-14
35,1,4,3.4,1,2,-5.684341886080802e-14
36,1,4,3.5,1,2,-5.684341886080802e-14
37,1,4,3.6,1,2,-5.684341886080802e-14
38,1,4,3.7,1,2,-5.684341886080802e-14
39,1,4,3.8,1,2,-5.684341886080802e-14
40,1,4,3.9,1,2,-5.684341886080802e-14
41,1,4,4.0,1,2,-5.684341886080802e-14
42,1,5,4.1,1,2,-5.684341886080803e-14
43,1,5,4.2,1,2,-5.684341886080803e-14
44,1,5,4.3,1,2,-5.684341886080801e-14
45,1,5,4.4,1,2,-5.684341886080802e-14
46,1,5,4.5,1,2,-5.684341886080802e-14
47,1,5,4.6,1,2,-5.684341886080802e-14
48,1,5,4.7,1,2,-5.684341886080802e-14
49,1,5,4.8,1,2,-5.684341886080802e-14
50,1,5,4.9,1,2,-5.684341886080802e-14
51,1,5,5.0,1,2,-5.684341886080802e-14
52,1,6,5.1,1,2,-5.684341886080803e-14
53,1,6,5.2,1,2,-5.684341886080803e-14
54,1,6,5.3,1,2,-5.684341886080801e-14
55,1,6,5.4,1,2,-5.684341886080802e-14
56,1,6,5.5,1,2,-5.684341886080802e-14
57,1,6,5.6,1,2,-5.684341886080802e-14
58,1,6,5.7,1,2,-5.684341886080802e-14
59,1,6,5.8,1,2,-5.684341886080802e-14
60,1,6,5.9,1,2,-5.684341886080802e-14
61,1,6,6.0,1,2,-5.684341886080802e-14
62,1,7,6.1,1,2,-5.684341886080803e-14
63,1,7,6.2,1,2,-5.684341886080803e-14
64,1,7,6.3,1,2,-5.684341886080801e-14
65,1,7,6.4,1,2,-5.684341886080802e-14
66,1,7,6.5,1,2,-5.684341886080802e-14
67,1,7,6.6,1,2,-5.684341886080802e-14
68,1,7,6.7,1,2,-5.684341886080802e-14
69,1,7,6.8,1,2,-5.684341886080802e-14
70,1,7,6.9,1,2,-5.684341886080802e-14
71,1,7,7.0,1,2,-5.684341886080802e-14
72,1,8,7.1,1,2,2.4445799999999447
73,1,8,7.2,1,2,3.863039999999945
74,1,8,7.3,1,2,4.436459999999943
75,1,8,7.4,1,2,4.345919999999945
76,1,8,7.5,1,2,3.772499999999944
77,1,8,7.6,1,2,2.8972799999999443
78,1,8,7.7,1,2,1.9013399999999439
79,1,8,7.8,1,2,0.965759999999943
80,1,8,7.9,1,2,0.27161999999994313
81,1,8,8.0,1,2,-5.684341886080802e-14
82,1,9,8.1,1,2,-5.684341886080803e-14
83,1,9,8.2,1,2,-5.684341886080803e-14
84,1,9,8.3,1,2,-5.684341886080801e-14
85,1,9,8.4,1,2,-5.684341886080802e-14
86,1,9,8.5,1,2,-5.684341886080802e-14
87,1,9,8.6,1,2,-5.684341886080802e-14
88,1,9,8.7,1,2,-5.684341886080802e-14
89,1,9,8.8,1,2,-5.684341886080802e-14
90,1,9,8.9,1,2,-5.684341886080802e-14
91,1,9,9.0,1,2,-5.684341886080802e-14
92,1,10,9.1,1,2,24.404270909090858
93,1,10,9.2,1,2,41.93785212121208
94,1,10,9.3,1,2,53.3038963636363
95,1,10,9.4,1,2,59.20555636363631
96,1,10,9.5,1,2,60.3459848484848
97,1,10,9.6,1,2,57.4283345454545
98,1,10,9.7,1,2,51.15575818181813
99,1,10,9.8,1,2,42.23140848484843
100,1,10,9.9,1,2,31.35843818181813
101,1,10,10.0,1,2,19.239999999999952
102,1,11,10.1,1,2,14.052739999999952
103,1,11,10.2,1,2,10.065119999999952
104,1,11,10.3,1,2,7.322379999999944
105,1,11,10.4,1,2,5.869759999999944
106,1,11,10.5,1,2,5.752499999999941
107,1,11,10.6,1,2,7.015839999999938
108,1,11,10.7,1,2,9.705019999999932
109,1,11,10.8,1,2,13.865279999999933
110,1,11,10.9,1,2,19.541859999999925
111,1,11,11.0,1,2,26.779999999999916
112,1,12,11.1,1,2,45.52361999999992
113,1,12,11.2,1,2,58.00335999999994
114,1,12,11.3,1,2,65.29153999999991
115,1,12,11.4,1,2,68.46047999999995
116,1,12,11.5,1,2,68.58249999999994
117,1,12,11.6,1,2,66.72991999999994
118,1,12,11.7,1,2,63.97505999999994
119,1,12,11.8,1,2,61.39023999999995
120,1,12,11.9,1,2,60.04777999999995
121,1,12,12.0,1,2,61.01999999999995
122,1,13,12.1,1,2,63.64542999999996
123,1,13,12.2,1,2,66.32623999999997
124,1,13,12.3,1,2,68.73020999999994
125,1,13,12.4,1,2,70.52511999999996
126,1,13,12.5,1,2,71.37874999999995
127,1,13,12.6,1,2,70.95887999999995
128,1,13,12.7,1,2,68.93328999999994
129,1,13,12.8,1,2,64.96975999999995
130,1,13,12.9,1,2,58.736069999999955
131,1,13,13.0,1,2,49.89999999999995
132,1,14,13.1,1,2,42.36303181818178
133,1,14,13.2,1,2,39.432157575757536
134,1,14,13.3,1,2,39.88342272727267
135,1,14,13.4,1,2,42.49287272727267
136,1,14,13.5,1,2,46.036553030302976
137,1,14,13.6,1,2,49.29050909090905
138,1,14,13.7,1,2,51.03078636363631
139,1,14,13.8,1,2,50.03343030303025
140,1,14,13.9,1,2,45.07448636363631
141,1,14,14.0,1,2,34.92999999999995
142,1,15,14.1,1,2,62.17495989898983
143,1,15,14.2,1,2,78.65571555555549
144,1,15,14.3,1,2,86.43589909090896
145,1,15,14.4,1,2,87.57914262626252
146,1,15,14.5,1,2,84.14907828282816
147,1,15,14.6,1,2,78.20933818181805
148,1,15,14.7,1,2,71.82355444444431
149,1,15,14.8,1,2,67.05535919191907
150,1,15,14.9,1,2,65.96838454545441
151,1,15,15.0,1,2,70.62626262626247
152,1,16,15.1,1,2,84.09612636363626
153,1,16,15.2,1,2,96.74111191919182
154,1,16,15.3,1,2,107.79567444444432
155,1,16,15.4,1,2,116.494269090909
156,1,16,15.5,1,2,122.0713510101009
157,1,16,15.6,1,2,123.76137535353526
158,1,16,15.7,1,2,120.79879727272717
159,1,16,15.8,1,2,112.41807191919183
160,1,16,15.9,1,2,97.85365444444437
161,1,16,16.0,1,2,76.33999999999995
162,1,17,16.1,1,2,84.22983999999997
163,1,17,16.2,1,2,90.34151999999997
164,1,17,16.3,1,2,94.71727999999992
165,1,17,16.4,1,2,97.39935999999996
166,1,17,16.5,1,2,98.42999999999995
167,1,17,16.6,1,2,97.85143999999997
168,1,17,16.7,1,2,95.70591999999994
169,1,17,16.8,1,2,92.03567999999996
170,1,17,16.9,1,2,86.88295999999994
171,1,17,17.0,1,2,80.28999999999994
172,1,18,17.1,1,2,60.55633929292923
173,1,18,17.2,1,2,48.322459797979754
174,1,18,17.3,1,2,41.77801545454538
175,1,18,17.4,1,2,39.112660202020145
176,1,18,17.5,1,2,38.516047979797925
177,1,18,17.6,1,2,38.17783272727267
178,1,18,17.7,1,2,36.28766838383832
179,1,18,17.8,1,2,31.035208888888832
180,1,18,17.9,1,2,20.610108181818124
181,1,18,18.0,1,2,3.202020202020146
182,1,19,18.1,1,2,2.3342727272726718
183,1,19,18.2,1,2,1.6394343434342875
184,1,19,18.3,1,2,1.0982929292928725
185,1,19,18.4,1,2,0.691636363636307
186,1,19,18.5,1,2,0.4002525252524685
187,1,19,18.6,1,2,0.2049292929292362
188,1,19,18.7,1,2,0.08645454545448868
189,1,19,18.8,1,2,0.025616161616104763
190,1,19,18.9,1,2,0.003202020201963358
191,1,19,19.0,1,2,-5.684341886080802e-14
192,1,20,19.1,1,2,0.4139099999999428
193,1,20,19.2,1,2,1.4716799999999421
194,1,20,19.3,1,2,2.8973699999999405
195,1,20,19.4,1,2,4.41503999999994
196,1,20,19.5,1,2,5.748749999999937
197,1,20,19.6,1,2,6.622559999999936
198,1,20,19.7,1,2,6.760529999999936
199,1,20,19.8,1,2,5.8867199999999364
200,1,20,19.9,1,2,3.7251899999999387
201,1,20,20.0,1,2,-5.684341886080802e-14
202,1,21,20.1,1,2,-5.684341886080803e-14
203,1,21,20.2,1,2,-5.684341886080803e-14
204,1,21,20.3,1,2,-5.684341886080801e-14
205,1,21,20.4,1,2,-5.684341886080802e-14
206,1,21,20.5,1,2,-5.684341886080802e-14
207,1,21,20.6,1,2,-5.684341886080802e-14
208,1,21,20.7,1,2,-5.684341886080802e-14
209,1,21,20.8,1,2,-5.684341886080802e-14
210,1,21,20.9,1,2,-5.684341886080802e-14
211,1,21,21.0,1,2,-5.684341886080802e-14
212,1,22,21.1,1,2,0.06981818181812581
213,1,22,21.2,1,2,0.24824242424237036
214,1,22,21.3,1,2,0.4887272727272215
215,1,22,21.4,1,2,0.7447272727272245
216,1,22,21.5,1,2,0.9696969696969241
217,1,22,21.6,1,2,1.1170909090908654
218,1,22,21.7,1,2,1.1403636363635927
219,1,22,21.8,1,2,0.9929696969696516
220,1,22,21.9,1,2,0.6283636363635868
221,1,22,22.0,1,2,-5.684341886080802e-14
222,1,23,22.1,1,2,-5.684341886080803e-14
223,1,23,22.2,1,2,-5.684341886080803e-14
224,1,23,22.3,1,2,-5.684341886080801e-14
225,1,23,22.4,1,2,-5.684341886080802e-14
226,1,23,22.5,1,2,-5.684341886080802e-14
227,1,23,22.6,1,2,-5.684341886080802e-14
228,1,23,22.7,1,2,-5.684341886080802e-14
229,1,23,22.8,1,2,-5.684341886080802e-14
230,1,23,22.9,1,2,-5.684341886080802e-14
231,1,23,23.0,1,2,-5.684341886080802e-14
232,1,24,23.1,1,2,60.31502999999998
233,1,24,23.2,1,2,95.31264000000002
234,1,24,23.3,1,2,109.46060999999996
235,1,24,23.4,1,2,107.22672
236,1,24,23.5,1,2,93.07874999999999
237,1,24,23.6,1,2,71.48447999999998
238,1,24,23.7,1,2,46.911689999999965
239,1,24,23.8,1,2,23.828159999999944
240,1,24,23.9,1,2,6.701669999999942
241,1,24,24.0,1,2,-5.684341886080802e-14
242,2,1,0.0,2,1,250.00000000000006
243,2,1,0.1,2,1,250.00000000000009
244,2,1,0.2,2,1,250.0000000000001
245,2,1,0.3,2,1,250.0
246,2,1,0.4,2,1,250.00000000000009
247,2,1,0.5,2,1,250.00000000000006
248,2,1,0.6,2,1,250.00000000000006
249,2,1,0.7,2,1,250.00000000000006
250,2,1,0.8,2,1,250.00000000000009
251,2,1,0.9,2,1,250.00000000000006
252,2,1,1.0,2,1,250.00000000000006
253,2,2,1.1,2,1,249.96004040404048
254,2,2,1.2,2,1,249.68032323232336
255,2,2,1.3,2,1,248.9210909090909
256,2,2,1.4,2,1,247.44258585858594
257,2,2,1.5,2,1,245.00505050505055
258,2,2,1.6,2,1,241.3687272727273
259,2,2,1.7,2,1,236.2938585858586
260,2,2,1.8,2,1,229.5406868686869
261,2,2,1.9,2,1,220.86945454545452
262,2,2,2.0,2,1,210.04040404040398
263,2,3,2.1,2,1,184.60004040404036
264,2,3,2.2,2,1,172.06173737373734
265,2,3,2.3,2,1,169.82694949494942
266,2,3,2.4,2,1,175.2971313131313
267,2,3,2.5,2,1,185.87373737373738
268,2,3,2.6,2,1,198.95822222222225
269,2,3,2.7,2,1,211.9520404040404
270,2,3,2.8,2,1,222.2566464646465
271,2,3,2.9,2,1,227.27349494949493
272,2,3,3.0,2,1,224.40404040404036
273,2,4,3.1,2,1,227.63342545454546
274,2,4,3.2,2,1,223.1607086868687
275,2,4,3.3,2,1,212.7809458585858
276,2,4,3.4,2,1,198.28919272727273
277,2,4,3.5,2,1,181.480505050505
278,2,4,3.6,2,1,164.14993858585854
279,2,4,3.7,2,1,148.092549090909
280,2,4,3.8,2,1,135.10339232323219
281,2,4,3.9,2,1,126.97752404040389
282,2,4,4.0,2,1,125.50999999999982
283,2,5,4.1,2,1,129.38353999999987
284,2,5,4.2,2,1,135.22831999999988
285,2,5,4.3,2,1,141.7425799999998
286,2,5,4.4,2,1,147.6245599999999
287,2,5,4.5,2,1,151.57249999999982
288,2,5,4.6,2,1,152.28463999999985
289,2,5,4.7,2,1,148.45921999999982
290,2,5,4.8,2,1,138.79447999999982
291,2,5,4.9,2,1,121.98865999999983
292,2,5,5.0,2,1,96.73999999999984
293,2,6,5.1,2,1,74.04410999999988
294,2,6,5.2,2,1,62.183679999999896
295,2,6,5.3,2,1,58.43356999999987
296,2,6,5.4,2,1,60.06863999999988
297,2,6,5.5,2,1,64.36374999999987
298,2,6,5.6,2,1,68.59375999999986
299,2,6,5.7,2,1,70.03352999999984
300,2,6,5.8,2,1,65.95791999999985
301,2,6,5.9,2,1,53.64178999999984
302,2,6,6.0,2,1,30.359999999999843
303,2,7,6.1,2,1,25.96616999999987
304,2,7,6.2,2,1,29.17535999999989
305,2,7,6.3,2,1,37.249589999999884
306,2,7,6.4,2,1,47.45087999999989
307,2,7,6.5,2,1,57.04124999999989
308,2,7,6.6,2,1,63.2827199999999
309,2,7,6.7,2,1,63.43730999999989
310,2,7,6.8,2,1,54.7670399999999
311,2,7,6.9,2,1,34.53392999999991
312,2,7,7.0,2,1,-5.684341886080802e-14
313,2,8,7.1,2,1,0.007969696969640113
314,2,8,7.2,2,1,0.06375757575751881
315,2,8,7.3,2,1,0.2151818181817609
316,2,8,7.4,2,1,0.5100606060605484
317,2,8,7.5,2,1,0.9962121212120625
318,2,8,7.6,2,1,1.7214545454544852
319,2,8,7.7,2,1,2.733606060605998
320,2,8,7.8,2,1,4.080484848484785
321,2,8,7.9,2,1,5.8099090909090245
322,2,8,8.0,2,1,7.969696969696898
323,2,9,8.1,2,1,29.310140909090844
324,2,9,8.2,2,1,50.29064242424237
325,2,9,8.3,2,1,69.2242287878787
326,2,9,8.4,2,1,84.4239272727272
327,2,9,8.5,2,1,94.20276515151507
328,2,9,8.6,2,1,96.87376969696963
329,2,9,8.7,2,1,90.7499681818181
330,2,9,8.8,2,1,74.14438787878781
331,2,9,8.9,2,1,45.37005606060599
332,2,9,9.0,2,1,2.739999999999939
333,2,10,9.1,2,1,1.9974599999999405
334,2,10,9.2,2,1,1.4028799999999413
335,2,10,9.3,2,1,0.9398199999999414
336,2,10,9.4,2,1,0.5918399999999423
337,2,10,9.5,2,1,0.34249999999994263
338,2,10,9.6,2,1,0.17535999999994292
339,2,10,9.7,2,1,0.07397999999994308
340,2,10,9.8,2,1,0.02191999999994311
341,2,10,9.9,2,1,0.002739999999943151
342,2,10,10.0,2,1,-5.684341886080802e-14
343,2,11,10.1,2,1,-5.684341886080803e-14
344,2,11,10.2,2,1,-5.684341886080803e-14
345,2,11,10.3,2,1,-5.684341886080801e-14
346,2,11,10.4,2,1,-5.684341886080802e-14
347,2,11,10.5,2,1,-5.684341886080802e-14
348,2,11,10.6,2,1,-5.684341886080802e-14
349,2,11,10.7,2,1,-5.684341886080802e-14
350,2,11,10.8,2,1,-5.684341886080802e-14
351,2,11,10.9,2,1,-5.684341886080802e-14
352,2,11,11.0,2,1,-5.684341886080802e-14
353,2,12,11.1,2,1,-5.684341886080803e-14
354,2,12,11.2,2,1,-5.684341886080803e-14
355,2,12,11.3,2,1,-5.684341886080801e-14
356,2,12,11.4,2,1,-5.684341886080802e-14
357,2,12,11.5,2,1,-5.684341886080802e-14
358,2,12,11.6,2,1,-5.684341886080802e-14
359,2,12,11.7,2,1,-5.684341886080802e-14
360,2,12,11.8,2,1,-5.684341886080802e-14
361,2,12,11.9,2,1,-5.684341886080802e-14
362,2,12,12.0,2,1,-5.684341886080802e-14
363,2,13,12.1,2,1,-5.684341886080803e-14
364,2,13,12.2,2,1,-5.684341886080803e-14
365,2,13,12.3,2,1,-5.684341886080801e-14
366,2,13,12.4,2,1,-5.684341886080802e-14
367,2,13,12.5,2,1,-5.684341886080802e-14
368,2,13,12.6,2,1,-5.684341886080802e-14
369,2,13,12.7,2,1,-5.684341886080802e-14
370,2,13,12.8,2,1,-5.684341886080802e-14
371,2,13,12.9,2,1,-5.684341886080802e-14
372,2,13,13.0,2,1,-5.684341886080802e-14
373,2,14,13.1,2,1,-5.684341886080803e-14
374,2,14,13.2,2,1,-5.684341886080803e-14
375,2,14,13.3,2,1,-5.684341886080801e-14
376,2,14,13.4,2,1,-5.684341886080802e-14
377,2,14,13.5,2,1,-5.684341886080802e-14
378,2,14,13.6,2,1,-5.684341886080802e-14
379,2,14,13.7,2,1,-5.684341886080802e-14
380,2,14,13.8,2,1,-5.684341886080802e-14
381,2,14,13.9,2,1,-5.684341886080802e-14
382,2,14,14.0,2,1,-5.684341886080802e-14
383,2,15,14.1,2,1,-5.684341886080803e-14
384,2,15,14.2,2,1,-5.684341886080803e-14
385,2,15,14.3,2,1,-5.684341886080801e-14
386,2,15,14.4,2,1,-5.684341886080802e-14
387,2,15,14.5,2,1,-5.684341886080802e-14
388,2,15,14.6,2,1,-5.684341886080802e-14
389,2,15,14.7,2,1,-5.684341886080802e-14
390,2,15,14.8,2,1,-5.684341886080802e-14
391,2,15,14.9,2,1,-5.684341886080802e-14
392,2,15,15.0,2,1,-5.684341886080802e-14
393,2,16,15.1,2,1,-5.684341886080803e-14
394,2,16,15.2,2,1,-5.684341886080803e-14
395,2,16,15.3,2,1,-5.684341886080801e-14
396,2,16,15.4,2,1,-5.684341886080802e-14
397,2,16,15.5,2,1,-5.684341886080802e-14
398,2,16,15.6,2,1,-5.684341886080802e-14
399,2,16,15.7,2,1,-5.684341886080802e-14
400,2,16,15.8,2,1,-5.684341886080802e-14
401,2,16,15.9,2,1,-5.684341886080802e-14
402,2,16,16.0,2,1,-5.684341886080802e-14
403,2,17,16.1,2,1,-5.684341886080803e-14
404,2,17,16.2,2,1,-5.684341886080803e-14
405,2,17,16.3,2,1,-5.684341886080801e-14
406,2,17,16.4,2,1,-5.684341886080802e-14
407,2,17,16.5,2,1,-5.684341886080802e-14
408,2,17,16.6,2,1,-5.684341886080802e-14
409,2,17,16.7,2,1,-5.684341886080802e-14
410,2,17,16.8,2,1,-5.684341886080802e-14
411,2,17,16.9,2,1,-5.684341886080802e-14
412,2,17,17.0,2,1,-5.684341886080802e-14
413,2,18,17.1,2,1,-5.684341886080803e-14
414,2,18,17.2,2,1,-5.684341886080803e-14
415,2,18,17.3,2,1,-5.684341886080801e-14
416,2,18,17.4,2,1,-5.684341886080802e-14
417,2,18,17.5,2,1,-5.684341886080802e-14
418,2,18,17.6,2,1,-5.684341886080802e-14
419,2,18,17.7,2,1,-5.684341886080802e-14
420,2,18,17.8,2,1,-5.684341886080802e-14
421,2,18,17.9,2,1,-5.684341886080802e-14
422,2,18,18.0,2,1,-5.684341886080802e-14
423,2,19,18.1,2,1,16.992749999999948
424,2,19,18.2,2,1,27.962399999999963
425,2,19,18.3,2,1,33.90704999999994
426,2,19,18.4,2,1,35.82479999999996
427,2,19,18.5,2,1,34.71374999999995
428,2,19,18.6,2,1,31.57199999999995
429,2,19,18.7,2,1,27.39764999999995
430,2,19,18.8,2,1,23.188799999999944
431,2,19,18.9,2,1,19.94354999999995
432,2,19,19.0,2,1,18.659999999999954
433,2,20,19.1,2,1,13.607008686868639
434,2,20,19.2,2,1,9.584869494949446
435,2,20,19.3,2,1,6.50483454545449
436,2,20,19.4,2,1,4.278155959595904
437,2,20,19.5,2,1,2.816085858585801
438,2,20,19.6,2,1,2.029876363636304
439,2,20,19.7,2,1,1.8307795959595334
440,2,20,19.8,2,1,2.1300476767676115
441,2,20,19.9,2,1,2.8389327272726583
442,2,20,20.0,2,1,3.868686868686795
443,2,21,20.1,2,1,9.4306363636363
444,2,21,20.2,2,1,14.337616161616108
445,2,21,20.3,2,1,18.339505050504997
446,2,21,20.4,2,1,21.186181818181772
447,2,21,20.5,2,1,22.62752525252521
448,2,21,20.6,2,1,22.413414141414105
449,2,21,20.7,2,1,20.293727272727235
450,2,21,20.8,2,1,16.01834343434339
451,2,21,20.9,2,1,9.337141414141366
452,2,21,21.0,2,1,-5.684341886080802e-14
453,2,22,21.1,2,1,0.08296969696964013
454,2,22,21.2,2,1,0.6637575757575189
455,2,22,21.3,2,1,2.2401818181817608
456,2,22,21.4,2,1,5.310060606060549
457,2,22,21.5,2,1,10.371212121212062
458,2,22,21.6,2,1,17.921454545454484
459,2,22,21.7,2,1,28.45860606060599
460,2,22,21.8,2,1,42.48048484848479
461,2,22,21.9,2,1,60.484909090909035
462,2,22,22.0,2,1,82.9696969696969
463,2,23,22.1,2,1,113.01334121212116
464,2,23,22.2,2,1,133.33463272727272
465,2,23,22.3,2,1,145.93238242424235
466,2,23,22.4,2,1,152.80540121212118
467,2,23,22.5,2,1,155.95249999999996
468,2,23,22.6,2,1,157.37248969696967
469,2,23,22.7,2,1,159.06418121212116
470,2,23,22.8,2,1,163.02638545454545
471,2,23,22.9,2,1,171.25791333333333
472,2,23,23.0,2,1,185.75757575757575
473,2,24,23.1,2,1,199.68665171717169
474,2,24,23.2,2,1,204.255637979798
475,2,24,23.3,2,1,201.4553539393939
476,2,24,23.4,2,1,193.27661898989894
477,2,24,23.5,2,1,181.71025252525237
478,2,24,23.6,2,1,168.74707393939366
479,2,24,23.7,2,1,156.3779026262622
480,2,24,23.8,2,1,146.5935579797973
481,2,24,23.9,2,1,141.38485939393846
482,2,24,24.0,2,1,142.74262626262498
483,3,1,0.0,1,3,250.00000000000006
484,3,1,0.1,1,3,250.00000000000009
485,3,1,0.2,1,3,250.0000000000001
486,3,1,0.3,1,3,250.0
487,3,1,0.4,1,3,250.00000000000009
488,3,1,0.5,1,3,250.00000000000006
489,3,1,0.6,1,3,250.00000000000006
490,3,1,0.7,1,3,250.00000000000006
491,3,1,0.8,1,3,250.00000000000009
492,3,1,0.9,1,3,250.00000000000006
493,3,1,1.0,1,3,250.00000000000006
494,3,2,1.1,1,3,182.25000000000006
495,3,2,1.2,1,3,128.00000000000003
496,3,2,1.3,1,3,85.74999999999996
497,3,2,1.4,1,3,53.99999999999997
498,3,2,1.5,1,3,31.249999999999957
499,3,2,1.6,1,3,15.999999999999954
500,3,2,1.7,1,3,6.749999999999949
501,3,2,1.8,1,3,1.9999999999999427
502,3,2,1.9,1,3,0.2499999999999431
503,3,2,2.0,1,3,-5.684341886080802e-14
504,3,3,2.1,1,3,6.7499999999999485
505,3,3,2.2,1,3,23.999999999999964
506,3,3,2.3,1,3,47.24999999999997
507,3,3,2.4,1,3,71.99999999999999
508,3,3,2.5,1,3,93.75
509,3,3,2.6,1,3,108.00000000000001
510,3,3,2.7,1,3,110.25
511,3,3,2.8,1,3,96.0
512,3,3,2.9,1,3,60.749999999999964
513,3,3,3.0,1,3,-5.684341886080802e-14
514,3,4,3.1,1,3,1.6780182282827725
515,3,4,3.2,1,3,6.185321826262573
516,3,4,3.3,1,3,12.73178416363631
517,3,4,3.4,1,3,20.52727861010096
518,3,4,3.5,1,3,28.78167853535348
519,3,4,3.6,1,3,36.70485730909085
520,3,4,3.7,1,3,43.506688301010016
521,3,4,3.8,1,3,48.39704488080799
522,3,4,3.9,1,3,50.585800418181705
523,3,4,4.0,1,3,49.282828282828135
524,3,5,4.1,1,3,48.34846182795773
525,3,5,4.2,1,3,51.184744519607634
526,3,5,4.3,1,3,56.305294896715004
527,3,5,4.4,1,3,62.22373149821708
528,3,5,4.5,1,3,67.453672863051
529,3,5,4.6,1,3,70.50873753015397
530,3,5,4.7,1,3,69.90254403846315
531,3,5,4.8,1,3,64.14871092691575
532,3,5,4.9,1,3,51.760856734448915
533,3,5,5.0,1,3,31.25259999999986
534,3,6,5.1,1,3,38.40014481666656
535,3,6,5.2,1,3,43.58932653333324
536,3,6,5.3,1,3,46.78262604999989
537,3,6,5.4,1,3,47.94252426666657
538,3,6,5.5,1,3,47.03150208333322
539,3,6,5.6,1,3,44.01204039999988
540,3,6,5.7,1,3,38.84662011666654
541,3,6,5.8,1,3,31.4977221333332
542,3,6,5.9,1,3,21.92782734999986
543,3,6,6.0,1,3,10.099416666666531
544,3,7,6.1,1,3,21.041597449999898
545,3,7,6.2,1,3,37.27107093333325
546,3,7,6.3,1,3,56.068758816666566
547,3,7,6.4,1,3,74.71558279999992
548,3,7,6.5,1,3,90.49246458333323
549,3,7,6.6,1,3,100.68032586666658
550,3,7,6.7,1,3,102.56008834999989
551,3,7,6.8,1,3,93.41267373333324
552,3,7,6.9,1,3,70.51900371666659
553,3,7,7.0,1,3,31.159999999999968
554,3,8,7.1,1,3,24.463889999999964
555,3,8,7.2,1,3,22.169919999999962
556,3,8,7.3,1,3,22.92562999999995
557,3,8,7.4,1,3,25.37855999999995
558,3,8,7.5,1,3,28.176249999999946
559,3,8,7.6,1,3,29.966239999999953
560,3,8,7.7,1,3,29.396069999999945
561,3,8,7.8,1,3,25.113279999999946
562,3,8,7.9,1,3,15.76540999999994
563,3,8,8.0,1,3,-5.684341886080802e-14
564,3,9,8.1,1,3,-5.684341886080803e-14
565,3,9,8.2,1,3,-5.684341886080803e-14
566,3,9,8.3,1,3,-5.684341886080801e-14
567,3,9,8.4,1,3,-5.684341886080802e-14
568,3,9,8.5,1,3,-5.684341886080802e-14
569,3,9,8.6,1,3,-5.684341886080802e-14
570,3,9,8.7,1,3,-5.684341886080802e-14
571,3,9,8.8,1,3,-5.684341886080802e-14
572,3,9,8.9,1,3,-5.684341886080802e-14
573,3,9,9.0,1,3,-5.684341886080802e-14
574,3,10,9.1,1,3,0.11206909090903487
575,3,10,9.2,1,3,0.3984678787878248
576,3,10,9.3,1,3,0.784483636363585
577,3,10,9.4,1,3,1.195403636363588
578,3,10,9.5,1,3,1.5565151515151054
579,3,10,9.6,1,3,1.7931054545454104
580,3,10,9.7,1,3,1.830461818181774
581,3,10,9.8,1,3,1.5938715151514693
582,3,10,9.9,1,3,1.008621818181768
583,3,10,10.0,1,3,-5.684341886080802e-14
584,3,11,10.1,1,3,-5.684341886080803e-14
585,3,11,10.2,1,3,-5.684341886080803e-14
586,3,11,10.3,1,3,-5.684341886080801e-14
587,3,11,10.4,1,3,-5.684341886080802e-14
588,3,11,10.5,1,3,-5.684341886080802e-14
589,3,11,10.6,1,3,-5.684341886080802e-14
590,3,11,10.7,1,3,-5.684341886080802e-14
591,3,11,10.8,1,3,-5.684341886080802e-14
592,3,11,10.9,1,3,-5.684341886080802e-14
593,3,11,11.0,1,3,-5.684341886080802e-14
594,3,12,11.1,1,3,-5.684341886080803e-14
595,3,12,11.2,1,3,-5.684341886080803e-14
596,3,12,11.3,1,3,-5.684341886080801e-14
597,3,12,11.4,1,3,-5.684341886080802e-14
598,3,12,11.5,1,3,-5.684341886080802e-14
599,3,12,11.6,1,3,-5.684341886080802e-14
600,3,12,11.7,1,3,-5.684341886080802e-14
601,3,12,11.8,1,3,-5.684341886080802e-14
602,3,12,11.9,1,3,-5.684341886080802e-14
603,3,12,12.0,1,3,-5.684341886080802e-14
604,3,13,12.1,1,3,-5.684341886080803e-14
605,3,13,12.2,1,3,-5.684341886080803e-14
606,3,13,12.3,1,3,-5.684341886080801e-14
607,3,13,12.4,1,3,-5.684341886080802e-14
608,3,13,12.5,1,3,-5.684341886080802e-14
609,3,13,12.6,1,3,-5.684341886080802e-14
610,3,13,12.7,1,3,-5.684341886080802e-14
611,3,13,12.8,1,3,-5.684341886080802e-14
612,3,13,12.9,1,3,-5.684341886080802e-14
613,3,13,13.0,1,3,-5.684341886080802e-14
614,3,14,13.1,1,3,0.2049981818181253
615,3,14,13.2,1,3,0.7288824242423686
616,3,14,13.3,1,3,1.4349872727272177
617,3,14,13.4,1,3,2.1866472727272193
618,3,14,13.5,1,3,2.847196969696917
619,3,14,13.6,1,3,3.279970909090857
620,3,14,13.7,1,3,3.348303636363584
621,3,14,13.8,1,3,2.915529696969644
622,3,14,13.9,1,3,1.8449836363635819
623,3,14,14.0,1,3,-5.684341886080802e-14
624,3,15,14.1,1,3,-5.684341886080803e-14
625,3,15,14.2,1,3,-5.684341886080803e-14
626,3,15,14.3,1,3,-5.684341886080801e-14
627,3,15,14.4,1,3,-5.684341886080802e-14
628,3,15,14.5,1,3,-5.684341886080802e-14
629,3,15,14.6,1,3,-5.684341886080802e-14
630,3,15,14.7,1,3,-5.684341886080802e-14
631,3,15,14.8,1,3,-5.684341886080802e-14
632,3,15,14.9,1,3,-5.684341886080802e-14
633,3,15,15.0,1,3,-5.684341886080802e-14
634,3,16,15.1,1,3,-5.684341886080803e-14
635,3,16,15.2,1,3,-5.684341886080803e-14
636,3,16,15.3,1,3,-5.684341886080801e-14
637,3,16,15.4,1,3,-5.684341886080802e-14
638,3,16,15.5,1,3,-5.684341886080802e-14
639,3,16,15.6,1,3,-5.684341886080802e-14
640,3,16,15.7,1,3,-5.684341886080802e-14
641,3,16,15.8,1,3,-5.684341886080802e-14
642,3,16,15.9,1,3,-5.684341886080802e-14
643,3,16,16.0,1,3,-5.684341886080802e-14
644,3,17,16.1,1,3,-5.684341886080803e-14
645,3,17,16.2,1,3,-5.684341886080803e-14
646,3,17,16.3,1,3,-5.684341886080801e-14
647,3,17,16.4,1,3,-5.684341886080802e-14
648,3,17,16.5,1,3,-5.684341886080802e-14
649,3,17,16.6,1,3,-5.684341886080802e-14
650,3,17,16.7,1,3,-5.684341886080802e-14
651,3,17,16.8,1,3,-5.684341886080802e-14
652,3,17,16.9,1,3,-5.684341886080802e-14
653,3,17,17.0,1,3,-5.684341886080802e-14
654,3,18,17.1,1,3,15.732260707070655
655,3,18,17.2,1,3,29.12834020202016
656,3,18,17.3,1,3,39.85118454545449
657,3,18,17.4,1,3,47.56373979797975
658,3,18,17.5,1,3,51.92895202020196
659,3,18,17.6,1,3,52.60976727272722
660,3,18,17.7,1,3,49.26913161616156
661,3,18,17.8,1,3,41.569991111111044
662,3,18,17.9,1,3,29.17529181818175
663,3,18,18.0,1,3,11.74797979797973
664,3,19,18.1,1,3,8.564277272727209
665,3,19,18.2,1,3,6.014965656565594
666,3,19,18.3,1,3,4.029557070707009
667,3,19,18.4,1,3,2.537563636363577
668,3,19,18.5,1,3,1.4684974747474164
669,3,19,18.6,1,3,0.7518707070706496
670,3,19,18.7,1,3,0.3171954545453975
671,3,19,18.8,1,3,0.0939838383837814
672,3,19,18.9,1,3,0.011747979797922935
673,3,19,19.0,1,3,-5.684341886080802e-14
674,3,20,19.1,1,3,6.52454999999995
675,3,20,19.2,1,3,10.310399999999957
676,3,20,19.3,1,3,11.84084999999995
677,3,20,19.4,1,3,11.599199999999955
678,3,20,19.5,1,3,10.068749999999952
679,3,20,19.6,1,3,7.73279999999995
680,3,20,19.7,1,3,5.074649999999949
681,3,20,19.8,1,3,2.577599999999944
682,3,20,19.9,1,3,0.7249499999999435
683,3,20,20.0,1,3,-5.684341886080802e-14
684,3,21,20.1,1,3,0.017449999999943146
685,3,21,20.2,1,3,0.13959999999994308
686,3,21,20.3,1,3,0.47114999999994284
687,3,21,20.4,1,3,1.1167999999999425
688,3,21,20.5,1,3,2.1812499999999417
689,3,21,20.6,1,3,3.7691999999999406
690,3,21,20.7,1,3,5.985349999999938
691,3,21,20.8,1,3,8.934399999999938
692,3,21,20.9,1,3,12.721049999999936
693,3,21,21.0,1,3,17.449999999999932
694,3,22,21.1,1,3,35.226201818181764
695,3,22,21.2,1,3,55.17511757575753
696,3,22,21.3,1,3,74.85521272727266
697,3,22,21.4,1,3,91.82495272727269
698,3,22,21.5,1,3,103.64280303030299
699,3,22,21.6,1,3,107.86722909090903
700,3,22,21.7,1,3,102.0566963636363
701,3,22,21.8,1,3,83.76967030303024
702,3,22,21.9,1,3,50.5646163636363
703,3,22,22.0,1,3,-5.684341886080802e-14
704,3,23,22.1,1,3,-5.684341886080803e-14
705,3,23,22.2,1,3,-5.684341886080803e-14
706,3,23,22.3,1,3,-5.684341886080801e-14
707,3,23,22.4,1,3,-5.684341886080802e-14
708,3,23,22.5,1,3,-5.684341886080802e-14
709,3,23,22.6,1,3,-5.684341886080802e-14
710,3,23,22.7,1,3,-5.684341886080802e-14
711,3,23,22.8,1,3,-5.684341886080802e-14
712,3,23,22.9,1,3,-5.684341886080802e-14
713,3,23,23.0,1,3,-5.684341886080802e-14
714,3,24,23.1,1,3,60.749999999999986
715,3,24,23.2,1,3,96.00000000000003
716,3,24,23.3,1,3,110.24999999999997
717,3,24,23.4,1,3,108.00000000000001
718,3,24,23.5,1,3,93.75
719,3,24,23.6,1,3,71.99999999999999
720,3,24,23.7,1,3,47.24999999999997
721,3,24,23.8,1,3,23.999999999999947
722,3,24,23.9,1,3,6.749999999999943
723,3,24,24.0,1,3,-5.684341886080802e-14
724,4,1,0.0,3,1,250.00000000000006
725,4,1,0.1,3,1,250.00000000000009
726,4,1,0.2,3,1,250.0000000000001
727,4,1,0.3,3,1,250.0
728,4,1,0.4,3,1,250.00000000000009
729,4,1,0.5,3,1,250.00000000000006
730,4,1,0.6,3,1,250.00000000000006
731,4,1,0.7,3,1,250.00000000000006
732,4,1,0.8,3,1,250.00000000000009
733,4,1,0.9,3,1,250.00000000000006
734,4,1,1.0,3,1,250.00000000000006
735,4,2,1.1,3,1,199.0377272727273
736,4,2,1.2,3,1,158.22060606060603
737,4,2,1.3,3,1,125.90772727272716
738,4,2,1.4,3,1,100.4581818181817
739,4,2,1.5,3,1,80.23106060606045
740,4,2,1.6,3,1,63.58545454545441
741,4,2,1.7,3,1,48.880454545454405
742,4,2,1.8,3,1,34.47515151515139
743,4,2,1.9,3,1,18.728636363636266
744,4,2,2.0,3,1,-5.684341886080802e-14
745,4,3,2.1,3,1,6.7499999999999485
746,4,3,2.2,3,1,23.999999999999964
747,4,3,2.3,3,1,47.24999999999997
748,4,3,2.4,3,1,71.99999999999999
749,4,3,2.5,3,1,93.75
750,4,3,2.6,3,1,108.00000000000001
751,4,3,2.7,3,1,110.25
752,4,3,2.8,3,1,96.0
753,4,3,2.9,3,1,60.749999999999964
754,4,3,3.0,3,1,-5.684341886080802e-14
755,4,4,3.1,3,1,31.923818181818106
756,4,4,3.2,3,1,50.44751515151507
757,4,4,3.3,3,1,57.935818181818064
758,4,4,3.4,3,1,56.753454545454446
759,4,4,3.5,3,1,49.26515151515142
760,4,4,3.6,3,1,37.83563636363628
761,4,4,3.7,3,1,24.829636363636293
762,4,4,3.8,3,1,12.611878787878718
763,4,4,3.9,3,1,3.5470909090908482
764,4,4,4.0,3,1,-5.684341886080802e-14
765,4,5,4.1,3,1,2.9370871356782304
766,4,5,4.2,3,1,10.44297648241163
767,4,5,4.3,3,1,20.559609949747948
768,4,5,4.4,3,1,31.328929447235
769,4,5,4.5,3,1,40.792876884420586
770,4,5,4.6,3,1,46.993394170852525
771,4,5,4.7,3,1,47.97242321607862
772,4,5,4.8,3,1,41.771905929646685
773,4,5,4.9,3,1,26.433784221104517
774,4,5,5.0,3,1,-5.684341886080802e-14
775,4,6,5.1,3,1,-5.684341886080803e-14
776,4,6,5.2,3,1,-5.684341886080803e-14
777,4,6,5.3,3,1,-5.684341886080801e-14
778,4,6,5.4,3,1,-5.684341886080802e-14
779,4,6,5.5,3,1,-5.684341886080802e-14
780,4,6,5.6,3,1,-5.684341886080802e-14
781,4,6,5.7,3,1,-5.684341886080802e-14
782,4,6,5.8,3,1,-5.684341886080802e-14
783,4,6,5.9,3,1,-5.684341886080802e-14
784,4,6,6.0,3,1,-5.684341886080802e-14
785,4,7,6.1,3,1,-5.684341886080803e-14
786,4,7,6.2,3,1,-5.684341886080803e-14
787,4,7,6.3,3,1,-5.684341886080801e-14
788,4,7,6.4,3,1,-5.684341886080802e-14
789,4,7,6.5,3,1,-5.684341886080802e-14
790,4,7,6.6,3,1,-5.684341886080802e-14
791,4,7,6.7,3,1,-5.684341886080802e-14
792,4,7,6.8,3,1,-5.684341886080802e-14
793,4,7,6.9,3,1,-5.684341886080802e-14
794,4,7,7.0,3,1,-5.684341886080802e-14
795,4,8,7.1,3,1,-5.684341886080803e-14
796,4,8,7.2,3,1,-5.684341886080803e-14
797,4,8,7.3,3,1,-5.684341886080801e-14
798,4,8,7.4,3,1,-5.684341886080802e-14
799,4,8,7.5,3,1,-5.684341886080802e-14
800,4,8,7.6,3,1,-5.684341886080802e-14
801,4,8,7.7,3,1,-5.684341886080802e-14
802,4,8,7.8,3,1,-5.684341886080802e-14
803,4,8,7.9,3,1,-5.684341886080802e-14
804,4,8,8.0,3,1,-5.684341886080802e-14
805,4,9,8.1,3,1,0.8886707070706479
806,4,9,8.2,3,1,1.6284080808080204
807,4,9,8.3,3,1,2.4918909090908468
808,4,9,8.4,3,1,3.751797979797918
809,4,9,8.5,3,1,5.680808080808018
810,4,9,8.6,3,1,8.551599999999937
811,4,9,8.7,3,1,12.636852525252458
812,4,9,8.8,3,1,18.209244444444384
813,4,9,8.9,3,1,25.541454545454478
814,4,9,9.0,3,1,34.90616161616154
815,4,10,9.1,3,1,25.446591818181773
816,4,10,9.2,3,1,17.8719547474747
817,4,10,9.3,3,1,11.972813434343378
818,4,10,9.4,3,1,7.539730909090855
819,4,10,9.5,3,1,4.363270202020146
820,4,10,9.6,3,1,2.2339943434342877
821,4,10,9.7,3,1,0.9424663636363073
822,4,10,9.8,3,1,0.279249292929236
823,4,10,9.9,3,1,0.034906161616104756
824,4,10,10.0,3,1,-5.684341886080802e-14
825,4,11,10.1,3,1,7.8201818181817675
826,4,11,10.2,3,1,14.908121212121168
827,4,11,10.3,3,1,20.88672727272722
828,4,11,10.4,3,1,25.378909090909044
829,4,11,10.5,3,1,28.0075757575757
830,4,11,10.6,3,1,28.39563636363631
831,4,11,10.7,3,1,26.16599999999994
832,4,11,10.8,3,1,20.941575757575695
833,4,11,10.9,3,1,12.345272727272665
834,4,11,11.0,3,1,-5.684341886080802e-14
835,4,12,11.1,3,1,-5.684341886080803e-14
836,4,12,11.2,3,1,-5.684341886080803e-14
837,4,12,11.3,3,1,-5.684341886080801e-14
838,4,12,11.4,3,1,-5.684341886080802e-14
839,4,12,11.5,3,1,-5.684341886080802e-14
840,4,12,11.6,3,1,-5.684341886080802e-14
841,4,12,11.7,3,1,-5.684341886080802e-14
842,4,12,11.8,3,1,-5.684341886080802e-14
843,4,12,11.9,3,1,-5.684341886080802e-14
844,4,12,12.0,3,1,-5.684341886080802e-14
845,4,13,12.1,3,1,-5.684341886080803e-14
846,4,13,12.2,3,1,-5.684341886080803e-14
847,4,13,12.3,3,1,-5.684341886080801e-14
848,4,13,12.4,3,1,-5.684341886080802e-14
849,4,13,12.5,3,1,-5.684341886080802e-14
850,4,13,12.6,3,1,-5.684341886080802e-14
851,4,13,12.7,3,1,-5.684341886080802e-14
852,4,13,12.8,3,1,-5.684341886080802e-14
853,4,13,12.9,3,1,-5.684341886080802e-14
854,4,13,13.0,3,1,-5.684341886080802e-14
855,4,14,13.1,3,1,-5.684341886080803e-14
856,4,14,13.2,3,1,-5.684341886080803e-14
857,4,14,13.3,3,1,-5.684341886080801e-14
858,4,14,13.4,3,1,-5.684341886080802e-14
859,4,14,13.5,3,1,-5.684341886080802e-14
860,4,14,13.6,3,1,-5.684341886080802e-14
861,4,14,13.7,3,1,-5.684341886080802e-14
862,4,14,13.8,3,1,-5.684341886080802e-14
863,4,14,13.9,3,1,-5.684341886080802e-14
864,4,14,14.0,3,1,-5.684341886080802e-14
865,4,15,14.1,3,1,42.76718171615134
866,4,15,14.2,3,1,73.48658136924797
867,4,15,14.3,3,1,93.47570615243332
868,4,15,14.4,3,1,104.05206325885104
869,4,15,14.5,3,1,106.53315988164464
870,4,15,14.6,3,1,102.23650321395766
871,4,15,14.7,3,1,92.4796004489337
872,4,15,14.8,3,1,78.57995877971624
873,4,15,14.9,3,1,61.85508539944891
874,4,15,15.0,3,1,43.62248750127524
875,4,16,15.1,3,1,34.8950165289255
876,4,16,15.2,3,1,33.33639587797153
877,4,16,15.3,3,1,36.622075196408424
878,4,16,15.4,3,1,42.427504132231306
879,4,16,15.5,3,1,48.42813233343527
880,4,16,15.6,3,1,52.29940944801541
881,4,16,15.7,3,1,51.716785123966844
882,4,16,15.8,3,1,44.35570900928468
883,4,16,15.9,3,1,27.891630751964005
884,4,16,16.0,3,1,-5.684341886080802e-14
885,4,17,16.1,3,1,-5.684341886080803e-14
886,4,17,16.2,3,1,-5.684341886080803e-14
887,4,17,16.3,3,1,-5.684341886080801e-14
888,4,17,16.4,3,1,-5.684341886080802e-14
889,4,17,16.5,3,1,-5.684341886080802e-14
890,4,17,16.6,3,1,-5.684341886080802e-14
891,4,17,16.7,3,1,-5.684341886080802e-14
892,4,17,16.8,3,1,-5.684341886080802e-14
893,4,17,16.9,3,1,-5.684341886080802e-14
894,4,17,17.0,3,1,-5.684341886080802e-14
895,4,18,17.1,3,1,-5.684341886080803e-14
896,4,18,17.2,3,1,-5.684341886080803e-14
897,4,18,17.3,3,1,-5.684341886080801e-14
898,4,18,17.4,3,1,-5.684341886080802e-14
899,4,18,17.5,3,1,-5.684341886080802e-14
900,4,18,17.6,3,1,-5.684341886080802e-14
901,4,18,17.7,3,1,-5.684341886080802e-14
902,4,18,17.8,3,1,-5.684341886080802e-14
903,4,18,17.9,3,1,-5.684341886080802e-14
904,4,18,18.0,3,1,-5.684341886080802e-14
905,4,19,18.1,3,1,15.126684343434281
906,4,19,18.2,3,1,26.407620202020144
907,4,19,18.3,3,1,34.02858636363629
908,4,19,18.4,3,1,38.17536161616156
909,4,19,18.5,3,1,39.0337247474747
910,4,19,18.6,3,1,36.7894545454545
911,4,19,18.7,3,1,31.62832979797976
912,4,19,18.8,3,1,23.73612929292925
913,4,19,18.9,3,1,13.298631818181779
914,4,19,19.0,3,1,0.5016161616161199
915,4,20,19.1,3,1,0.36567818181813566
916,4,20,19.2,3,1,0.2568274747474255
917,4,20,19.3,3,1,0.1720543434342916
918,4,20,19.4,3,1,0.10834909090903723
919,4,20,19.5,3,1,0.06270202020196519
920,4,20,19.6,3,1,0.03210343434337845
921,4,20,19.7,3,1,0.013543636363579921
922,4,20,19.8,3,1,0.004012929292872565
923,4,20,19.9,3,1,0.0005016161615593325
924,4,20,20.0,3,1,-5.684341886080802e-14
925,4,21,20.1,3,1,-5.684341886080803e-14
926,4,21,20.2,3,1,-5.684341886080803e-14
927,4,21,20.3,3,1,-5.684341886080801e-14
928,4,21,20.4,3,1,-5.684341886080802e-14
929,4,21,20.5,3,1,-5.684341886080802e-14
930,4,21,20.6,3,1,-5.684341886080802e-14
931,4,21,20.7,3,1,-5.684341886080802e-14
932,4,21,20.8,3,1,-5.684341886080802e-14
933,4,21,20.9,3,1,-5.684341886080802e-14
934,4,21,21.0,3,1,-5.684341886080802e-14
935,4,22,21.1,3,1,-5.684341886080803e-14
936,4,22,21.2,3,1,-5.684341886080803e-14
937,4,22,21.3,3,1,-5.684341886080801e-14
938,4,22,21.4,3,1,-5.684341886080802e-14
939,4,22,21.5,3,1,-5.684341886080802e-14
940,4,22,21.6,3,1,-5.684341886080802e-14
941,4,22,21.7,3,1,-5.684341886080802e-14
942,4,22,21.8,3,1,-5.684341886080802e-14
943,4,22,21.9,3,1,-5.684341886080802e-14
944,4,22,22.0,3,1,-5.684341886080802e-14
945,4,23,22.1,3,1,47.87232545454539
946,4,23,22.2,3,1,88.98342787878784
947,4,23,22.3,3,1,121.87940545454539
948,4,23,22.4,3,1,145.10635636363634
949,4,23,22.5,3,1,157.21037878787877
950,4,23,22.6,3,1,156.73757090909092
951,4,23,22.7,3,1,142.2340309090909
952,4,23,22.8,3,1,112.24585696969694
953,4,23,22.9,3,1,65.31914727272724
954,4,23,23.0,3,1,-5.684341886080802e-14
955,4,24,23.1,3,1,60.749999999999986
956,4,24,23.2,3,1,96.00000000000004
957,4,24,23.3,3,1,110.25
958,4,24,23.4,3,1,108.00000000000009
959,4,24,23.5,3,1,93.75000000000014
960,4,24,23.6,3,1,72.00000000000026
961,4,24,23.7,3,1,47.250000000000405
962,4,24,23.8,3,1,24.000000000000586
963,4,24,23.9,3,1,6.750000000000855
964,4,24,24.0,3,1,1.1937117960769683e-12
965,5,1,0.0,2,3,250.00000000000006
966,5,1,0.1,2,3,250.00000000000009
967,5,1,0.2,2,3,250.0000000000001
968,5,1,0.3,2,3,250.0
969,5,1,0.4,2,3,250.00000000000009
970,5,1,0.5,2,3,250.00000000000006
971,5,1,0.6,2,3,250.00000000000006
972,5,1,0.7,2,3,250.00000000000006
973,5,1,0.8,2,3,250.00000000000009
974,5,1,0.9,2,3,250.00000000000006
975,5,1,1.0,2,3,250.00000000000006
976,5,2,1.1,2,3,234.57507959595964
977,5,2,1.2,2,3,225.30183676767683
978,5,2,1.3,2,3,220.739549090909
979,5,2,1.4,2,3,219.44749414141415
980,5,2,1.5,2,3,219.98494949494946
981,5,2,1.6,2,3,220.91119272727272
982,5,2,1.7,2,3,220.7855014141414
983,5,2,1.8,2,3,218.16715313131314
984,5,2,1.9,2,3,211.61542545454543
985,5,2,2.0,2,3,199.68959595959592
986,5,3,2.1,2,3,189.70871959595956
987,5,3,2.2,2,3,186.17074262626258
988,5,3,2.3,2,3,186.93337050505042
989,5,3,2.4,2,3,189.85430868686865
990,5,3,2.5,2,3,192.79126262626258
991,5,3,2.6,2,3,193.60193777777778
992,5,3,2.7,2,3,190.14403959595955
993,5,3,2.8,2,3,180.2752735353535
994,5,3,2.9,2,3,161.85334505050503
995,5,3,3.0,2,3,132.7359595959595
996,5,4,3.1,2,3,132.30972454545446
997,5,4,3.2,2,3,139.06929131313126
998,5,4,3.3,2,3,151.332704141414
999,5,4,3.4,2,3,167.4180072727272
1000,5,4,3.5,2,3,185.64324494949489
1001,5,4,3.6,2,3,204.32646141414142
1002,5,4,3.7,2,3,221.7857009090909
1003,5,4,3.8,2,3,236.33900767676772
1004,5,4,3.9,2,3,246.30442595959602
1005,5,4,4.0,2,3,250.00000000000006
1006,5,5,4.1,2,3,250.00000000000009
1007,5,5,4.2,2,3,250.0000000000001
1008,5,5,4.3,2,3,250.0
1009,5,5,4.4,2,3,250.00000000000009
1010,5,5,4.5,2,3,250.00000000000006
1011,5,5,4.6,2,3,250.00000000000006
1012,5,5,4.7,2,3,250.00000000000006
1013,5,5,4.8,2,3,250.00000000000009
1014,5,5,4.9,2,3,250.00000000000006
1015,5,5,5.0,2,3,250.00000000000006
1016,5,6,5.1,2,3,249.28801000000007
1017,5,6,5.2,2,3,248.87488000000008
1018,5,6,5.3,2,3,248.70786999999996
1019,5,6,5.4,2,3,248.73424000000003
1020,5,6,5.5,2,3,248.90125000000003
1021,5,6,5.6,2,3,249.15616000000006
1022,5,6,5.7,2,3,249.44623000000004
1023,5,6,5.8,2,3,249.71872000000008
1024,5,6,5.9,2,3,249.92089000000004
1025,5,6,6.0,2,3,250.00000000000006
1026,5,7,6.1,2,3,233.25181000000003
1027,5,7,6.2,2,3,222.95248000000007
1028,5,7,6.3,2,3,217.32486999999995
1029,5,7,6.4,2,3,214.59184000000002
1030,5,7,6.5,2,3,212.97625
1031,5,7,6.6,2,3,210.70096
1032,5,7,6.7,2,3,205.98882999999998
1033,5,7,6.8,2,3,197.06272
1034,5,7,6.9,2,3,182.14548999999997
1035,5,7,7.0,2,3,159.45999999999992
1036,5,8,7.1,2,3,118.61780030303025
1037,5,8,7.2,2,3,90.40200242424237
1038,5,8,7.3,2,3,72.76480818181811
1039,5,8,7.4,2,3,63.65841939393935
1040,5,8,7.5,2,3,61.03503787878783
1041,5,8,7.6,2,3,62.846865454545416
1042,5,8,7.7,2,3,67.0461039393939
1043,5,8,7.8,2,3,71.58495515151512
1044,5,8,7.9,2,3,74.41562090909088
1045,5,8,8.0,2,3,73.49030303030298
1046,5,9,8.1,2,3,54.79624909090904
1047,5,9,8.2,2,3,41.97127757575754
1048,5,9,8.3,2,3,33.75990121212116
1049,5,9,8.4,2,3,28.906632727272672
1050,5,9,8.5,2,3,26.155984848484792
1051,5,9,8.6,2,3,24.25247030303025
1052,5,9,8.7,2,3,21.940601818181765
1053,5,9,8.8,2,3,17.964892121212063
1054,5,9,8.9,2,3,11.069853939393882
1055,5,9,9.0,2,3,-5.684341886080802e-14
1056,5,10,9.1,2,3,-5.684341886080803e-14
1057,5,10,9.2,2,3,-5.684341886080803e-14
1058,5,10,9.3,2,3,-5.684341886080801e-14
1059,5,10,9.4,2,3,-5.684341886080802e-14
1060,5,10,9.5,2,3,-5.684341886080802e-14
1061,5,10,9.6,2,3,-5.684341886080802e-14
1062,5,10,9.7,2,3,-5.684341886080802e-14
1063,5,10,9.8,2,3,-5.684341886080802e-14
1064,5,10,9.9,2,3,-5.684341886080802e-14
1065,5,10,10.0,2,3,-5.684341886080802e-14
1066,5,11,10.1,2,3,-5.684341886080803e-14
1067,5,11,10.2,2,3,-5.684341886080803e-14
1068,5,11,10.3,2,3,-5.684341886080801e-14
1069,5,11,10.4,2,3,-5.684341886080802e-14
1070,5,11,10.5,2,3,-5.684341886080802e-14
1071,5,11,10.6,2,3,-5.684341886080802e-14
1072,5,11,10.7,2,3,-5.684341886080802e-14
1073,5,11,10.8,2,3,-5.684341886080802e-14
1074,5,11,10.9,2,3,-5.684341886080802e-14
1075,5,11,11.0,2,3,-5.684341886080802e-14
1076,5,12,11.1,2,3,-5.684341886080803e-14
1077,5,12,11.2,2,3,-5.684341886080803e-14
1078,5,12,11.3,2,3,-5.684341886080801e-14
1079,5,12,11.4,2,3,-5.684341886080802e-14
1080,5,12,11.5,2,3,-5.684341886080802e-14
1081,5,12,11.6,2,3,-5.684341886080802e-14
1082,5,12,11.7,2,3,-5.684341886080802e-14
1083,5,12,11.8,2,3,-5.684341886080802e-14
1084,5,12,11.9,2,3,-5.684341886080802e-14
1085,5,12,12.0,2,3,-5.684341886080802e-14
1086,5,13,12.1,2,3,-5.684341886080803e-14
1087,5,13,12.2,2,3,-5.684341886080803e-14
1088,5,13,12.3,2,3,-5.684341886080801e-14
1089,5,13,12.4,2,3,-5.684341886080802e-14
1090,5,13,12.5,2,3,-5.684341886080802e-14
1091,5,13,12.6,2,3,-5.684341886080802e-14
1092,5,13,12.7,2,3,-5.684341886080802e-14
1093,5,13,12.8,2,3,-5.684341886080802e-14
1094,5,13,12.9,2,3,-5.684341886080802e-14
1095,5,13,13.0,2,3,-5.684341886080802e-14
1096,5,14,13.1,2,3,-5.684341886080803e-14
1097,5,14,13.2,2,3,-5.684341886080803e-14
1098,5,14,13.3,2,3,-5.684341886080801e-14
1099,5,14,13.4,2,3,-5.684341886080802e-14
1100,5,14,13.5,2,3,-5.684341886080802e-14
1101,5,14,13.6,2,3,-5.684341886080802e-14
1102,5,14,13.7,2,3,-5.684341886080802e-14
1103,5,14,13.8,2,3,-5.684341886080802e-14
1104,5,14,13.9,2,3,-5.684341886080802e-14
1105,5,14,14.0,2,3,-5.684341886080802e-14
1106,5,15,14.1,2,3,-5.684341886080803e-14
1107,5,15,14.2,2,3,-5.684341886080803e-14
1108,5,15,14.3,2,3,-5.684341886080801e-14
1109,5,15,14.4,2,3,-5.684341886080802e-14
1110,5,15,14.5,2,3,-5.684341886080802e-14
1111,5,15,14.6,2,3,-5.684341886080802e-14
1112,5,15,14.7,2,3,-5.684341886080802e-14
1113,5,15,14.8,2,3,-5.684341886080802e-14
1114,5,15,14.9,2,3,-5.684341886080802e-14
1115,5,15,15.0,2,3,-5.684341886080802e-14
1116,5,16,15.1,2,3,-5.684341886080803e-14
1117,5,16,15.2,2,3,-5.684341886080803e-14
1118,5,16,15.3,2,3,-5.684341886080801e-14
1119,5,16,15.4,2,3,-5.684341886080802e-14
1120,5,16,15.5,2,3,-5.684341886080802e-14
1121,5,16,15.6,2,3,-5.684341886080802e-14
1122,5,16,15.7,2,3,-5.684341886080802e-14
1123,5,16,15.8,2,3,-5.684341886080802e-14
1124,5,16,15.9,2,3,-5.684341886080802e-14
1125,5,16,16.0,2,3,-5.684341886080802e-14
1126,5,17,16.1,2,3,-5.684341886080803e-14
1127,5,17,16.2,2,3,-5.684341886080803e-14
1128,5,17,16.3,2,3,-5.684341886080801e-14
1129,5,17,16.4,2,3,-5.684341886080802e-14
1130,5,17,16.5,2,3,-5.684341886080802e-14
1131,5,17,16.6,2,3,-5.684341886080802e-14
1132,5,17,16.7,2,3,-5.684341886080802e-14
1133,5,17,16.8,2,3,-5.684341886080802e-14
1134,5,17,16.9,2,3,-5.684341886080802e-14
1135,5,17,17.0,2,3,-5.684341886080802e-14
1136,5,18,17.1,2,3,5.0446799999999445
1137,5,18,17.2,2,3,7.971839999999947
1138,5,18,17.3,2,3,9.155159999999944
1139,5,18,17.4,2,3,8.968319999999947
1140,5,18,17.5,2,3,7.784999999999945
1141,5,18,17.6,2,3,5.978879999999945
1142,5,18,17.7,2,3,3.923639999999945
1143,5,18,17.8,2,3,1.992959999999943
1144,5,18,17.9,2,3,0.5605199999999431
1145,5,18,18.0,2,3,-5.684341886080802e-14
1146,5,19,18.1,2,3,-5.684341886080803e-14
1147,5,19,18.2,2,3,-5.684341886080803e-14
1148,5,19,18.3,2,3,-5.684341886080801e-14
1149,5,19,18.4,2,3,-5.684341886080802e-14
1150,5,19,18.5,2,3,-5.684341886080802e-14
1151,5,19,18.6,2,3,-5.684341886080802e-14
1152,5,19,18.7,2,3,-5.684341886080802e-14
1153,5,19,18.8,2,3,-5.684341886080802e-14
1154,5,19,18.9,2,3,-5.684341886080802e-14
1155,5,19,19.0,2,3,-5.684341886080802e-14
1156,5,20,19.1,2,3,4.618161313131254
1157,5,20,19.2,2,3,7.679690505050447
1158,5,20,19.3,2,3,9.87915545454539
1159,5,20,19.4,2,3,11.911124040403982
1160,5,20,19.5,2,3,14.470164141414081
1161,5,20,19.6,2,3,18.250843636363577
1162,5,20,19.7,2,3,23.947730404040342
1163,5,20,19.8,2,3,32.25539232323227
1164,5,20,19.9,2,3,43.86839727272722
1165,5,20,20.0,2,3,59.48131313131307
1166,5,21,20.1,2,3,85.67458363636358
1167,5,21,20.2,2,3,102.7753438383838
1168,5,21,20.3,2,3,112.26083494949485
1169,5,21,20.4,2,3,115.60829818181811
1170,5,21,20.5,2,3,114.29497474747467
1171,5,21,20.6,2,3,109.7981058585858
1172,5,21,20.7,2,3,103.59493272727265
1173,5,21,20.8,2,3,97.16269656565649
1174,5,21,20.9,2,3,91.97863858585852
1175,5,21,21.0,2,3,89.51999999999992
1176,5,22,21.1,2,3,77.83728030303025
1177,5,22,21.2,2,3,65.81544242424236
1178,5,22,21.3,2,3,53.946968181818086
1179,5,22,21.4,2,3,42.724339393939324
1180,5,22,21.5,2,3,32.64003787878781
1181,5,22,21.6,2,3,24.1865454545454
1182,5,22,21.7,2,3,17.856343939393888
1183,5,22,21.8,2,3,14.141915151515105
1184,5,22,21.9,2,3,13.535740909090874
1185,5,22,22.0,2,3,16.530303030303003
1186,5,23,22.1,2,3,12.0686133333333
1187,5,23,22.2,2,3,8.607694545454505
1188,5,23,22.3,2,3,6.156499393939344
1189,5,23,22.4,2,3,4.723980606060551
1190,5,23,22.5,2,3,4.319090909090846
1191,5,23,22.6,2,3,4.950783030302959
1192,5,23,22.7,2,3,6.628009696969613
1193,5,23,22.8,2,3,9.359723636363544
1194,5,23,22.9,2,3,13.154877575757466
1195,5,23,23.0,2,3,18.02242424242411
1196,5,24,23.1,2,3,76.26100828282826
1197,5,24,23.2,2,3,114.34244202020206
1198,5,24,23.3,2,3,136.09506606060603
1199,5,24,23.4,2,3,145.3472210101011
1200,5,24,23.5,2,3,145.92724747474762
1201,5,24,23.6,2,3,141.66348606060632
1202,5,24,23.7,2,3,136.38427737373775
1203,5,24,23.8,2,3,133.9179620202026
1204,5,24,23.9,2,3,138.09288060606147
1205,5,24,24.0,2,3,152.73737373737492
1206,6,1,0.0,3,2,69.67000000000002
1207,6,1,0.1,3,2,58.414710000000035
1208,6,1,0.2,3,2,54.81968000000006
1209,6,1,0.3,3,2,56.38717000000005
1210,6,1,0.4,3,2,60.61944000000006
1211,6,1,0.5,3,2,65.01875000000005
1212,6,1,0.6,3,2,67.08736000000007
1213,6,1,0.7,3,2,64.32753000000007
1214,6,1,0.8,3,2,54.24152000000006
1215,6,1,0.9,3,2,34.331590000000055
1216,6,1,1.0,3,2,2.100000000000051
1217,6,2,1.1,3,2,1.5309000000000221
1218,6,2,1.2,3,2,1.0751999999999986
1219,6,2,1.3,3,2,0.72029999999998
1220,6,2,1.4,3,2,0.4535999999999665
1221,6,2,1.5,3,2,0.26249999999995666
1222,6,2,1.6,3,2,0.1343999999999501
1223,6,2,1.7,3,2,0.05669999999994609
1224,6,2,1.8,3,2,0.01679999999994401
1225,6,2,1.9,3,2,0.0020999999999432636
1226,6,2,2.0,3,2,-5.684341886080802e-14
1227,6,3,2.1,3,2,2.4024599999999467
1228,6,3,2.2,3,2,8.542079999999956
1229,6,3,2.3,3,2,16.817219999999963
1230,6,3,2.4,3,2,25.626239999999978
1231,6,3,2.5,3,2,33.367499999999986
1232,6,3,2.6,3,2,38.439359999999986
1233,6,3,2.7,3,2,39.24017999999999
1234,6,3,2.8,3,2,34.16831999999998
1235,6,3,2.9,3,2,21.622139999999966
1236,6,3,3.0,3,2,-5.684341886080802e-14
1237,6,4,3.1,3,2,-5.684341886080803e-14
1238,6,4,3.2,3,2,-5.684341886080803e-14
1239,6,4,3.3,3,2,-5.684341886080801e-14
1240,6,4,3.4,3,2,-5.684341886080802e-14
1241,6,4,3.5,3,2,-5.684341886080802e-14
1242,6,4,3.6,3,2,-5.684341886080802e-14
1243,6,4,3.7,3,2,-5.684341886080802e-14
1244,6,4,3.8,3,2,-5.684341886080802e-14
1245,6,4,3.9,3,2,-5.684341886080802e-14
1246,6,4,4.0,3,2,-5.684341886080802e-14
1247,6,5,4.1,3,2,-5.684341886080803e-14
1248,6,5,4.2,3,2,-5.684341886080803e-14
1249,6,5,4.3,3,2,-5.684341886080801e-14
1250,6,5,4.4,3,2,-5.684341886080802e-14
1251,6,5,4.5,3,2,-5.684341886080802e-14
1252,6,5,4.6,3,2,-5.684341886080802e-14
1253,6,5,4.7,3,2,-5.684341886080802e-14
1254,6,5,4.8,3,2,-5.684341886080802e-14
1255,6,5,4.9,3,2,-5.684341886080802e-14
1256,6,5,5.0,3,2,-5.684341886080802e-14
1257,6,6,5.1,3,2,-5.684341886080803e-14
1258,6,6,5.2,3,2,-5.684341886080803e-14
1259,6,6,5.3,3,2,-5.684341886080801e-14
1260,6,6,5.4,3,2,-5.684341886080802e-14
1261,6,6,5.5,3,2,-5.684341886080802e-14
1262,6,6,5.6,3,2,-5.684341886080802e-14
1263,6,6,5.7,3,2,-5.684341886080802e-14
1264,6,6,5.8,3,2,-5.684341886080802e-14
1265,6,6,5.9,3,2,-5.684341886080802e-14
1266,6,6,6.0,3,2,-5.684341886080802e-14
1267,6,7,6.1,3,2,-5.684341886080803e-14
1268,6,7,6.2,3,2,-5.684341886080803e-14
1269,6,7,6.3,3,2,-5.684341886080801e-14
1270,6,7,6.4,3,2,-5.684341886080802e-14
1271,6,7,6.5,3,2,-5.684341886080802e-14
1272,6,7,6.6,3,2,-5.684341886080802e-14
1273,6,7,6.7,3,2,-5.684341886080802e-14
1274,6,7,6.8,3,2,-5.684341886080802e-14
1275,6,7,6.9,3,2,-5.684341886080802e-14
1276,6,7,7.0,3,2,-5.684341886080802e-14
1277,6,8,7.1,3,2,15.493238181818139
1278,6,8,7.2,3,2,24.483141818181785
1279,6,8,7.3,3,2,28.11735818181814
1280,6,8,7.4,3,2,27.54353454545451
1281,6,8,7.5,3,2,23.90931818181814
1282,6,8,7.6,3,2,18.362356363636323
1283,6,8,7.7,3,2,12.050296363636317
1284,6,8,7.8,3,2,6.120785454545398
1285,6,8,7.9,3,2,1.7214709090908527
1286,6,8,8.0,3,2,-5.684341886080802e-14
1287,6,9,8.1,3,2,-5.684341886080803e-14
1288,6,9,8.2,3,2,-5.684341886080803e-14
1289,6,9,8.3,3,2,-5.684341886080801e-14
1290,6,9,8.4,3,2,-5.684341886080802e-14
1291,6,9,8.5,3,2,-5.684341886080802e-14
1292,6,9,8.6,3,2,-5.684341886080802e-14
1293,6,9,8.7,3,2,-5.684341886080802e-14
1294,6,9,8.8,3,2,-5.684341886080802e-14
1295,6,9,8.9,3,2,-5.684341886080802e-14
1296,6,9,9.0,3,2,-5.684341886080802e-14
1297,6,10,9.1,3,2,28.80355737373732
1298,6,10,9.2,3,2,46.15022868686864
1299,6,10,9.3,3,2,54.75837636363628
1300,6,10,9.4,3,2,57.346362828282764
1301,6,10,9.5,3,2,56.63255050505044
1302,6,10,9.6,3,2,55.33530181818175
1303,6,10,9.7,3,2,56.17297919191912
1304,6,10,9.8,3,2,61.86394505050499
1305,6,10,9.9,3,2,75.12656181818174
1306,6,10,10.0,3,2,98.67919191919184
1307,6,11,10.1,3,2,118.35219939393934
1308,6,11,10.2,3,2,132.083082020202
1309,6,11,10.3,3,2,140.54653919191912
1310,6,11,10.4,3,2,144.41727030303025
1311,6,11,10.5,3,2,144.3699747474747
1312,6,11,10.6,3,2,141.07935191919188
1313,6,11,10.7,3,2,135.22010121212116
1314,6,11,10.8,3,2,127.46692202020199
1315,6,11,10.9,3,2,118.49451373737372
1316,6,11,11.0,3,2,108.97757575757575
1317,6,12,11.1,3,2,88.1693901010101
1318,6,12,11.2,3,2,73.0376905050505
1319,6,12,11.3,3,2,63.222763030303
1320,6,12,11.4,3,2,58.36489373737372
1321,6,12,11.5,3,2,58.10436868686866
1322,6,12,11.6,3,2,62.08147393939391
1323,6,12,11.7,3,2,69.93649555555551
1324,6,12,11.8,3,2,81.30971959595956
1325,6,12,11.9,3,2,95.8414321212121
1326,6,12,12.0,3,2,113.17191919191914
1327,6,13,12.1,3,2,128.84241848484845
1328,6,13,12.2,3,2,139.2209923232323
1329,6,13,12.3,3,2,145.17907282828273
1330,6,13,12.4,3,2,147.5880921212121
1331,6,13,12.5,3,2,147.3194823232323
1332,6,13,12.6,3,2,145.24467555555555
1333,6,13,12.7,3,2,142.23510393939387
1334,6,13,12.8,3,2,139.16219959595955
1335,6,13,12.9,3,2,136.8973946464646
1336,6,13,13.0,3,2,136.31212121212113
1337,6,14,13.1,3,2,133.13433181818175
1338,6,14,13.2,3,2,124.4449333333333
1339,6,14,13.3,3,2,113.12660757575748
1340,6,14,13.4,3,2,102.06203636363631
1341,6,14,13.5,3,2,94.13390151515146
1342,6,14,13.6,3,2,92.22488484848479
1343,6,14,13.7,3,2,99.21766818181811
1344,6,14,13.8,3,2,117.99493333333331
1345,6,14,13.9,3,2,151.43936212121207
1346,6,14,14.0,3,2,202.4336363636363
1347,6,15,14.1,3,2,215.3241209090909
1348,6,15,14.2,3,2,225.6460218181819
1349,6,15,14.3,3,2,233.68473727272726
1350,6,15,14.4,3,2,239.72566545454552
1351,6,15,14.5,3,2,244.05420454545458
1352,6,15,14.6,3,2,246.9557527272728
1353,6,15,14.7,3,2,248.71570818181823
1354,6,15,14.8,3,2,249.61946909090918
1355,6,15,14.9,3,2,249.9524336363637
1356,6,15,15.0,3,2,250.00000000000006
1357,6,16,15.1,3,2,245.56212616161625
1358,6,16,15.2,3,2,242.62349414141426
1359,6,16,15.3,3,2,240.51977000000002
1360,6,16,15.4,3,2,238.58661979797986
1361,6,16,15.5,3,2,236.15970959595964
1362,6,16,15.6,3,2,232.57470545454552
1363,6,16,15.7,3,2,227.16727343434349
1364,6,16,15.8,3,2,219.27307959595962
1365,6,16,15.9,3,2,208.22779
1366,6,16,16.0,3,2,193.36707070707067
1367,6,17,16.1,3,2,150.19909939393938
1368,6,17,16.2,3,2,120.79504565656566
1369,6,17,16.3,3,2,102.20751797979794
1370,6,17,16.4,3,2,91.48912484848483
1371,6,17,16.5,3,2,85.6924747474747
1372,6,17,16.6,3,2,81.87017616161613
1373,6,17,16.7,3,2,77.07483757575753
1374,6,17,16.8,3,2,68.35906747474742
1375,6,17,16.9,3,2,52.77547434343427
1376,6,17,17.0,3,2,27.376666666666587
1377,6,18,17.1,3,2,19.957589999999936
1378,6,18,17.2,3,2,14.016853333333273
1379,6,18,17.3,3,2,9.390196666666602
1380,6,18,17.4,3,2,5.9133599999999396
1381,6,18,17.5,3,2,3.4220833333332745
1382,6,18,17.6,3,2,1.7521066666666092
1383,6,18,17.7,3,2,0.7391699999999429
1384,6,18,17.8,3,2,0.21901333333327622
1385,6,18,17.9,3,2,0.027376666666609793
1386,6,18,18.0,3,2,-5.684341886080802e-14
1387,6,19,18.1,3,2,-5.684341886080803e-14
1388,6,19,18.2,3,2,-5.684341886080803e-14
1389,6,19,18.3,3,2,-5.684341886080801e-14
1390,6,19,18.4,3,2,-5.684341886080802e-14
1391,6,19,18.5,3,2,-5.684341886080802e-14
1392,6,19,18.6,3,2,-5.684341886080802e-14
1393,6,19,18.7,3,2,-5.684341886080802e-14
1394,6,19,18.8,3,2,-5.684341886080802e-14
1395,6,19,18.9,3,2,-5.684341886080802e-14
1396,6,19,19.0,3,2,-5.684341886080802e-14
1397,6,20,19.1,3,2,1.2254536363635808
1398,6,20,19.2,3,2,4.357168484848433
1399,6,20,19.3,3,2,8.578175454545404
1400,6,20,19.4,3,2,13.07150545454541
1401,6,20,19.5,3,2,17.02018939393935
1402,6,20,19.6,3,2,19.607258181818143
1403,6,20,19.7,3,2,20.01574272727269
1404,6,20,19.8,3,2,17.428673939393896
1405,6,20,19.9,3,2,11.029082727272678
1406,6,20,20.0,3,2,-5.684341886080802e-14
1407,6,21,20.1,3,2,-5.684341886080803e-14
1408,6,21,20.2,3,2,-5.684341886080803e-14
1409,6,21,20.3,3,2,-5.684341886080801e-14
1410,6,21,20.4,3,2,-5.684341886080802e-14
1411,6,21,20.5,3,2,-5.684341886080802e-14
1412,6,21,20.6,3,2,-5.684341886080802e-14
1413,6,21,20.7,3,2,-5.684341886080802e-14
1414,6,21,20.8,3,2,-5.684341886080802e-14
1415,6,21,20.9,3,2,-5.684341886080802e-14
1416,6,21,21.0,3,2,-5.684341886080802e-14
1417,6,22,21.1,3,2,-5.684341886080803e-14
1418,6,22,21.2,3,2,-5.684341886080803e-14
1419,6,22,21.3,3,2,-5.684341886080801e-14
1420,6,22,21.4,3,2,-5.684341886080802e-14
1421,6,22,21.5,3,2,-5.684341886080802e-14
1422,6,22,21.6,3,2,-5.684341886080802e-14
1423,6,22,21.7,3,2,-5.684341886080802e-14
1424,6,22,21.8,3,2,-5.684341886080802e-14
1425,6,22,21.9,3,2,-5.684341886080802e-14
1426,6,22,22.0,3,2,-5.684341886080802e-14
1427,6,23,22.1,3,2,2.876933884297464
1428,6,23,22.2,3,2,10.229098255280016
1429,6,23,22.3,3,2,20.13853719008258
1430,6,23,22.4,3,2,30.687294765840157
1431,6,23,22.5,3,2,39.95741505968772
1432,6,23,22.6,3,2,46.03094214876026
1433,6,23,22.7,3,2,46.98992011019276
1434,6,23,22.8,3,2,40.91639302112022
1435,6,23,22.9,3,2,25.892404958677616
1436,6,23,23.0,3,2,-5.684341886080802e-14
1437,6,24,23.1,3,2,30.620429999999974
1438,6,24,23.2,3,2,48.38784
1439,6,24,23.3,3,2,55.570409999999974
1440,6,24,23.4,3,2,54.436319999999995
1441,6,24,23.5,3,2,47.25374999999998
1442,6,24,23.6,3,2,36.29087999999997
1443,6,24,23.7,3,2,23.81588999999997
1444,6,24,23.8,3,2,12.09695999999995
1445,6,24,23.9,3,2,3.402269999999945
1446,6,24,24.0,3,2,-5.684341886080802e-14
