Imbalance continuous;Imbalance discrete;timestep_fractional;;;;;;;;;;;
3.58;20.1;0;;21.017392;32.2;;;;Column1;Discrete;Continuous;Column2;Column3
1.405834069;20.1;0.0167;;20.20569131;32.2;;;;5;40 %;60 %;;
0.57967416;20.1;0.0333;;20.146653;32.2;;;;10;29 %;22 %;;
2.388770438;20.1;0.05;;19.33921941;32.2;;;;15;17 %;13 %;;
4.033340642;20.1;0.0667;;19.25462963;32.2;;;;20;8 %;4 %;;
5.524910783;20.1;0.0833;;19.22628906;31.8;;;;25;2 %;0 %;;
9.525353;3.7;0.1;;19.17429168;31.8;;;;30;1 %;0 %;;
8.306644439;3.7;0.1167;;19.06933689;31.8;;;;35;1 %;0 %;;
7.208517136;3.7;0.1333;;18.91147188;31.8;;;;;;;;
6.220884563;3.7;0.15;;18.89890996;31.8;;;;;1441;;;
5.334020062;3.7;0.1667;;18.757913;30.7;;;;;;;;
1.961443154;10.2;0.1833;;18.61347984;30.7;;;;;;;;
2.674512;10.2;0.2;;18.504912;30.7;;;;;;;;
3.313833524;10.2;0.2167;;18.42152575;30.7;;;;;;;;
3.887694901;10.2;0.2333;;18.28830281;30.7;;;;;;;;
4.404023437;10.2;0.25;;18.28096178;30.3;;;;;;;;
1.029613432;4.3;0.2667;;18.1868796;30.3;;;;;;;;
0.606008143;4.3;0.2833;;18.08045552;30.3;;;;;;;;
0.218313;4.3;0.3;;17.86176158;30.3;;;;;;;;
0.13995982;4.3;0.3167;;17.85637906;30.3;;;;;;;;
0.474938272;4.3;0.3333;;17.84160362;29.3;;;;;;;;
1.507609563;2;0.35;;17.826338;29.3;;;;;;;;
1.202275469;2;0.3667;;17.80644095;29.3;;;;;;;;
0.904011106;2;0.3833;;17.79843556;29.3;;;;;;;;
0.608128;2;0.4;;17.79520062;29.3;;;;;;;;
0.31029755;2;0.4167;;17.718125;27.9;;;;;;;;
3.593448975;5.6;0.4333;;17.63294607;27.9;;;;;;;;
3.906720437;5.6;0.45;;17.59086404;27.9;;;;;;;;
4.232765827;5.6;0.4667;;17.57463091;27.9;;;;;;;;
4.574474265;5.6;0.4833;;17.45666667;27.9;;;;;;;;
4.934375;5.6;0.5;;17.4286641;27.5;;;;;;;;
6.885362587;6.6;0.5167;;17.324393;27.5;;;;;;;;
6.482928988;6.6;0.5333;;17.30758974;27.5;;;;;;;;
6.056874562;6.6;0.55;;17.26890564;27.5;;;;;;;;
5.606109543;6.6;0.5667;;17.23297231;27.5;;;;;;;;
5.129904032;6.6;0.5833;;17.18587081;26.1;;;;;;;;
9.072112;7.1;0.6;;17.01877133;26.1;;;;;;;;
9.599948709;7.1;0.6167;;17.00566614;26.1;;;;;;;;
10.15325638;7.1;0.6333;;16.96913356;26.1;;;;;;;;
10.73132544;7.1;0.65;;16.963344;26.1;;;;;;;;
11.33308642;7.1;0.6667;;16.8473241;24.3;;;;;;;;
1.442889995;6.3;0.6833;;16.80819056;24.3;;;;;;;;
0.798393;6.3;0.7;;16.8;24.3;;;;;;;;
0.135571661;6.3;0.7167;;16.7341762;24.3;;;;;;;;
0.543065086;6.3;0.7333;;16.70481598;24.3;;;;;;;;
1.234648438;6.3;0.75;;16.66279082;22.3;;;;;;;;
7.064050284;15.3;0.7667;;16.65980881;22.3;;;;;;;;
6.356619624;15.3;0.7833;;16.51460322;22.3;;;;;;;;
5.647008;15.3;0.8;;16.45568183;22.3;;;;;;;;
4.939523698;15.3;0.8167;;16.38;22.3;;;;;;;;
4.238834877;15.3;0.8333;;16.3717284;20.8;;;;;;;;
3.150030438;8.6;0.85;;16.36225048;20.8;;;;;;;;
3.821684346;8.6;0.8667;;16.3;20.8;;;;;;;;
4.470379079;8.6;0.8833;;16.200816;20.8;;;;;;;;
5.090007;8.6;0.9;;16.1726929;20.8;;;;;;;;
5.674100598;8.6;0.9167;;16.129817;20.3;;;;;;;;
1.484167506;16.3;0.9333;;15.7526278;20.3;;;;;;;;
0.991984562;16.3;0.95;;15.46355376;20.3;;;;;;;;
0.556897691;16.3;0.9667;;15.3838282;20.3;;;;;;;;
0.186813883;16.3;0.9833;;15.16749074;20.3;;;;;;;;
0.11;16.3;1;;15.1352;20.3;;;;;;;;
1.132301859;8;1.0167;;15.01037037;20.3;;;;;;;;
0.872546778;8;1.0333;;14.910384;20.3;;;;;;;;
0.610740562;8;1.05;;14.85187356;20.3;;;;;;;;
0.346884741;8;1.0667;;14.70353052;20.3;;;;;;;;
0.080976562;8;1.0833;;14.69914;20.1;;;;;;;;
9.886991;17.7;1.1;;14.61052482;20.1;;;;;;;;
10.15702925;17.7;1.1167;;14.5520569;20.1;;;;;;;;
10.42915378;17.7;1.1333;;14.52324575;20.1;;;;;;;;
10.70338444;17.7;1.15;;14.41047704;20.1;;;;;;;;
10.97974537;17.7;1.1667;;14.31098765;20.1;;;;;;;;
0.141735007;6.3;1.1833;;14.28057422;20.1;;;;;;;;
0.138976;6.3;1.2;;14.26595679;20.1;;;;;;;;
0.421915363;6.3;1.2167;;14.16576965;20.1;;;;;;;;
0.707124333;6.3;1.2333;;14.15779948;20.1;;;;;;;;
0.994648438;6.3;1.25;;14.08221692;20.1;;;;;;;;
5.215462519;0.2;1.2667;;14.06756444;19.7;;;;;;;;
4.923154451;0.2;1.2833;;14.005143;19.7;;;;;;;;
4.628369;0.2;1.3;;13.97399649;19.7;;;;;;;;
4.331043525;0.2;1.3167;;13.919408;19.7;;;;;;;;
4.031111111;0.2;1.3333;;13.82936872;19.7;;;;;;;;
3.128500562;0.4;1.35;;13.78388937;19.3;;;;;;;;
2.823136407;0.4;1.3667;;13.782464;19.3;;;;;;;;
2.514938896;0.4;1.3833;;13.77044559;19.3;;;;;;;;
2.203824;0.4;1.4;;13.75953067;19.3;;;;;;;;
1.889703414;0.4;1.4167;;13.7439606;19.3;;;;;;;;
0.572484556;1.4;1.4333;;13.702141;17.8;;;;;;;;
0.252070563;1.4;1.45;;13.69896306;17.8;;;;;;;;
0.071639704;1.4;1.4667;;13.63882825;17.8;;;;;;;;
0.39875166;1.4;1.4833;;13.62888608;17.8;;;;;;;;
0.729375;1.4;1.5;;13.6025;17.8;;;;;;;;
8.763623697;9.1;1.5167;;13.57644043;17.7;;;;;;;;
9.101616;9.1;1.5333;;13.54612314;17.7;;;;;;;;
9.443474437;9.1;1.55;;13.544416;17.7;;;;;;;;
9.789325815;9.1;1.5667;;13.46182595;17.7;;;;;;;;
10.13930122;9.1;1.5833;;13.421152;17.7;;;;;;;;
1.306464;2.7;1.6;;13.380637;17.6;;;;;;;;
0.947830192;2.7;1.6167;;13.34828505;17.6;;;;;;;;
0.584653444;2.7;1.6333;;13.337837;17.6;;;;;;;;
0.216785563;2.7;1.65;;13.31537563;17.6;;;;;;;;
0.155925926;2.7;1.6667;;13.29946663;17.6;;;;;;;;
1.166362229;4.4;1.6833;;13.29723937;17.5;;;;;;;;
0.783489;4.4;1.7;;13.29;17.5;;;;;;;;
0.395289081;4.4;1.7167;;13.23573302;17.5;;;;;;;;
0.001592889;4.4;1.7333;;13.21630656;17.5;;;;;;;;
0.397773438;4.4;1.75;;13.15233725;17.5;;;;;;;;
6.502988037;1.3;1.7667;;13.14675651;17.5;;;;;;;;
6.914233326;1.3;1.7833;;13.11779478;17.5;;;;;;;;
7.331696;1.3;1.8;;13.07683094;17.5;;;;;;;;
7.75556703;1.3;1.8167;;12.99246094;17.5;;;;;;;;
8.186041667;1.3;1.8333;;12.96544731;17.5;;;;;;;;
1.876680562;9.2;1.85;;12.950688;17.5;;;;;;;;
1.432395852;9.2;1.8667;;12.93798933;17.5;;;;;;;;
0.980896118;9.2;1.8833;;12.93359292;17.5;;;;;;;;
0.521969;9.2;1.9;;12.90996583;17.5;;;;;;;;
0.055397859;9.2;1.9167;;12.90454555;17.5;;;;;;;;
18.28096178;27.9;1.9333;;12.877379;17.1;;;;;;;;
17.79843556;27.9;1.95;;12.87632812;17.1;;;;;;;;
17.30758974;27.9;1.9667;;12.85395243;17.1;;;;;;;;
16.80819056;27.9;1.9833;;12.84493669;17.1;;;;;;;;
16.3;27.9;2;;12.83757812;17.1;;;;;;;;
4.275688843;22.3;2.0167;;12.78339288;17.1;;;;;;;;
4.96762742;22.3;2.0333;;12.75839506;17.1;;;;;;;;
5.761536313;22.3;2.05;;12.72125638;17.1;;;;;;;;
6.643686123;22.3;2.0667;;12.70692515;17.1;;;;;;;;
7.600897473;22.3;2.0833;;12.64596425;17.1;;;;;;;;
2.179459;11.5;2.1;;12.61948381;16.4;;;;;;;;
1.109462638;11.5;2.1167;;12.61582031;16.4;;;;;;;;
0.000642765;11.5;2.1333;;12.57119249;16.4;;;;;;;;
1.136021313;11.5;2.15;;12.5711541;16.4;;;;;;;;
2.290100309;11.5;2.1667;;12.56707031;16.4;;;;;;;;
13.34828505;5.3;2.1833;;12.49357317;16.4;;;;;;;;
12.188464;5.3;2.2;;12.44756952;16.4;;;;;;;;
11.03921579;5.3;2.2167;;12.39373154;16.4;;;;;;;;
9.908769617;5.3;2.2333;;12.38041225;16.4;;;;;;;;
8.804804687;5.3;2.25;;12.36806089;16.4;;;;;;;;
1.434450173;1;2.2667;;12.3665213;16.3;;;;;;;;
0.404285231;1;2.2833;;12.35934356;16.3;;;;;;;;
0.579661;1;2.3;;12.351552;16.3;;;;;;;;
1.511909399;1;2.3167;;12.34897788;16.3;;;;;;;;
2.387530864;1;2.3333;;12.34271605;16.3;;;;;;;;
11.50214631;9.3;2.35;;12.30407869;16.3;;;;;;;;
12.25192668;9.3;2.3667;;12.25192668;16.3;;;;;;;;
12.93359292;9.3;2.3833;;12.25043482;16.3;;;;;;;;
13.544416;9.3;2.4;;12.24524416;16.3;;;;;;;;
14.08221692;9.3;2.4167;;12.188464;16.3;;;;;;;;
1.554633321;6.8;2.4333;;12.15708879;16.2;;;;;;;;
1.167213688;6.8;2.45;;12.15582269;16.2;;;;;;;;
0.856053136;6.8;2.4667;;12.14661387;16.2;;;;;;;;
0.621130601;6.8;2.4833;;12.11693673;16.2;;;;;;;;
0.461875;6.8;2.5;;12.09145882;16.2;;;;;;;;
2.577165231;9;2.5167;;12.063232;16.1;;;;;;;;
2.565330173;9;2.5333;;12.05718919;16.1;;;;;;;;
2.624148688;9;2.55;;12.04242907;16.1;;;;;;;;
2.750849617;9;2.5667;;12.02777778;16.1;;;;;;;;
2.942111786;9;2.5833;;11.99475743;16.1;;;;;;;;
1.705936;4.1;2.6;;11.96961719;15.8;;;;;;;;
1.397714954;4.1;2.6167;;11.93986667;15.8;;;;;;;;
1.038196309;4.1;2.6333;;11.912272;15.8;;;;;;;;
0.632901312;4.1;2.65;;11.9075455;15.8;;;;;;;;
0.187901235;4.1;2.6667;;11.87015581;15.8;;;;;;;;
6.209817362;2.4;2.6833;;11.79856221;15.8;;;;;;;;
5.705821;2.4;2.7;;11.750607;15.8;;;;;;;;
5.183633473;2.4;2.7167;;11.72980968;15.8;;;;;;;;
4.651526123;2.4;2.7333;;11.71967441;15.8;;;;;;;;
4.118320312;2.4;2.75;;11.67765432;15.8;;;;;;;;
10.30661258;11.5;2.7667;;11.59552632;15.7;;;;;;;;
10.81335116;11.5;2.7833;;11.55471408;15.7;;;;;;;;
11.291424;11.5;2.8;;11.52243755;15.7;;;;;;;;
11.72980968;11.5;2.8167;;11.5203449;15.7;;;;;;;;
12.11693673;11.5;2.8333;;11.515642;15.7;;;;;;;;
0.459316313;1.4;2.85;;11.50214631;15.5;;;;;;;;
0.211620938;1.4;2.8667;;11.48167057;15.5;;;;;;;;
0.053198658;1.4;2.8833;;11.476232;15.5;;;;;;;;
0.002179;1.4;2.9;;11.42591188;15.5;;;;;;;;
0.05980951;1.4;2.9167;;11.40496;15.5;;;;;;;;
12.64596425;11.5;2.9333;;11.38820312;15.3;;;;;;;;
12.30407869;11.5;2.95;;11.38716164;15.3;;;;;;;;
11.79856221;11.5;2.9667;;11.38258528;15.3;;;;;;;;
11.11289319;11.5;2.9833;;11.3594788;15.3;;;;;;;;
10.23;11.5;3;;11.33308642;15.3;;;;;;;;
7.317241108;13.4;3.0167;;11.32929488;15.3;;;;;;;;
8.185119951;13.4;3.0333;;11.291424;15.3;;;;;;;;
8.97684975;13.4;3.05;;11.28323199;15.3;;;;;;;;
9.695616988;13.4;3.0667;;11.25342022;15.3;;;;;;;;
10.3445814;13.4;3.0833;;11.24431107;15.3;;;;;;;;
5.373124;2.9;3.1;;11.22919982;15.2;;;;;;;;
4.854392966;2.9;3.1167;;11.21602805;15.2;;;;;;;;
4.396145975;2.9;3.1333;;11.1859021;15.2;;;;;;;;
3.99533025;2.9;3.15;;11.15693407;15.2;;;;;;;;
3.648919753;2.9;3.1667;;11.11289319;15.2;;;;;;;;
0.753915188;0.3;3.1833;;11.10738556;15.2;;;;;;;;
0.507344;0.3;3.2;;11.09866536;15.2;;;;;;;;
0.306260373;0.3;3.2167;;11.03921579;15.2;;;;;;;;
0.147745235;0.3;3.2333;;11.02851852;15.2;;;;;;;;
0.02890625;0.3;3.25;;11.02578125;15.2;;;;;;;;
4.353122173;4;3.2667;;10.97974537;15;;;;;;;;
4.401178886;4;3.2833;;10.96334313;15;;;;;;;;
4.418076;4;3.3;;10.96160434;15;;;;;;;;
4.406598886;4;3.3167;;10.94563338;15;;;;;;;;
4.369506173;4;3.3333;;10.94049383;15;;;;;;;;
3.80952975;3.5;3.35;;10.92484656;15;;;;;;;;
3.729374765;3.5;3.3667;;10.89430556;15;;;;;;;;
3.631719627;3.5;3.3833;;10.89236871;15;;;;;;;;
3.519216;3.5;3.4;;10.81335116;15;;;;;;;;
3.394488812;3.5;3.4167;;10.78479167;15;;;;;;;;
2.739863753;2.5;3.4333;;10.77467241;14.8;;;;;;;;
2.88127025;2.5;3.45;;10.75656;14.8;;;;;;;;
3.027185975;2.5;3.4667;;10.75038806;14.8;;;;;;;;
3.175092966;2.5;3.4833;;10.73132544;14.8;;;;;;;;
3.3225;2.5;3.5;;10.70338444;14.8;;;;;;;;
0.333057404;1.3;3.5167;;10.687902;14.8;;;;;;;;
0.194016988;1.3;3.5333;;10.684432;14.8;;;;;;;;
0.06278975;1.3;3.55;;10.68;14.8;;;;;;;;
0.058240049;1.3;3.5667;;10.67897157;14.8;;;;;;;;
0.166714892;1.3;3.5833;;10.58710135;14.8;;;;;;;;
4.039696;5.6;3.6;;10.54605469;14.3;;;;;;;;
3.963296664;5.6;3.6167;;10.52525815;14.3;;;;;;;;
3.906364395;5.6;3.6333;;10.48842588;14.3;;;;;;;;
3.87114975;5.6;3.65;;10.482084;14.3;;;;;;;;
3.859876543;5.6;3.6667;;10.45604938;14.3;;;;;;;;
10.52525815;8.8;3.6833;;10.44934652;14.2;;;;;;;;
10.482084;8.8;3.7;;10.43939487;14.2;;;;;;;;
10.40845741;8.8;3.7167;;10.42915378;14.2;;;;;;;;
10.30226153;8.8;3.7333;;10.42373856;14.2;;;;;;;;
10.16140625;8.8;3.75;;10.41234568;14.2;;;;;;;;
15.3838282;14.2;3.7667;;10.40845741;13.9;;;;;;;;
15.16749074;14.2;3.7833;;10.38919356;13.9;;;;;;;;
14.910384;14.2;3.8;;10.38676712;13.9;;;;;;;;
14.61052482;14.2;3.8167;;10.384528;13.9;;;;;;;;
14.26595679;14.2;3.8333;;10.37097881;13.9;;;;;;;;
0.77475025;1.1;3.85;;10.34728257;13.8;;;;;;;;
0.335002272;1.1;3.8667;;10.34580799;13.8;;;;;;;;
0.15516333;1.1;3.8833;;10.3445814;13.8;;;;;;;;
0.697596;1.1;3.9;;10.335664;13.8;;;;;;;;
1.294118441;1.1;3.9167;;10.307312;13.8;;;;;;;;
5.346526617;2.3;3.9333;;10.30661258;13.7;;;;;;;;
6.05658975;2.3;3.95;;10.30226153;13.7;;;;;;;;
6.826050321;2.3;3.9667;;10.25241512;13.7;;;;;;;;
7.656624071;2.3;3.9833;;10.249105;13.7;;;;;;;;
8.55;2.3;4;;10.23;13.7;;;;;;;;
0.801987878;0;4.0167;;10.22177244;13.7;;;;;;;;
0.098915679;0;4.0333;;10.16140625;13.7;;;;;;;;
0.471441875;0;4.05;;10.15702925;13.7;;;;;;;;
0.920872099;0;4.0667;;10.15325638;13.7;;;;;;;;
1.260724344;0;4.0833;;10.13930122;13.7;;;;;;;;
0.19809;1.7;4.1;;10.13309206;13.4;;;;;;;;
0.045097508;1.7;4.1167;;10.09619694;13.4;;;;;;;;
0.029737284;1.7;4.1333;;10.093872;13.4;;;;;;;;
0.036011875;1.7;4.15;;10.07894115;13.4;;;;;;;;
0.017114198;1.7;4.1667;;10.05809462;13.4;;;;;;;;
0.22091936;1.8;4.1833;;10.054883;13.3;;;;;;;;
0.36712;1.8;4.2;;10.03383957;13.3;;;;;;;;
0.547870471;1.8;4.2167;;10.02283637;13.3;;;;;;;;
0.755763086;1.8;4.2333;;9.974371556;13.3;;;;;;;;
0.983828125;1.8;4.25;;9.954945988;13.3;;;;;;;;
8.325533827;8.9;4.2667;;9.908769617;13.2;;;;;;;;
8.574786397;8.9;4.2833;;9.907248;13.2;;;;;;;;
8.82593;8.9;4.3;;9.890569848;13.2;;;;;;;;
9.073746767;8.9;4.3167;;9.890182774;13.2;;;;;;;;
9.31345679;8.9;4.3333;;9.886991;13.2;;;;;;;;
0.659281875;1.3;4.35;;9.884949543;13.1;;;;;;;;
0.44837321;1.3;4.3667;;9.836102753;13.1;;;;;;;;
0.257283233;1.3;4.3833;;9.835807012;13.1;;;;;;;;
0.08904;1.3;4.4;;9.817742688;13.1;;;;;;;;
0.053766397;1.3;4.4167;;9.812541937;13.1;;;;;;;;
0.731016173;2.2;4.4333;;9.802049093;12.9;;;;;;;;
0.645101875;2.2;4.45;;9.800396938;12.9;;;;;;;;
0.589766914;2.2;4.4667;;9.789325815;12.9;;;;;;;;
0.565849529;2.2;4.4833;;9.76850598;12.9;;;;;;;;
0.57375;2.2;4.5;;9.745852062;12.9;;;;;;;;
4.48656936;2.9;4.5167;;9.695616988;12.9;;;;;;;;
4.415584198;2.9;4.5333;;9.678983062;12.9;;;;;;;;
4.314208125;2.9;4.55;;9.658009742;12.9;;;;;;;;
4.183792716;2.9;4.5667;;9.606918062;12.9;;;;;;;;
4.026127508;2.9;4.5833;;9.599948709;12.9;;;;;;;;
10.75656;11.7;4.6;;9.598782146;12.9;;;;;;;;
10.96160434;11.7;4.6167;;9.581673895;12.9;;;;;;;;
11.1859021;11.7;4.6333;;9.573563062;12.9;;;;;;;;
11.42591188;11.7;4.65;;9.569061333;12.9;;;;;;;;
11.67765432;11.7;4.6667;;9.55315897;12.9;;;;;;;;
5.736712122;5.5;4.6833;;9.528190222;12.8;;;;;;;;
5.99823;5.5;4.7;;9.525353;12.8;;;;;;;;
6.256914715;5.5;4.7167;;9.465938606;12.8;;;;;;;;
6.507035062;5.5;4.7333;;9.445096754;12.8;;;;;;;;
6.742421875;5.5;4.75;;9.443474437;12.8;;;;;;;;
2.943531975;4.4;4.7667;;9.434615333;12.7;;;;;;;;
2.757871582;4.4;4.7833;;9.408328;12.7;;;;;;;;
2.60808;4.4;4.8;;9.367793;12.7;;;;;;;;
2.502078248;4.4;4.8167;;9.31345679;12.7;;;;;;;;
2.448225309;4.4;4.8333;;9.279692398;12.7;;;;;;;;
0.755318125;2.7;4.85;;9.248221;12.5;;;;;;;;
0.832591605;2.7;4.8667;;9.243141383;12.5;;;;;;;;
0.989718619;2.7;4.8833;;9.239746765;12.5;;;;;;;;
1.23681;2.7;4.9;;9.210625;12.5;;;;;;;;
1.584414545;2.7;4.9167;;9.201017063;12.5;;;;;;;;
2.356480988;1.7;4.9333;;9.174084265;12.5;;;;;;;;
1.774451875;1.7;4.95;;9.170757564;12.5;;;;;;;;
1.057635432;1.7;4.9667;;9.127850284;12.5;;;;;;;;
0.193731011;1.7;4.9833;;9.116154951;12.5;;;;;;;;
0.83;1.7;5;;9.101616;12.5;;;;;;;;
7.150582745;4.7;5.0167;;9.073746767;12.5;;;;;;;;
6.299405395;4.7;5.0333;;9.072112;12.5;;;;;;;;
5.603402313;4.7;5.05;;9.055728;12.5;;;;;;;;
5.049938173;4.7;5.0667;;9.050508;12.5;;;;;;;;
4.626807967;4.7;5.0833;;9.028409;12.5;;;;;;;;
0.222237;0.6;5.1;;8.97684975;12.4;;;;;;;;
0.024880893;0.6;5.1167;;8.97069575;12.4;;;;;;;;
0.07617442;0.6;5.1333;;8.937328732;12.4;;;;;;;;
0.091412687;0.6;5.15;;8.886445312;12.4;;;;;;;;
0.030887346;0.6;5.1667;;8.884565125;12.4;;;;;;;;
7.895778485;8.4;5.1833;;8.884546765;12.2;;;;;;;;
8.079392;8.4;5.2;;8.874620049;12.2;;;;;;;;
8.311190708;8.4;5.2167;;8.847225361;12.2;;;;;;;;
8.582842432;8.4;5.2333;;8.837848889;12.2;;;;;;;;
8.886445312;8.4;5.25;;8.830740741;12.2;;;;;;;;
5.985472198;6.8;5.2667;;8.829315683;12.2;;;;;;;;
5.639951329;6.8;5.2833;;8.82593;12.2;;;;;;;;
5.283603;6.8;5.3;;8.804804687;12.2;;;;;;;;
4.922607811;6.8;5.3167;;8.788389605;12.2;;;;;;;;
4.562716049;6.8;5.3333;;8.763623697;12.2;;;;;;;;
3.309247687;5.9;5.35;;8.681121753;12;;;;;;;;
2.967092383;5.9;5.3667;;8.675925926;12;;;;;;;;
2.640709478;5.9;5.3833;;8.665605527;12;;;;;;;;
2.334128;5.9;5.4;;8.659861569;12;;;;;;;;
2.050946663;5.9;5.4167;;8.642143764;12;;;;;;;;
17.00566614;12.9;5.4333;;8.640493827;11.9;;;;;;;;
17.23297231;12.9;5.45;;8.582842432;11.9;;;;;;;;
17.4286641;12.9;5.4667;;8.574786397;11.9;;;;;;;;
17.59086404;12.9;5.4833;;8.55;11.9;;;;;;;;
17.718125;12.9;5.5;;8.5459375;11.9;;;;;;;;
9.890569848;14.8;5.5167;;8.537097097;11.9;;;;;;;;
9.835807012;14.8;5.5333;;8.531728395;11.9;;;;;;;;
9.817742688;14.8;5.55;;8.4690625;11.9;;;;;;;;
9.836102753;14.8;5.5667;;8.424243556;11.9;;;;;;;;
9.890182774;14.8;5.5833;;8.401253851;11.9;;;;;;;;
13.421152;8.6;5.6;;8.345795457;11.8;;;;;;;;
13.29946663;8.6;5.6167;;8.331910202;11.8;;;;;;;;
13.14675651;8.6;5.6333;;8.325533827;11.8;;;;;;;;
12.96544731;8.6;5.65;;8.311190708;11.8;;;;;;;;
12.75839506;8.6;5.6667;;8.306644439;11.8;;;;;;;;
13.62888608;9.7;5.6833;;8.297298147;11.7;;;;;;;;
13.380637;9.7;5.7;;8.284205247;11.7;;;;;;;;
13.11779478;9.7;5.7167;;8.28418579;11.7;;;;;;;;
12.84493669;9.7;5.7333;;8.277671853;11.7;;;;;;;;
12.56707031;9.7;5.75;;8.250014654;11.7;;;;;;;;
6.010366457;8.6;5.7667;;8.19752;11.5;;;;;;;;
6.281505404;8.6;5.7833;;8.186041667;11.5;;;;;;;;
6.540048;8.6;5.8;;8.185119951;11.5;;;;;;;;
6.779265404;8.6;5.8167;;8.160217687;11.5;;;;;;;;
6.991998457;8.6;5.8333;;8.131284688;11.5;;;;;;;;
0.229342313;1.2;5.85;;8.104101563;11.5;;;;;;;;
0.092776691;1.2;5.8667;;8.079392;11.5;;;;;;;;
0.006754782;1.2;5.8833;;8.049061149;11.5;;;;;;;;
0.019843;1.2;5.9;;8.046862;11.5;;;;;;;;
0.022294078;1.2;5.9167;;8.044375;11.5;;;;;;;;
5.957092938;7.3;5.9333;;8.041105203;11.5;;;;;;;;
5.747832687;7.3;5.95;;8.026440099;11.5;;;;;;;;
5.439323494;7.3;5.9667;;8.016762;11.5;;;;;;;;
5.020533367;7.3;5.9833;;7.999436438;11.5;;;;;;;;
4.48;7.3;6;;7.981248;11.5;;;;;;;;
0.197250549;20.1;6.0167;;7.959271395;11.5;;;;;;;;
0.433131753;20.1;6.0333;;7.931072;11.5;;;;;;;;
0.4473745;20.1;6.05;;7.895778485;11.5;;;;;;;;
0.259091753;20.1;6.0667;;7.890582567;11.5;;;;;;;;
0.113221451;20.1;6.0833;;7.868796296;11.5;;;;;;;;
2.348312;17.1;6.1;;7.846812642;11.5;;;;;;;;
1.66095129;17.1;6.1167;;7.841943791;11.5;;;;;;;;
0.841337679;17.1;6.1333;;7.822860333;11.5;;;;;;;;
0.0945055;17.1;6.15;;7.80254999;11.5;;;;;;;;
1.13117284;17.1;6.1667;;7.789008;11.5;;;;;;;;
13.54612314;1.3;6.1833;;7.78641835;11.4;;;;;;;;
12.351552;1.3;6.2;;7.75556703;11.4;;;;;;;;
11.09866536;1.3;6.2167;;7.747367039;11.4;;;;;;;;
9.800396938;1.3;6.2333;;7.737166025;11.4;;;;;;;;
8.4690625;1.3;6.25;;7.730727937;11.4;;;;;;;;
0.683640099;9.1;6.2667;;7.67;11.2;;;;;;;;
2.046630932;9.1;6.2833;;7.659315;11.2;;;;;;;;
3.409448;9.1;6.3;;7.65875;11.2;;;;;;;;
4.762247228;9.1;6.3167;;7.656624071;11.2;;;;;;;;
6.095802469;9.1;6.3333;;7.64;11.2;;;;;;;;
3.7984945;2.1;6.35;;7.617407407;11.1;;;;;;;;
2.528633975;2.1;6.3667;;7.608010909;11.1;;;;;;;;
1.301988327;2.1;6.3833;;7.600897473;11.1;;;;;;;;
0.125312;2.1;6.4;;7.596682063;11.1;;;;;;;;
0.995258488;2.1;6.4167;;7.566208;11.1;;;;;;;;
8.345795457;12.5;6.4333;;7.551471012;11.1;;;;;;;;
7.3533745;12.5;6.45;;7.495364101;11.1;;;;;;;;
6.431761383;12.5;6.4667;;7.492707934;11.1;;;;;;;;
5.58462092;12.5;6.4833;;7.467801877;11.1;;;;;;;;
4.815;12.5;6.5;;7.465691296;11.1;;;;;;;;
10.77467241;2.4;6.5167;;7.454367905;11;;;;;;;;
11.38258528;2.4;6.5333;;7.421204358;11;;;;;;;;
11.9075455;2.4;6.55;;7.420637;11;;;;;;;;
12.34897788;2.4;6.5667;;7.408055556;11;;;;;;;;
12.70692515;2.4;6.5833;;7.386607832;11;;;;;;;;
1.617952;12.2;6.6;;7.3533745;10.8;;;;;;;;
1.424374994;12.2;6.6167;;7.350432;10.8;;;;;;;;
1.310447309;12.2;6.6333;;7.331696;10.8;;;;;;;;
1.2736545;12.2;6.65;;7.317241108;10.8;;;;;;;;
1.310864198;12.2;6.6667;;7.297243062;10.8;;;;;;;;
9.581673895;1.2;6.6833;;7.29083912;10.8;;;;;;;;
9.408328;1.2;6.7;;7.265710654;10.8;;;;;;;;
9.174084265;1.2;6.7167;;7.263432961;10.8;;;;;;;;
8.884546765;1.2;6.7333;;7.260813062;10.8;;;;;;;;
8.5459375;1.2;6.75;;7.25141575;10.8;;;;;;;;
1.365096395;8;6.7667;;7.228158;10.6;;;;;;;;
0.949481302;8;6.7833;;7.211767458;10.6;;;;;;;;
0.507168;8;6.8;;7.211376395;10.6;;;;;;;;
0.046850191;8;6.8167;;7.210448;10.6;;;;;;;;
0.422160494;8;6.8333;;7.208517136;10.6;;;;;;;;
1.8899345;9;6.85;;7.18289761;10.6;;;;;;;;
2.345924346;9;6.8667;;7.150582745;10.6;;;;;;;;
2.778964623;9;6.8833;;7.146417185;10.6;;;;;;;;
3.177272;9;6.9;;7.136452;10.6;;;;;;;;
3.528445216;9;6.9167;;7.123609;10.6;;;;;;;;
0.280534914;4.9;6.9333;;7.104210194;10.5;;;;;;;;
0.0633055;4.9;6.95;;7.10304;10.5;;;;;;;;
0.06587842;4.9;6.9667;;7.099202963;10.5;;;;;;;;
0.092143883;4.9;6.9833;;7.095816454;10.5;;;;;;;;
0;4.9;7;;7.064050284;10.5;;;;;;;;
0.549538687;3.1;7.0167;;6.991998457;10.5;;;;;;;;
0.683435284;3.1;7.0333;;6.982592;10.5;;;;;;;;
0.799743625;3.1;7.05;;6.970982687;10.5;;;;;;;;
0.896694914;3.1;7.0667;;6.969342383;10.5;;;;;;;;
0.972697724;3.1;7.0833;;6.944093625;10.5;;;;;;;;
17.826338;13.7;7.1;;6.921051343;10.3;;;;;;;;
17.85637906;13.7;7.1167;;6.914233326;10.3;;;;;;;;
17.86176158;13.7;7.1333;;6.892199074;10.3;;;;;;;;
17.84160362;13.7;7.15;;6.891253694;10.3;;;;;;;;
17.79520062;13.7;7.1667;;6.885362587;10.3;;;;;;;;
0.122025353;3.9;7.1833;;6.874877035;10.2;;;;;;;;
0.021728;3.9;7.2;;6.85;10.2;;;;;;;;
0.105863906;3.9;7.2167;;6.846148206;10.2;;;;;;;;
0.260745457;3.9;7.2333;;6.826050321;10.2;;;;;;;;
0.442734375;3.9;7.25;;6.785808432;10.2;;;;;;;;
7.551471012;10.8;7.2667;;6.779265404;10.2;;;;;;;;
7.78641835;10.8;7.2833;;6.753747075;10.2;;;;;;;;
8.046862;10.8;7.3;;6.745234375;10.2;;;;;;;;
8.331910202;10.8;7.3167;;6.744932593;10.2;;;;;;;;
8.640493827;10.8;7.3333;;6.742421875;10.2;;;;;;;;
5.871366375;7.7;7.35;;6.720540123;10;;;;;;;;
6.223103975;7.7;7.3667;;6.720196704;10;;;;;;;;
6.594105387;7.7;7.3833;;6.714540642;10;;;;;;;;
6.982592;7.7;7.4;;6.704567901;10;;;;;;;;
7.386607832;7.7;7.4167;;6.693897569;10;;;;;;;;
1.795980469;1.9;7.4333;;6.693677027;9.9;;;;;;;;
1.367483625;1.9;7.45;;6.662469136;9.9;;;;;;;;
0.930389728;1.9;7.4667;;6.643686123;9.9;;;;;;;;
0.487364242;1.9;7.4833;;6.623008721;9.9;;;;;;;;
0.04125;1.9;7.5;;6.620040099;9.9;;;;;;;;
4.395067205;6.7;7.5167;;6.602717593;9.7;;;;;;;;
3.952013432;6.7;7.5333;;6.594910519;9.7;;;;;;;;
3.515463625;6.7;7.55;;6.594105387;9.7;;;;;;;;
3.088970099;6.7;7.5667;;6.57470875;9.7;;;;;;;;
2.676262539;6.7;7.5833;;6.5638035;9.7;;;;;;;;
7.981248;12.4;7.6;;6.540048;9.7;;;;;;;;
7.608010909;12.4;7.6167;;6.525900716;9.7;;;;;;;;
7.260813062;12.4;7.6333;;6.507035062;9.7;;;;;;;;
6.944093625;12.4;7.65;;6.502988037;9.7;;;;;;;;
6.662469136;12.4;7.6667;;6.484176;9.7;;;;;;;;
6.279266498;0.3;7.6833;;6.482928988;9.6;;;;;;;;
6.476142;0.3;7.7;;6.476142;9.6;;;;;;;;
6.623008721;0.3;7.7167;;6.474684642;9.6;;;;;;;;
6.714540642;0.3;7.7333;;6.452992;9.6;;;;;;;;
6.745234375;0.3;7.75;;6.445318809;9.6;;;;;;;;
3.09059084;9.5;7.7667;;6.444903481;9.5;;;;;;;;
3.198793131;9.5;7.7833;;6.444375;9.5;;;;;;;;
3.385408;9.5;7.8;;6.439243654;9.5;;;;;;;;
3.656648316;9.5;7.8167;;6.431761383;9.5;;;;;;;;
4.018904321;9.5;7.8333;;6.430406937;9.5;;;;;;;;
12.72125638;7.7;7.85;;6.422492284;9.5;;;;;;;;
12.15708879;7.7;7.8667;;6.421577173;9.5;;;;;;;;
11.48167057;7.7;7.8833;;6.376128;9.5;;;;;;;;
10.687902;7.7;7.9;;6.356619624;9.5;;;;;;;;
9.76850598;7.7;7.9167;;6.333147;9.5;;;;;;;;
11.21602805;10.2;7.9333;;6.299405395;9.5;;;;;;;;
10.02283637;10.2;7.95;;6.28384;9.5;;;;;;;;
8.681121753;10.2;7.9667;;6.281505404;9.5;;;;;;;;
7.18289761;10.2;7.9833;;6.279266498;9.5;;;;;;;;
5.52;10.2;8;;6.278900984;9.5;;;;;;;;
6.753747075;17.5;8.0167;;6.272325333;9.4;;;;;;;;
8.28418579;17.5;8.0333;;6.256914715;9.4;;;;;;;;
9.678983062;17.5;8.05;;6.254008;9.4;;;;;;;;
10.94563338;17.5;8.0667;;6.237427;9.4;;;;;;;;
12.09145882;17.5;8.0833;;6.223103975;9.4;;;;;;;;
7.123609;11.5;8.1;;6.220884563;9.4;;;;;;;;
8.049061149;11.5;8.1167;;6.209817362;9.4;;;;;;;;
8.874620049;11.5;8.1333;;6.162899875;9.4;;;;;;;;
9.606918062;11.5;8.15;;6.152665573;9.4;;;;;;;;
10.25241512;11.5;8.1667;;6.108514963;9.4;;;;;;;;
1.682601258;1;8.1833;;6.09974125;9.4;;;;;;;;
1.192016;1;8.2;;6.095802469;9.4;;;;;;;;
0.769886444;1;8.2167;;6.056874562;9.4;;;;;;;;
0.410442358;1;8.2333;;6.05658975;9.4;;;;;;;;
0.108085938;1;8.25;;6.010366457;9.4;;;;;;;;
4.557391802;5.7;8.2667;;5.99823;9.3;;;;;;;;
4.353106999;5.7;8.2833;;5.990130208;9.3;;;;;;;;
4.190151;5.7;8.3;;5.985472198;9.3;;;;;;;;
4.063615703;5.7;8.3167;;5.957092938;9.3;;;;;;;;
3.968765432;5.7;8.3333;;5.949157564;9.3;;;;;;;;
13.69896306;11.9;8.35;;5.942105813;9.2;;;;;;;;
13.7439606;11.9;8.3667;;5.92220663;9.2;;;;;;;;
13.77044559;11.9;8.3833;;5.90338963;9.2;;;;;;;;
13.782464;11.9;8.4;;5.894402963;9.2;;;;;;;;
13.78388937;11.9;8.4167;;5.877008;9.2;;;;;;;;
6.421577173;8.3;8.4333;;5.871366375;9.1;;;;;;;;
6.430406937;8.3;8.45;;5.870299815;9.1;;;;;;;;
6.439243654;8.3;8.4667;;5.868634473;9.1;;;;;;;;
6.444903481;8.3;8.4833;;5.797516879;9.1;;;;;;;;
6.444375;8.3;8.5;;5.794825125;9.1;;;;;;;;
0.134819221;2;8.5167;;5.79;9.1;;;;;;;;
0.11356958;2;8.5333;;5.786821657;9.1;;;;;;;;
0.078131938;2;8.55;;5.785308642;9.1;;;;;;;;
0.02618458;2;8.5667;;5.780057815;9.1;;;;;;;;
0.044421779;2;8.5833;;5.761536313;9.1;;;;;;;;
10.335664;8.2;8.6;;5.760617327;9.1;;;;;;;;
10.44934652;8.2;8.6167;;5.747832687;9.1;;;;;;;;
10.58710135;8.2;8.6333;;5.736712122;9.1;;;;;;;;
10.75038806;8.2;8.65;;5.716876435;9.1;;;;;;;;
10.94049383;8.2;8.6667;;5.712756539;9.1;;;;;;;;
0.641466629;3.6;8.6833;;5.705821;9.1;;;;;;;;
0.394551;3.6;8.7;;5.703602688;9.1;;;;;;;;
0.117989407;3.6;8.7167;;5.696859457;9.1;;;;;;;;
0.188815605;3.6;8.7333;;5.674100598;9.1;;;;;;;;
0.526289062;3.6;8.75;;5.647008;9.1;;;;;;;;
4.605316432;9.1;8.7667;;5.646430313;9.1;;;;;;;;
4.205920703;9.1;8.7833;;5.639951329;9.1;;;;;;;;
3.775616;9.1;8.8;;5.637691862;9.1;;;;;;;;
3.314666999;9.1;8.8167;;5.61136;9.1;;;;;;;;
2.823510802;9.1;8.8333;;5.606109543;9.1;;;;;;;;
7.297243062;0.5;8.85;;5.603402313;9;;;;;;;;
7.846812642;0.5;8.8667;;5.5995835;9;;;;;;;;
8.424243556;0.5;8.8833;;5.595092593;9;;;;;;;;
9.028409;0.5;8.9;;5.58462092;9;;;;;;;;
9.658009742;0.5;8.9167;;5.574707;9;;;;;;;;
10.48842588;20.3;8.9333;;5.569969687;9;;;;;;;;
9.812541937;20.3;8.95;;5.54126;9;;;;;;;;
9.116154951;20.3;8.9667;;5.528231395;9;;;;;;;;
8.401253851;20.3;8.9833;;5.526768;9;;;;;;;;
7.67;20.3;9;;5.524910783;9;;;;;;;;
1.655049258;8.2;9.0167;;5.52;9;;;;;;;;
0.984478494;8.2;9.0333;;5.515145593;9;;;;;;;;
0.355749875;8.2;9.05;;5.491761677;9;;;;;;;;
0.233621136;8.2;9.0667;;5.47712;9;;;;;;;;
0.786065779;8.2;9.0833;;5.470009086;9;;;;;;;;
2.996038;3.9;9.1;;5.469415157;8.9;;;;;;;;
2.510365554;3.9;9.1167;;5.439323494;8.9;;;;;;;;
2.054645531;3.9;9.1333;;5.414689975;8.9;;;;;;;;
1.626659875;3.9;9.15;;5.404546101;8.9;;;;;;;;
1.224243827;3.9;9.1667;;5.382101343;8.9;;;;;;;;
11.55471408;16.3;9.1833;;5.377633102;8.8;;;;;;;;
11.912272;16.3;9.2;;5.373124;8.8;;;;;;;;
12.25043482;16.3;9.2167;;5.371009769;8.8;;;;;;;;
12.5711541;16.3;9.2333;;5.36002963;8.8;;;;;;;;
12.87632812;16.3;9.25;;5.359315683;8.8;;;;;;;;
7.467801877;10.6;9.2667;;5.346526617;8.8;;;;;;;;
7.747367039;10.6;9.2833;;5.340032988;8.8;;;;;;;;
8.016762;10.6;9.3;;5.334020062;8.8;;;;;;;;
8.277671853;10.6;9.3167;;5.303680593;8.8;;;;;;;;
8.531728395;10.6;9.3333;;5.283603;8.8;;;;;;;;
1.119489875;0.7;9.35;;5.251913111;8.8;;;;;;;;
0.874457753;0.7;9.3667;;5.231358;8.8;;;;;;;;
0.631703332;0.7;9.3833;;5.215462519;8.8;;;;;;;;
0.389808;0.7;9.4;;5.210447802;8.8;;;;;;;;
0.147406443;0.7;9.4167;;5.183633473;8.8;;;;;;;;
3.603186642;3;9.4333;;5.16224;8.6;;;;;;;;
3.355889875;3;9.45;;5.129904032;8.6;;;;;;;;
3.104310716;3;9.4667;;5.128756296;8.6;;;;;;;;
2.847297035;3;9.4833;;5.125062815;8.6;;;;;;;;
2.58375;3;9.5;;5.106922312;8.6;;;;;;;;
2.787375927;2.1;9.5167;;5.090007;8.6;;;;;;;;
3.067072988;2.1;9.5333;;5.049938173;8.6;;;;;;;;
3.356280125;2.1;9.55;;5.032656732;8.6;;;;;;;;
3.655882988;2.1;9.5667;;5.020533367;8.6;;;;;;;;
3.966713927;2.1;9.5833;;4.974793;8.6;;;;;;;;
7.210448;9.4;9.6;;4.972141438;8.6;;;;;;;;
6.874877035;9.4;9.6167;;4.96762742;8.6;;;;;;;;
6.525900716;9.4;9.6333;;4.94808;8.6;;;;;;;;
6.162899875;9.4;9.65;;4.94218425;8.6;;;;;;;;
5.785308642;9.4;9.6667;;4.939523698;8.6;;;;;;;;
11.10738556;7.1;9.6833;;4.93642912;8.5;;;;;;;;
11.515642;7.1;9.7;;4.934375;8.5;;;;;;;;
11.93986667;7.1;9.7167;;4.934234873;8.5;;;;;;;;
12.38041225;7.1;9.7333;;4.923878123;8.5;;;;;;;;
12.83757812;7.1;9.75;;4.923154451;8.5;;;;;;;;
8.788389605;15;9.7667;;4.922607811;8.4;;;;;;;;
8.297298147;15;9.7833;;4.911983414;8.4;;;;;;;;
7.789008;15;9.8;;4.895117187;8.4;;;;;;;;
7.263432961;15;9.8167;;4.894724875;8.4;;;;;;;;
6.720540123;15;9.8333;;4.88514125;8.4;;;;;;;;
1.660349875;10.5;9.85;;4.88088016;8.4;;;;;;;;
1.082935901;10.5;9.8667;;4.876545139;8.4;;;;;;;;
0.488425184;10.5;9.8833;;4.866740211;8.4;;;;;;;;
0.123002;10.5;9.9;;4.85972484;8.4;;;;;;;;
0.751112076;10.5;9.9167;;4.854392966;8.4;;;;;;;;
0.795618173;11.1;9.9333;;4.851068;8.3;;;;;;;;
1.456180125;11.1;9.95;;4.830625;8.3;;;;;;;;
2.132404469;11.1;9.9667;;4.824838519;8.3;;;;;;;;
2.823844446;11.1;9.9833;;4.815;8.3;;;;;;;;
3.53;11.1;10;;4.814448;8.3;;;;;;;;
1.523633623;1.8;10.0167;;4.809718364;8.3;;;;;;;;
1.00392316;1.8;10.0333;;4.807137954;8.3;;;;;;;;
0.6002235;1.8;10.05;;4.762247228;8.3;;;;;;;;
0.302252049;1.8;10.0667;;4.710023;8.3;;;;;;;;
0.100088735;1.8;10.0833;;4.705554815;8.3;;;;;;;;
6.484176;8.3;10.1;;4.684883556;8.3;;;;;;;;
6.445318809;8.3;10.1167;;4.684813;8.3;;;;;;;;
6.474684642;8.3;10.1333;;4.668984434;8.3;;;;;;;;
6.5638035;8.3;10.15;;4.657807905;8.3;;;;;;;;
6.704567901;8.3;10.1667;;4.651526123;8.3;;;;;;;;
2.610767117;1.2;10.1833;;4.640740741;8.2;;;;;;;;
2.389584;1.2;10.2;;4.633721792;8.2;;;;;;;;
2.138902673;1.2;10.2167;;4.631601383;8.2;;;;;;;;
1.865380543;1.2;10.2333;;4.628369;8.2;;;;;;;;
1.5753125;1.2;10.25;;4.626807967;8.2;;;;;;;;
17.57463091;17.5;10.2667;;4.620656;8.2;;;;;;;;
17.26890564;17.5;10.2833;;4.605316432;8.2;;;;;;;;
16.963344;17.5;10.3;;4.587870222;8.2;;;;;;;;
16.66279082;17.5;10.3167;;4.574474265;8.2;;;;;;;;
16.3717284;17.5;10.3333;;4.562716049;8.2;;;;;;;;
3.9057235;2.5;10.35;;4.557391802;8.2;;;;;;;;
4.165807605;2.5;10.3667;;4.530481778;8.2;;;;;;;;
4.405129179;2.5;10.3833;;4.510717593;8.2;;;;;;;;
4.620656;2.5;10.4;;4.48656936;8.2;;;;;;;;
4.809718364;2.5;10.4167;;4.48;8.2;;;;;;;;
5.470009086;3;10.4333;;4.479960099;8.1;;;;;;;;
5.5995835;3;10.45;;4.470379079;8.1;;;;;;;;
5.696859457;3;10.4667;;4.438382063;8.1;;;;;;;;
5.760617327;3;10.4833;;4.432371306;8.1;;;;;;;;
5.79;3;10.5;;4.428563368;8.1;;;;;;;;
0.384512883;2.4;10.5167;;4.418076;8.1;;;;;;;;
0.344023901;2.4;10.5333;;4.415584198;8.1;;;;;;;;
0.2687635;2.4;10.55;;4.406598886;8.1;;;;;;;;
0.159324642;2.4;10.5667;;4.405129179;8.1;;;;;;;;
0.016662809;2.4;10.5833;;4.404023437;8.1;;;;;;;;
0.457904;2.7;10.6;;4.401178886;8;;;;;;;;
0.662695265;2.7;10.6167;;4.396595;8;;;;;;;;
0.895667951;2.7;10.6333;;4.396145975;8;;;;;;;;
1.1544165;2.7;10.65;;4.395067205;8;;;;;;;;
1.43617284;2.7;10.6667;;4.369506173;8;;;;;;;;
0.362193623;0.6;10.6833;;4.357681842;8;;;;;;;;
0.044176;0.6;10.7;;4.354081306;8;;;;;;;;
0.28637008;0.6;10.7167;;4.353122173;8;;;;;;;;
0.625226469;0.6;10.7333;;4.353106999;8;;;;;;;;
0.9678125;0.6;10.75;;4.351057617;8;;;;;;;;
0.990815012;1.7;10.7667;;4.332854688;8;;;;;;;;
0.655961772;1.7;10.7833;;4.331043525;8;;;;;;;;
0.333296;1.7;10.8;;4.33;8;;;;;;;;
0.028848438;1.7;10.8167;;4.328721025;8;;;;;;;;
0.250987654;1.7;10.8333;;4.323736111;8;;;;;;;;
1.8005435;4;10.85;;4.314208125;8;;;;;;;;
1.590560198;4;10.8667;;4.302844875;8;;;;;;;;
1.426543253;4;10.8833;;4.29765625;8;;;;;;;;
1.316336;4;10.9;;4.288143605;8;;;;;;;;
1.26814429;4;10.9167;;4.275688843;8;;;;;;;;
0.009463506;2.7;10.9333;;4.273703704;7.9;;;;;;;;
0.0924435;2.7;10.95;;4.266355;7.9;;;;;;;;
0.283158716;2.7;10.9667;;4.243954333;7.9;;;;;;;;
0.572338068;2.7;10.9833;;4.238834877;7.9;;;;;;;;
0.97;2.7;11;;4.232765827;7.9;;;;;;;;
1.328154161;0.1;11.0167;;4.215568;7.7;;;;;;;;
1.028273988;0.1;11.0333;;4.205920703;7.7;;;;;;;;
0.821087062;0.1;11.05;;4.190151;7.7;;;;;;;;
0.697643062;0.1;11.0667;;4.183792716;7.7;;;;;;;;
0.649313754;0.1;11.0833;;4.183288208;7.7;;;;;;;;
9.367793;8.8;11.1;;4.165807605;7.7;;;;;;;;
9.445096754;8.8;11.1167;;4.161791695;7.7;;;;;;;;
9.573563062;8.8;11.1333;;4.153233025;7.7;;;;;;;;
9.745852062;8.8;11.15;;4.13599537;7.7;;;;;;;;
9.954945988;8.8;11.1667;;4.121953125;7.7;;;;;;;;
1.905850839;3.3;11.1833;;4.118320312;7.7;;;;;;;;
1.642912;3.3;11.2;;4.106180812;7.7;;;;;;;;
1.362288987;3.3;11.2167;;4.103499099;7.7;;;;;;;;
1.069711198;3.3;11.2333;;4.063615703;7.7;;;;;;;;
0.770585938;3.3;11.25;;4.045648812;7.7;;;;;;;;
0.96999842;3.8;11.2667;;4.039696;7.6;;;;;;;;
0.672711765;3.8;11.2833;;4.033340642;7.6;;;;;;;;
0.383167;3.8;11.3;;4.032083333;7.6;;;;;;;;
0.105483061;3.8;11.3167;;4.031111111;7.6;;;;;;;;
0.15654321;3.8;11.3333;;4.026127508;7.6;;;;;;;;
0.900562938;5.1;11.35;;4.024696539;7.3;;;;;;;;
0.67995416;5.1;11.3667;;4.018904321;7.3;;;;;;;;
0.484461024;5.1;11.3833;;3.99533025;7.3;;;;;;;;
0.316592;5.1;11.4;;3.968765432;7.3;;;;;;;;
0.178533468;5.1;11.4167;;3.966713927;7.3;;;;;;;;
9.127850284;4.1;11.4333;;3.963296664;7.2;;;;;;;;
9.201017063;4.1;11.45;;3.957201188;7.2;;;;;;;;
9.239746765;4.1;11.4667;;3.952013432;7.2;;;;;;;;
9.243141383;4.1;11.4833;;3.941504187;7.2;;;;;;;;
9.210625;4.1;11.5;;3.915584825;7.2;;;;;;;;
7.841943791;2.8;11.5167;;3.906720437;7.1;;;;;;;;
7.737166025;2.8;11.5333;;3.906364395;7.1;;;;;;;;
7.596682063;2.8;11.55;;3.9057235;7.1;;;;;;;;
7.421204358;2.8;11.5667;;3.897981121;7.1;;;;;;;;
7.211767458;2.8;11.5833;;3.887694901;7.1;;;;;;;;
0.030272;4.2;11.6;;3.87114975;7.1;;;;;;;;
0.303235283;4.2;11.6167;;3.859876543;7.1;;;;;;;;
0.605121568;4.2;11.6333;;3.832504889;7.1;;;;;;;;
0.933607938;4.2;11.65;;3.821684346;7.1;;;;;;;;
1.286049383;4.2;11.6667;;3.80952975;7.1;;;;;;;;
11.3594788;13.9;11.6833;;3.809337679;7.1;;;;;;;;
11.750607;13.9;11.7;;3.7984945;7.1;;;;;;;;
12.15582269;13.9;11.7167;;3.775616;7.1;;;;;;;;
12.57119249;13.9;11.7333;;3.766684028;7.1;;;;;;;;
12.99246094;13.9;11.75;;3.75993521;7.1;;;;;;;;
9.884949543;9.4;11.7667;;3.729374765;7;;;;;;;;
9.465938606;9.4;11.7833;;3.712786563;7;;;;;;;;
9.055728;9.4;11.8;;3.706717;7;;;;;;;;
8.659861569;9.4;11.8167;;3.662492299;7;;;;;;;;
8.284205247;9.4;11.8333;;3.656648316;7;;;;;;;;
1.134947063;2.6;11.85;;3.655882988;6.9;;;;;;;;
0.818597136;2.6;11.8667;;3.649131238;6.9;;;;;;;;
0.54198768;2.6;11.8833;;3.648919753;6.9;;;;;;;;
0.312273;2.6;11.9;;3.648747047;6.9;;;;;;;;
0.136929495;2.6;11.9167;;3.631719627;6.9;;;;;;;;
0.476244346;2.1;11.9333;;3.603578813;6.9;;;;;;;;
0.519127937;2.1;11.95;;3.603186642;6.9;;;;;;;;
0.483278605;2.1;11.9667;;3.601179084;6.9;;;;;;;;
0.359931579;2.1;11.9833;;3.593448975;6.9;;;;;;;;
0.14;2.1;12;;3.58;6.9;;;;;;;;
10.96334313;5.8;12.0167;;3.574924521;6.9;;;;;;;;
10.67897157;5.8;12.0333;;3.53;6.9;;;;;;;;
10.38919356;5.8;12.05;;3.528445216;6.9;;;;;;;;
10.09619694;5.8;12.0667;;3.525139;6.9;;;;;;;;
9.802049093;5.8;12.0833;;3.519216;6.9;;;;;;;;
1.308697;2.4;12.1;;3.518627;6.8;;;;;;;;
1.017967204;2.4;12.1167;;3.515463625;6.8;;;;;;;;
0.731565827;2.4;12.1333;;3.468403764;6.8;;;;;;;;
0.451078563;2.4;12.15;;3.459169975;6.8;;;;;;;;
0.177970679;2.4;12.1667;;3.434023438;6.8;;;;;;;;
2.486412981;4.8;12.1833;;3.421959187;6.8;;;;;;;;
2.740848;4.8;12.2;;3.416596778;6.8;;;;;;;;
2.984230388;4.8;12.2167;;3.409448;6.8;;;;;;;;
3.21557658;4.8;12.2333;;3.394488812;6.8;;;;;;;;
3.434023438;4.8;12.25;;3.385475812;6.8;;;;;;;;
13.63882825;14.8;12.2667;;3.385408;6.8;;;;;;;;
13.82936872;14.8;12.2833;;3.385212854;6.8;;;;;;;;
14.005143;14.8;12.3;;3.371168;6.8;;;;;;;;
14.16576965;14.8;12.3167;;3.365579083;6.8;;;;;;;;
14.31098765;14.8;12.3333;;3.356280125;6.8;;;;;;;;
12.35934356;12;12.35;;3.355889875;6.7;;;;;;;;
12.24524416;12;12.3667;;3.331237963;6.7;;;;;;;;
12.14661387;12;12.3833;;3.329156539;6.7;;;;;;;;
12.063232;12;12.4;;3.3225;6.7;;;;;;;;
11.99475743;12;12.4167;;3.319371542;6.7;;;;;;;;
7.959271395;7.9;12.4333;;3.316659;6.6;;;;;;;;
7.999436438;7.9;12.45;;3.316034687;6.6;;;;;;;;
8.026440099;7.9;12.4667;;3.314666999;6.6;;;;;;;;
8.041105203;7.9;12.4833;;3.313833524;6.6;;;;;;;;
8.044375;7.9;12.5;;3.309247687;6.6;;;;;;;;
0.162686834;0.3;12.5167;;3.298125;6.6;;;;;;;;
0.178896198;0.3;12.5333;;3.293584187;6.6;;;;;;;;
0.202948562;0.3;12.55;;3.291773;6.6;;;;;;;;
0.233418975;0.3;12.5667;;3.27605951;6.6;;;;;;;;
0.268762056;0.3;12.5833;;3.239788444;6.6;;;;;;;;
10.307312;10.3;12.6;;3.21557658;6.5;;;;;;;;
10.34728257;10.3;12.6167;;3.210216187;6.5;;;;;;;;
10.38676712;10.3;12.6333;;3.205008;6.5;;;;;;;;
10.42373856;10.3;12.65;;3.198793131;6.5;;;;;;;;
10.45604938;10.3;12.6667;;3.177272;6.5;;;;;;;;
0.018568351;0.2;12.6833;;3.175556148;6.3;;;;;;;;
0.002503;0.2;12.7;;3.175092966;6.3;;;;;;;;
0.001736649;0.2;12.7167;;3.159594873;6.3;;;;;;;;
0.008478617;0.2;12.7333;;3.150030438;6.3;;;;;;;;
0.035898438;0.2;12.75;;3.134062379;6.3;;;;;;;;
12.78339288;12.9;12.7667;;3.13179516;6.3;;;;;;;;
12.85395243;12.9;12.7833;;3.128500562;6.3;;;;;;;;
12.950688;12.9;12.8;;3.104310716;6.3;;;;;;;;
13.07683094;12.9;12.8167;;3.09059084;6.3;;;;;;;;
13.23573302;12.9;12.8333;;3.088970099;6.3;;;;;;;;
16.96913356;17.5;12.85;;3.085742187;6.3;;;;;;;;
16.7341762;17.5;12.8667;;3.07962963;6.3;;;;;;;;
16.45568183;17.5;12.8833;;3.067072988;6.3;;;;;;;;
16.129817;17.5;12.9;;3.044414654;6.3;;;;;;;;
15.7526278;17.5;12.9167;;3.034497212;6.3;;;;;;;;
4.479960099;2.3;12.9333;;3.028338638;6.2;;;;;;;;
4.972141438;2.3;12.95;;3.027185975;6.2;;;;;;;;
5.528231395;2.3;12.9667;;2.996943444;6.2;;;;;;;;
6.152665573;2.3;12.9833;;2.996038;6.2;;;;;;;;
6.85;2.3;13;;2.994375;6.2;;;;;;;;
2.483072259;2.4;13.0167;;2.984230388;6.1;;;;;;;;
1.946316148;2.4;13.0333;;2.97478621;6.1;;;;;;;;
1.528083;2.4;13.05;;2.967092383;6.1;;;;;;;;
1.21713837;2.4;13.0667;;2.960784;6.1;;;;;;;;
1.002662037;2.4;13.0833;;2.943531975;6.1;;;;;;;;
0.425752;1.1;13.1;;2.942111786;5.9;;;;;;;;
0.478095519;1.1;13.1167;;2.935481542;5.9;;;;;;;;
0.463946074;1.1;13.1333;;2.925788;5.9;;;;;;;;
0.392467;1.1;13.15;;2.922525;5.9;;;;;;;;
0.272407407;1.1;13.1667;;2.918125;5.9;;;;;;;;
0.387897815;1.6;13.1833;;2.913537938;5.9;;;;;;;;
0.580528;1.6;13.2;;2.890992687;5.9;;;;;;;;
0.797976704;1.6;13.2167;;2.88127025;5.9;;;;;;;;
1.033151704;1.6;13.2333;;2.879876543;5.9;;;;;;;;
1.279375;1.6;13.25;;2.868582674;5.9;;;;;;;;
11.96961719;11.9;13.2667;;2.863234963;5.8;;;;;;;;
11.71967441;11.9;13.2833;;2.849784188;5.8;;;;;;;;
11.476232;11.9;13.3;;2.847297035;5.8;;;;;;;;
11.24431107;11.9;13.3167;;2.823844446;5.8;;;;;;;;
11.02851852;11.9;13.3333;;2.823510802;5.8;;;;;;;;
2.066953;1;13.35;;2.823136407;5.8;;;;;;;;
2.238325037;1;13.3667;;2.82;5.8;;;;;;;;
2.38223337;1;13.3833;;2.80033442;5.8;;;;;;;;
2.495728;1;13.4;;2.798749604;5.8;;;;;;;;
2.576273148;1;13.4167;;2.798006889;5.8;;;;;;;;
0.021747259;1.6;13.4333;;2.787375927;5.7;;;;;;;;
0.030443;1.6;13.45;;2.778964623;5.7;;;;;;;;
0.001067259;1.6;13.4667;;2.76128;5.7;;;;;;;;
0.067258852;1.6;13.4833;;2.759588543;5.7;;;;;;;;
0.175;1.6;13.5;;2.757871582;5.7;;;;;;;;
5.92220663;7.2;13.5167;;2.752930185;5.7;;;;;;;;
6.108514963;7.2;13.5333;;2.750849617;5.7;;;;;;;;
6.333147;7.2;13.55;;2.740848;5.7;;;;;;;;
6.594910519;7.2;13.5667;;2.739863753;5.7;;;;;;;;
6.892199074;7.2;13.5833;;2.733918009;5.7;;;;;;;;
5.877008;5.9;13.6;;2.713554687;5.7;;;;;;;;
5.515145593;5.9;13.6167;;2.694350175;5.7;;;;;;;;
5.125062815;5.9;13.6333;;2.687942312;5.7;;;;;;;;
4.710023;5.9;13.65;;2.681886188;5.7;;;;;;;;
4.273703704;5.9;13.6667;;2.676262539;5.7;;;;;;;;
6.720196704;8.8;13.6833;;2.674512;5.6;;;;;;;;
6.254008;8.8;13.7;;2.673103299;5.6;;;;;;;;
5.780057815;8.8;13.7167;;2.653793556;5.6;;;;;;;;
5.303680593;8.8;13.7333;;2.648731192;5.6;;;;;;;;
4.830625;8.8;13.75;;2.640709478;5.6;;;;;;;;
17.63294607;13.2;13.7667;;2.629865926;5.6;;;;;;;;
18.08045552;13.2;13.7833;;2.624148688;5.6;;;;;;;;
18.504912;13.2;13.8;;2.62;5.6;;;;;;;;
18.89890996;13.2;13.8167;;2.615408;5.6;;;;;;;;
19.25462963;13.2;13.8333;;2.610767117;5.6;;;;;;;;
0.536163;6.9;13.85;;2.60808;5.5;;;;;;;;
0.282116148;6.9;13.8667;;2.602957299;5.5;;;;;;;;
0.092292259;6.9;13.8833;;2.58375;5.5;;;;;;;;
0.023832;6.9;13.9;;2.577165231;5.5;;;;;;;;
0.056365741;6.9;13.9167;;2.576273148;5.5;;;;;;;;
0.795003852;6.1;13.9333;;2.567688296;5.5;;;;;;;;
0.629027;6.1;13.95;;2.565330173;5.5;;;;;;;;
0.34730163;6.1;13.9667;;2.565249778;5.5;;;;;;;;
0.061720037;6.1;13.9833;;2.529185;5.5;;;;;;;;
0.61;6.1;14;;2.528633975;5.5;;;;;;;;
0.940524234;9.5;14.0167;;2.514938896;5.4;;;;;;;;
0.528193667;9.5;14.0333;;2.510365554;5.4;;;;;;;;
0.241452937;9.5;14.05;;2.50910875;5.4;;;;;;;;
0.069146074;9.5;14.0667;;2.507888;5.4;;;;;;;;
0.000516493;9.5;14.0833;;2.502078248;5.4;;;;;;;;
4.974793;4.5;14.1;;2.499340813;5.4;;;;;;;;
4.866740211;4.5;14.1167;;2.495728;5.4;;;;;;;;
4.684883556;4.5;14.1333;;2.489013547;5.4;;;;;;;;
4.438382063;4.5;14.15;;2.486412981;5.4;;;;;;;;
4.13599537;4.5;14.1667;;2.483072259;5.4;;;;;;;;
0.713916271;9;14.1833;;2.454549687;5.3;;;;;;;;
1.103392;9;14.2;;2.448225309;5.3;;;;;;;;
1.524870345;9;14.2167;;2.435585938;5.3;;;;;;;;
1.971189222;9;14.2333;;2.414269074;5.3;;;;;;;;
2.435585938;9;14.25;;2.400976562;5.3;;;;;;;;
18.28830281;12.2;14.2667;;2.389584;5.2;;;;;;;;
17.80644095;12.2;14.2833;;2.388770438;5.2;;;;;;;;
17.324393;12.2;14.3;;2.387530864;5.2;;;;;;;;
16.8473241;12.2;14.3167;;2.386757813;5.2;;;;;;;;
16.38;12.2;14.3333;;2.384357333;5.2;;;;;;;;
1.526787063;2.2;14.35;;2.38223337;5.1;;;;;;;;
1.091652259;2.2;14.3667;;2.372877037;5.1;;;;;;;;
0.678163174;2.2;14.3833;;2.356480988;5.1;;;;;;;;
0.289488;2.2;14.4;;2.354296875;5.1;;;;;;;;
0.071604456;2.2;14.4167;;2.348312;5.1;;;;;;;;
2.002744778;3.8;14.4333;;2.345924346;4.9;;;;;;;;
2.301962938;3.8;14.45;;2.334128;4.9;;;;;;;;
2.567688296;3.8;14.4667;;2.301962938;4.9;;;;;;;;
2.798749604;3.8;14.4833;;2.29597575;4.9;;;;;;;;
2.994375;3.8;14.5;;2.290100309;4.9;;;;;;;;
10.34580799;9.7;14.5167;;2.263395813;4.9;;;;;;;;
10.22177244;9.7;14.5333;;2.239411862;4.9;;;;;;;;
10.13309206;9.7;14.55;;2.238325037;4.9;;;;;;;;
10.07894115;9.7;14.5667;;2.228954825;4.9;;;;;;;;
10.05809462;9.7;14.5833;;2.224883556;4.9;;;;;;;;
7.931072;8.3;14.6;;2.20463735;4.8;;;;;;;;
7.890582567;8.3;14.6167;;2.203824;4.8;;;;;;;;
7.822860333;8.3;14.6333;;2.179459;4.8;;;;;;;;
7.730727937;8.3;14.65;;2.170042397;4.8;;;;;;;;
7.617407407;8.3;14.6667;;2.163345346;4.8;;;;;;;;
18.61347984;17.8;14.6833;;2.138902673;4.7;;;;;;;;
18.757913;17.8;14.7;;2.133232;4.7;;;;;;;;
18.91147188;17.8;14.7167;;2.132404469;4.7;;;;;;;;
19.06933689;17.8;14.7333;;2.121010802;4.7;;;;;;;;
19.22628906;17.8;14.75;;2.116296101;4.7;;;;;;;;
0.423289963;2;14.7667;;2.104403965;4.5;;;;;;;;
0.285417938;2;14.7833;;2.081754919;4.5;;;;;;;;
0.166512;2;14.8;;2.072736472;4.5;;;;;;;;
0.073388678;2;14.8167;;2.066953;4.5;;;;;;;;
0.013263889;2;14.8333;;2.062506269;4.5;;;;;;;;
0.606247063;1.4;14.85;;2.062032697;4.5;;;;;;;;
0.577129481;1.4;14.8667;;2.054645531;4.5;;;;;;;;
0.490969285;1.4;14.8833;;2.050946663;4.5;;;;;;;;
0.338953;1.4;14.9;;2.046630932;4.5;;;;;;;;
0.111867766;1.4;14.9167;;2.041509187;4.5;;;;;;;;
1.900101333;0.7;14.9333;;2.028880431;4.4;;;;;;;;
1.493642063;0.7;14.95;;2.010385731;4.4;;;;;;;;
0.982078926;0.7;14.9667;;2.00962963;4.4;;;;;;;;
0.354601507;0.7;14.9833;;2.002744778;4.4;;;;;;;;
0.4;0.7;15;;1.98543434;4.4;;;;;;;;
1.667444064;20.8;15.0167;;1.974183675;4.4;;;;;;;;
0.81578058;20.8;15.0333;;1.971189222;4.4;;;;;;;;
0.052070812;20.8;15.05;;1.961443154;4.4;;;;;;;;
0.933306272;20.8;15.0667;;1.946316148;4.4;;;;;;;;
1.825237751;20.8;15.0833;;1.940640432;4.4;;;;;;;;
5.574707;12.5;15.1;;1.933096889;4.3;;;;;;;;
4.668984434;12.5;15.1167;;1.905850839;4.3;;;;;;;;
3.75993521;12.5;15.1333;;1.900101333;4.3;;;;;;;;
2.849784188;12.5;15.15;;1.8899345;4.3;;;;;;;;
1.940640432;12.5;15.1667;;1.889703414;4.3;;;;;;;;
3.034497212;10.5;15.1833;;1.885802469;4.3;;;;;;;;
2.133232;10.5;15.2;;1.876680562;4.3;;;;;;;;
1.238606471;10.5;15.2167;;1.865380543;4.3;;;;;;;;
0.352266506;10.5;15.2333;;1.841875;4.3;;;;;;;;
0.524257813;10.5;15.25;;1.825237751;4.3;;;;;;;;
5.210447802;3.9;15.2667;;1.81;4.2;;;;;;;;
4.357681842;3.9;15.2833;;1.8005435;4.2;;;;;;;;
3.518627;3.9;15.3;;1.795980469;4.2;;;;;;;;
2.694350175;3.9;15.3167;;1.788125;4.2;;;;;;;;
1.885802469;3.9;15.3333;;1.77464;4.2;;;;;;;;
4.106180812;9.1;15.35;;1.774451875;4.2;;;;;;;;
4.88088016;9.1;15.3667;;1.770393519;4.2;;;;;;;;
5.637691862;9.1;15.3833;;1.72087735;4.2;;;;;;;;
6.376128;9.1;15.4;;1.705936;4.2;;;;;;;;
7.095816454;9.1;15.4167;;1.702973;4.2;;;;;;;;
4.103499099;2.8;15.4333;;1.687803965;4.1;;;;;;;;
3.421959187;2.8;15.45;;1.682601258;4.1;;;;;;;;
2.759588543;2.8;15.4667;;1.681711568;4.1;;;;;;;;
2.116296101;2.8;15.4833;;1.679092741;4.1;;;;;;;;
1.491875;2.8;15.5;;1.67;4.1;;;;;;;;
0.186002583;2.1;15.5167;;1.667444064;4.1;;;;;;;;
0.401759605;2.1;15.5333;;1.664816444;4.1;;;;;;;;
0.971965813;2.1;15.55;;1.66095129;4.1;;;;;;;;
1.525286086;2.1;15.5667;;1.660504786;4.1;;;;;;;;
2.062506269;2.1;15.5833;;1.660349875;4.1;;;;;;;;
10.384528;5.7;15.6;;1.657877972;4.1;;;;;;;;
10.89236871;5.7;15.6167;;1.655049258;4.1;;;;;;;;
11.38716164;5.7;15.6333;;1.647187753;4.1;;;;;;;;
11.87015581;5.7;15.65;;1.642912;4.1;;;;;;;;
12.34271605;5.7;15.6667;;1.626659875;4.1;;;;;;;;
6.693677027;13.8;15.6833;;1.617952;4;;;;;;;;
6.237427;13.8;15.7;;1.609217047;4;;;;;;;;
5.786821657;13.8;15.7167;;1.599802864;4;;;;;;;;
5.340032988;13.8;15.7333;;1.590560198;4;;;;;;;;
4.895117187;13.8;15.75;;1.584414545;4;;;;;;;;
8.250014654;17.6;15.7667;;1.5753125;4;;;;;;;;
7.80254999;17.6;15.7833;;1.574024084;4;;;;;;;;
7.350432;17.6;15.8;;1.568015324;4;;;;;;;;
6.891253694;17.6;15.8167;;1.554633321;4;;;;;;;;
6.422492284;17.6;15.8333;;1.553677198;4;;;;;;;;
2.041509187;13.7;15.85;;1.545550025;4;;;;;;;;
1.545550025;13.7;15.8667;;1.543028148;4;;;;;;;;
1.03174462;13.7;15.8833;;1.528083;4;;;;;;;;
0.497107;13.7;15.9;;1.526787063;4;;;;;;;;
0.061464603;13.7;15.9167;;1.525286086;4;;;;;;;;
1.647187753;12.7;15.9333;;1.524870345;4;;;;;;;;
2.263395813;12.7;15.95;;1.523633623;4;;;;;;;;
2.913537938;12.7;15.9667;;1.511909399;4;;;;;;;;
3.601179084;12.7;15.9833;;1.511668148;4;;;;;;;;
4.33;12.7;16;;1.507806771;4;;;;;;;;
4.633721792;27.5;16.0167;;1.507609563;4;;;;;;;;
5.251913111;27.5;16.0333;;1.494306843;4;;;;;;;;
5.794825125;27.5;16.05;;1.493642063;4;;;;;;;;
6.272325333;27.5;16.0667;;1.491875;4;;;;;;;;
6.693897569;27.5;16.0833;;1.484167506;4;;;;;;;;
5.231358;15.2;16.1;;1.462007603;3.9;;;;;;;;
4.894724875;15.2;16.1167;;1.456180125;3.9;;;;;;;;
4.587870222;15.2;16.1333;;1.442889995;3.9;;;;;;;;
4.302844875;15.2;16.15;;1.43617284;3.9;;;;;;;;
4.032083333;15.2;16.1667;;1.434450173;3.9;;;;;;;;
3.468403764;15.5;16.1833;;1.432395852;3.9;;;;;;;;
3.205008;15.5;16.2;;1.429300556;3.9;;;;;;;;
2.935481542;15.5;16.2167;;1.426543253;3.9;;;;;;;;
2.653793556;15.5;16.2333;;1.424374994;3.9;;;;;;;;
2.354296875;15.5;16.25;;1.419636188;3.9;;;;;;;;
1.331728;16.2;16.2667;;1.418554074;3.9;;;;;;;;
0.981207097;16.2;16.2833;;1.405834069;3.9;;;;;;;;
0.598238;16.2;16.3;;1.397714954;3.9;;;;;;;;
0.178708208;16.2;16.3167;;1.374730903;3.9;;;;;;;;
0.281111111;16.2;16.3333;;1.374484875;3.9;;;;;;;;
8.884565125;24.3;16.35;;1.367483625;3.8;;;;;;;;
9.434615333;24.3;16.3667;;1.365096395;3.8;;;;;;;;
10.03383957;24.3;16.3833;;1.362288987;3.8;;;;;;;;
10.684432;24.3;16.4;;1.344100741;3.8;;;;;;;;
11.38820312;24.3;16.4167;;1.331728;3.8;;;;;;;;
11.25342022;0.9;16.4333;;1.328774914;3.8;;;;;;;;
10.43939487;0.9;16.45;;1.328154161;3.8;;;;;;;;
9.569061333;0.9;16.4667;;1.316336;3.8;;;;;;;;
8.642143764;0.9;16.4833;;1.310864198;3.8;;;;;;;;
7.65875;0.9;16.5;;1.310447309;3.8;;;;;;;;
3.319371542;4.2;16.5167;;1.308697;3.8;;;;;;;;
2.224883556;4.2;16.5333;;1.306464;3.8;;;;;;;;
1.076544875;4.2;16.55;;1.301988327;3.8;;;;;;;;
0.124002;4.2;16.5667;;1.294118441;3.8;;;;;;;;
1.374730903;4.2;16.5833;;1.286049383;3.8;;;;;;;;
5.526768;4;16.6;;1.279375;3.7;;;;;;;;
4.183288208;4;16.6167;;1.277221562;3.7;;;;;;;;
2.798006889;4;16.6333;;1.2736545;3.7;;;;;;;;
1.374484875;4;16.65;;1.26814429;3.7;;;;;;;;
0.083333333;4;16.6667;;1.265808;3.7;;;;;;;;
2.028880431;7.6;16.6833;;1.260732037;3.6;;;;;;;;
0.515838;7.6;16.7;;1.260724344;3.6;;;;;;;;
1.017365125;7.6;16.7167;;1.252420312;3.6;;;;;;;;
2.565249778;7.6;16.7333;;1.250224;3.6;;;;;;;;
4.121953125;7.6;16.75;;1.238606471;3.6;;;;;;;;
17.01877133;30.3;16.7667;;1.23681;3.5;;;;;;;;
15.46355376;30.3;16.7833;;1.234648438;3.5;;;;;;;;
13.919408;30.3;16.8;;1.233615;3.5;;;;;;;;
12.39373154;30.3;16.8167;;1.224243827;3.5;;;;;;;;
10.89430556;30.3;16.8333;;1.219408;3.5;;;;;;;;
11.32929488;32.2;16.85;;1.21713837;3.5;;;;;;;;
9.907248;32.2;16.8667;;1.2028;3.5;;;;;;;;
8.537097097;32.2;16.8833;;1.202275469;3.5;;;;;;;;
7.228158;32.2;16.9;;1.192016;3.5;;;;;;;;
5.990130208;32.2;16.9167;;1.191256269;3.5;;;;;;;;
1.933096889;29.3;16.9333;;1.167213688;3.3;;;;;;;;
0.867524875;29.3;16.95;;1.166790123;3.3;;;;;;;;
0.095735333;29.3;16.9667;;1.166362229;3.3;;;;;;;;
0.945449569;29.3;16.9833;;1.1544165;3.3;;;;;;;;
1.67;29.3;17;;1.147892859;3.3;;;;;;;;
0.804344843;30.7;17.0167;;1.136021313;3.3;;;;;;;;
1.681711568;30.7;17.0333;;1.134947063;3.3;;;;;;;;
2.687942312;30.7;17.05;;1.132301859;3.3;;;;;;;;
3.809337679;30.7;17.0667;;1.13117284;3.3;;;;;;;;
5.032656732;30.7;17.0833;;1.119489875;3.3;;;;;;;;
10.054883;14.3;17.1;;1.11609125;3.2;;;;;;;;
8.665605527;14.3;17.1167;;1.109462638;3.2;;;;;;;;
7.211376395;14.3;17.1333;;1.103392;3.2;;;;;;;;
5.703602688;14.3;17.15;;1.098731563;3.2;;;;;;;;
4.153233025;14.3;17.1667;;1.091652259;3.2;;;;;;;;
9.170757564;7.7;17.1833;;1.082935901;3.2;;;;;;;;
7.566208;7.7;17.2;;1.076544875;3.2;;;;;;;;
5.949157564;7.7;17.2167;;1.069711198;3.2;;;;;;;;
4.328721025;7.7;17.2333;;1.060792741;3.2;;;;;;;;
2.713554687;7.7;17.25;;1.057635432;3.2;;;;;;;;
4.288143605;13.1;17.2667;;1.038196309;3.1;;;;;;;;
5.868634473;13.1;17.2833;;1.033151704;3.1;;;;;;;;
7.420637;13.1;17.3;;1.032528437;3.1;;;;;;;;
8.937328732;13.1;17.3167;;1.032136889;3.1;;;;;;;;
10.41234568;13.1;17.3333;;1.03174462;3.1;;;;;;;;
8.160217687;6.9;17.35;;1.029613432;3.1;;;;;;;;
6.785808432;6.9;17.3667;;1.028273988;3.1;;;;;;;;
5.469415157;6.9;17.3833;;1.024579;3.1;;;;;;;;
4.215568;6.9;17.4;;1.02421575;3.1;;;;;;;;
3.028338638;6.9;17.4167;;1.019752333;3.1;;;;;;;;
0.411340284;5.4;17.4333;;1.017967204;3.1;;;;;;;;
0.632272313;5.4;17.45;;1.017365125;3.1;;;;;;;;
1.599802864;5.4;17.4667;;1.016077583;3.1;;;;;;;;
2.489013547;5.4;17.4833;;1.00392316;3.1;;;;;;;;
3.298125;5.4;17.5;;1.002662037;3.1;;;;;;;;
1.974183675;11.4;17.5167;;0.995788;3.1;;;;;;;;
1.328774914;11.4;17.5333;;0.995258488;3.1;;;;;;;;
0.766052687;11.4;17.55;;0.994648438;3.1;;;;;;;;
0.285962506;11.4;17.5667;;0.991984562;3.1;;;;;;;;
0.112008584;11.4;17.5833;;0.990815012;3.1;;;;;;;;
3.371168;15.2;17.6;;0.989718619;3;;;;;;;;
3.134062379;15.2;17.6167;;0.984478494;3;;;;;;;;
2.97478621;15.2;17.6333;;0.983828125;3;;;;;;;;
2.890992687;15.2;17.65;;0.982078926;3;;;;;;;;
2.879876543;15.2;17.6667;;0.981728395;3;;;;;;;;
13.46182595;1.2;17.6833;;0.981207097;3;;;;;;;;
13.337837;1.2;17.7;;0.980896118;3;;;;;;;;
13.15233725;1.2;17.7167;;0.972697724;3;;;;;;;;
12.90996583;1.2;17.7333;;0.971965813;3;;;;;;;;
12.61582031;1.2;17.75;;0.971278935;3;;;;;;;;
0.424543247;11.5;17.7667;;0.97;2.9;;;;;;;;
0.805110342;11.5;17.7833;;0.96999842;2.9;;;;;;;;
1.219408;11.5;17.8;;0.9678125;2.9;;;;;;;;
1.660504786;11.5;17.8167;;0.962527407;2.9;;;;;;;;
2.121010802;11.5;17.8333;;0.949481302;2.9;;;;;;;;
5.106922312;3.8;17.85;;0.947830192;2.9;;;;;;;;
4.631601383;3.8;17.8667;;0.945449569;2.9;;;;;;;;
4.161791695;3.8;17.8833;;0.940524234;2.9;;;;;;;;
3.706717;3.8;17.9;;0.933607938;2.9;;;;;;;;
3.27605951;3.8;17.9167;;0.933306272;2.9;;;;;;;;
6.620040099;13.3;17.9333;;0.930389728;2.8;;;;;;;;
6.970982687;13.3;17.95;;0.920872099;2.8;;;;;;;;
7.265710654;13.3;17.9667;;0.904011106;2.8;;;;;;;;
7.492707934;13.3;17.9833;;0.900562938;2.8;;;;;;;;
7.64;13.3;18;;0.896694914;2.8;;;;;;;;
0.358343102;4;18.0167;;0.896165324;2.8;;;;;;;;
0.258222963;4;18.0333;;0.895667951;2.8;;;;;;;;
0.15894125;4;18.05;;0.884356296;2.8;;;;;;;;
0.059834074;4;18.0667;;0.874457753;2.8;;;;;;;;
0.039728009;4;18.0833;;0.872546778;2.8;;;;;;;;
0.75966;3.1;18.1;;0.867524875;2.7;;;;;;;;
0.657437546;3.1;18.1167;;0.860820312;2.7;;;;;;;;
0.553078519;3.1;18.1333;;0.856053136;2.7;;;;;;;;
0.44609125;3.1;18.15;;0.847899815;2.7;;;;;;;;
0.336018519;3.1;18.1667;;0.841337679;2.7;;;;;;;;
11.52243755;8.2;18.1833;;0.838298965;2.7;;;;;;;;
11.40496;8.2;18.2;;0.832591605;2.7;;;;;;;;
11.28323199;8.2;18.2167;;0.83;2.7;;;;;;;;
11.15693407;8.2;18.2333;;0.821087062;2.7;;;;;;;;
11.02578125;8.2;18.25;;0.818597136;2.7;;;;;;;;
14.41047704;17.1;18.2667;;0.81578058;2.7;;;;;;;;
14.5520569;17.1;18.2833;;0.812345451;2.7;;;;;;;;
14.69914;17.1;18.3;;0.805686187;2.7;;;;;;;;
14.85187356;17.1;18.3167;;0.805110342;2.7;;;;;;;;
15.01037037;17.1;18.3333;;0.804344843;2.7;;;;;;;;
6.57470875;8.5;18.35;;0.801987878;2.7;;;;;;;;
6.744932593;8.5;18.3667;;0.799743625;2.7;;;;;;;;
6.921051343;8.5;18.3833;;0.798393;2.7;;;;;;;;
7.10304;8.5;18.4;;0.797976704;2.7;;;;;;;;
7.29083912;8.5;18.4167;;0.795618173;2.7;;;;;;;;
0.615645185;0.4;18.4333;;0.795003852;2.7;;;;;;;;
0.41654125;0.4;18.45;;0.786065779;2.7;;;;;;;;
0.212011852;0.4;18.4667;;0.783489;2.7;;;;;;;;
0.002254213;0.4;18.4833;;0.783168;2.7;;;;;;;;
0.2125;0.4;18.5;;0.781176215;2.7;;;;;;;;
1.568015324;1.6;18.5167;;0.77475025;2.7;;;;;;;;
1.344100741;1.6;18.5333;;0.770585938;2.7;;;;;;;;
1.11609125;1.6;18.55;;0.769886444;2.7;;;;;;;;
0.884356296;1.6;18.5667;;0.766052687;2.7;;;;;;;;
0.649299769;1.6;18.5833;;0.75966;2.7;;;;;;;;
5.61136;6.8;18.6;;0.755763086;2.6;;;;;;;;
5.371009769;6.8;18.6167;;0.755318125;2.6;;;;;;;;
5.128756296;6.8;18.6333;;0.75423837;2.6;;;;;;;;
4.88514125;6.8;18.65;;0.753915188;2.6;;;;;;;;
4.640740741;6.8;18.6667;;0.751112076;2.6;;;;;;;;
0.896165324;3.3;18.6833;;0.745718519;2.5;;;;;;;;
0.65206;3.3;18.7;;0.731565827;2.5;;;;;;;;
0.409104213;3.3;18.7167;;0.731016173;2.5;;;;;;;;
0.168011852;3.3;18.7333;;0.729375;2.5;;;;;;;;
0.07046875;3.3;18.75;;0.727620901;2.5;;;;;;;;
4.705554815;1.1;18.7667;;0.713916271;2.5;;;;;;;;
4.93642912;1.1;18.7833;;0.707124333;2.5;;;;;;;;
5.16224;1.1;18.8;;0.701413333;2.5;;;;;;;;
5.382101343;1.1;18.8167;;0.697643062;2.5;;;;;;;;
5.595092593;1.1;18.8333;;0.697596;2.5;;;;;;;;
6.09974125;10.8;18.85;;0.683640099;2.4;;;;;;;;
5.90338963;10.8;18.8667;;0.683435284;2.4;;;;;;;;
5.716876435;10.8;18.8833;;0.67995416;2.4;;;;;;;;
5.54126;10.8;18.9;;0.678163174;2.4;;;;;;;;
5.377633102;10.8;18.9167;;0.672711765;2.4;;;;;;;;
2.372877037;3.2;18.9333;;0.662695265;2.4;;;;;;;;
2.50910875;3.2;18.95;;0.659281875;2.4;;;;;;;;
2.629865926;3.2;18.9667;;0.657437546;2.4;;;;;;;;
2.733918009;3.2;18.9833;;0.655961772;2.4;;;;;;;;
2.82;3.2;19;;0.65206;2.4;;;;;;;;
3.574924521;4.5;19.0167;;0.649313754;2.4;;;;;;;;
3.416596778;4.5;19.0333;;0.649299769;2.4;;;;;;;;
3.210216187;4.5;19.05;;0.649025;2.4;;;;;;;;
2.960784;4.5;19.0667;;0.647931238;2.4;;;;;;;;
2.673103299;4.5;19.0833;;0.645101875;2.4;;;;;;;;
9.248221;16.1;19.1;;0.643842299;2.4;;;;;;;;
9.598782146;16.1;19.1167;;0.641466629;2.4;;;;;;;;
9.974371556;16.1;19.1333;;0.637664;2.4;;;;;;;;
10.37097881;16.1;19.15;;0.632901312;2.4;;;;;;;;
10.78479167;16.1;19.1667;;0.632272313;2.4;;;;;;;;
1.687803965;3.2;19.1833;;0.631703332;2.4;;;;;;;;
1.250224;3.2;19.2;;0.629027;2.4;;;;;;;;
0.805686187;3.2;19.2167;;0.625226469;2.4;;;;;;;;
0.357210111;3.2;19.2333;;0.622946084;2.4;;;;;;;;
0.092382813;3.2;19.25;;0.621130601;2.4;;;;;;;;
13.75953067;11.1;19.2667;;0.615645185;2.3;;;;;;;;
13.31537563;11.1;19.2833;;0.610740562;2.3;;;;;;;;
12.877379;11.1;19.3;;0.61;2.3;;;;;;;;
12.44756952;11.1;19.3167;;0.608128;2.3;;;;;;;;
12.02777778;11.1;19.3333;;0.606247063;2.3;;;;;;;;
1.419636188;0.9;19.35;;0.606008143;2.3;;;;;;;;
1.024579;0.9;19.3667;;0.605121568;2.3;;;;;;;;
0.643842299;0.9;19.3833;;0.60404575;2.3;;;;;;;;
0.278464;0.9;19.4;;0.6002235;2.3;;;;;;;;
0.070716146;0.9;19.4167;;0.600115081;2.3;;;;;;;;
2.996943444;4.3;19.4333;;0.598238;2.2;;;;;;;;
2.681886188;4.3;19.45;;0.593745;2.2;;;;;;;;
2.384357333;4.3;19.4667;;0.589766914;2.2;;;;;;;;
2.104403965;4.3;19.4833;;0.584653444;2.2;;;;;;;;
1.841875;4.3;19.5;;0.580528;2.2;;;;;;;;
3.603578813;0.9;19.5167;;0.57967416;2.2;;;;;;;;
3.832504889;0.9;19.5333;;0.579661;2.2;;;;;;;;
4.045648812;0.9;19.55;;0.577129481;2.2;;;;;;;;
4.243954333;0.9;19.5667;;0.57375;2.2;;;;;;;;
4.428563368;0.9;19.5833;;0.572484556;2.2;;;;;;;;
16.200816;12.5;19.6;;0.572338068;2.1;;;;;;;;
16.36225048;12.5;19.6167;;0.565849529;2.1;;;;;;;;
16.51460322;12.5;19.6333;;0.556897691;2.1;;;;;;;;
16.65980881;12.5;19.65;;0.553078519;2.1;;;;;;;;
16.8;12.5;19.6667;;0.549538687;2.1;;;;;;;;
3.662492299;8.1;19.6833;;0.547870471;2.1;;;;;;;;
3.525139;8.1;19.7;;0.543065086;2.1;;;;;;;;
3.385212854;8.1;19.7167;;0.54198768;2.1;;;;;;;;
3.239788444;8.1;19.7333;;0.536163;2.1;;;;;;;;
3.085742187;8.1;19.75;;0.528193667;2.1;;;;;;;;
1.019752333;6.2;19.7667;;0.527617188;2.1;;;;;;;;
0.838298965;6.2;19.7833;;0.526289062;2.1;;;;;;;;
0.637664;6.2;19.8;;0.525917198;2.1;;;;;;;;
0.413931187;6.2;19.8167;;0.524257813;2.1;;;;;;;;
0.162986111;6.2;19.8333;;0.521969;2.1;;;;;;;;
12.61948381;6.3;19.85;;0.519127937;2.1;;;;;;;;
12.93798933;6.3;19.8667;;0.515838;2.1;;;;;;;;
13.29723937;6.3;19.8833;;0.507344;2.1;;;;;;;;
13.702141;6.3;19.9;;0.507168;2.1;;;;;;;;
14.15779948;6.3;19.9167;;0.505455247;2.1;;;;;;;;
4.530481778;12.9;19.9333;;0.504459259;2;;;;;;;;
3.957201188;12.9;19.95;;0.497107;2;;;;;;;;
3.316659;12.9;19.9667;;0.490969285;2;;;;;;;;
2.602957299;12.9;19.9833;;0.488948206;2;;;;;;;;
1.81;12.9;20;;0.48890625;2;;;;;;;;
1.657877972;8.1;20.0167;;0.488425184;2;;;;;;;;
1.060792741;8.1;20.0333;;0.487364242;2;;;;;;;;
0.60404575;8.1;20.05;;0.484461024;2;;;;;;;;
0.273445333;8.1;20.0667;;0.483380637;2;;;;;;;;
0.055306713;8.1;20.0833;;0.483278605;2;;;;;;;;
7.136452;0.9;20.1;;0.481865333;2;;;;;;;;
7.104210194;0.9;20.1167;;0.478095519;2;;;;;;;;
7.146417185;0.9;20.1333;;0.476244346;2;;;;;;;;
7.25141575;0.9;20.15;;0.474938272;2;;;;;;;;
7.408055556;0.9;20.1667;;0.471441875;2;;;;;;;;
1.494306843;10;20.1833;;0.471246748;1.9;;;;;;;;
1.265808;10;20.2;;0.463946074;1.9;;;;;;;;
1.016077583;10;20.2167;;0.461875;1.9;;;;;;;;
0.75423837;10;20.2333;;0.459316313;1.9;;;;;;;;
0.48890625;10;20.25;;0.457904;1.9;;;;;;;;
9.528190222;19.3;20.2667;;0.451078563;1.8;;;;;;;;
9.279692398;19.3;20.2833;;0.44837321;1.8;;;;;;;;
9.050508;19.3;20.3;;0.447620741;1.8;;;;;;;;
8.847225361;19.3;20.3167;;0.4473745;1.8;;;;;;;;
8.675925926;19.3;20.3333;;0.44609125;1.8;;;;;;;;
4.94218425;15.7;20.35;;0.442734375;1.8;;;;;;;;
4.851068;15.7;20.3667;;0.433131753;1.8;;;;;;;;
4.807137954;15.7;20.3833;;0.429949444;1.8;;;;;;;;
4.814448;15.7;20.4;;0.425752;1.8;;;;;;;;
4.876545139;15.7;20.4167;;0.424543247;1.8;;;;;;;;
14.70353052;4;20.4333;;0.423289963;1.7;;;;;;;;
14.52324575;4;20.45;;0.422160494;1.7;;;;;;;;
14.28057422;4;20.4667;;0.421915363;1.7;;;;;;;;
13.97399649;4;20.4833;;0.41654125;1.7;;;;;;;;
13.6025;4;20.5;;0.413931187;1.7;;;;;;;;
3.365579083;5.8;20.5167;;0.411340284;1.7;;;;;;;;
2.863234963;5.8;20.5333;;0.410442358;1.7;;;;;;;;
2.29597575;5.8;20.55;;0.409104213;1.7;;;;;;;;
1.664816444;5.8;20.5667;;0.406299525;1.7;;;;;;;;
0.971278935;5.8;20.5833;;0.404285231;1.7;;;;;;;;
21.017392;15;20.6;;0.402708333;1.7;;;;;;;;
20.20569131;15;20.6167;;0.401759605;1.7;;;;;;;;
19.33921941;15;20.6333;;0.4;1.7;;;;;;;;
18.42152575;15;20.65;;0.39875166;1.7;;;;;;;;
17.45666667;15;20.6667;;0.397773438;1.7;;;;;;;;
0.04920538;1.4;20.6833;;0.395289081;1.6;;;;;;;;
0.995788;1.4;20.7;;0.394551;1.6;;;;;;;;
2.072736472;1.4;20.7167;;0.392467;1.6;;;;;;;;
3.175556148;1.4;20.7333;;0.389892882;1.6;;;;;;;;
4.29765625;1.4;20.75;;0.389808;1.6;;;;;;;;
12.36806089;16.4;20.7667;;0.387897815;1.6;;;;;;;;
11.22919982;16.4;20.7833;;0.384512883;1.6;;;;;;;;
10.093872;16.4;20.8;;0.383167;1.6;;;;;;;;
8.97069575;16.4;20.8167;;0.377822222;1.6;;;;;;;;
7.868796296;16.4;20.8333;;0.369806007;1.6;;;;;;;;
0.00219425;9.6;20.85;;0.36712;1.6;;;;;;;;
1.032136889;9.6;20.8667;;0.362193623;1.6;;;;;;;;
2.010385731;9.6;20.8833;;0.359931579;1.6;;;;;;;;
2.925788;9.6;20.9;;0.358343102;1.6;;;;;;;;
3.766684028;9.6;20.9167;;0.357210111;1.6;;;;;;;;
1.679092741;15.8;20.9333;;0.355749875;1.4;;;;;;;;
1.02421575;15.8;20.95;;0.354601507;1.4;;;;;;;;
0.481865333;15.8;20.9667;;0.352266506;1.4;;;;;;;;
0.065728713;15.8;20.9833;;0.34730163;1.4;;;;;;;;
0.21;15.8;21;;0.346884741;1.4;;;;;;;;
0.600115081;10.6;21.0167;;0.344023901;1.4;;;;;;;;
0.429949444;10.6;21.0333;;0.338953;1.4;;;;;;;;
0.276801562;10.6;21.05;;0.336018519;1.4;;;;;;;;
0.138056296;10.6;21.0667;;0.335002272;1.4;;;;;;;;
0.011184896;10.6;21.0833;;0.333296;1.4;;;;;;;;
0.593745;9.9;21.1;;0.333057404;1.4;;;;;;;;
0.483380637;9.9;21.1167;;0.316592;1.4;;;;;;;;
0.377822222;9.9;21.1333;;0.312273;1.4;;;;;;;;
0.274886562;9.9;21.15;;0.31029755;1.4;;;;;;;;
0.172476852;9.9;21.1667;;0.306260373;1.4;;;;;;;;
2.868582674;7.1;21.1833;;0.303235283;1.4;;;;;;;;
2.76128;7.1;21.2;;0.302252049;1.4;;;;;;;;
2.648731192;7.1;21.2167;;0.289488;1.4;;;;;;;;
2.529185;7.1;21.2333;;0.28637008;1.4;;;;;;;;
2.400976562;7.1;21.25;;0.285962506;1.4;;;;;;;;
0.962527407;8.4;21.2667;;0.285417938;1.4;;;;;;;;
0.812345451;8.4;21.2833;;0.283158716;1.4;;;;;;;;
0.649025;8.4;21.3;;0.282116148;1.4;;;;;;;;
0.471246748;8.4;21.3167;;0.281111111;1.4;;;;;;;;
0.277777778;8.4;21.3333;;0.280534914;1.4;;;;;;;;
1.032528437;9.5;21.35;;0.278464;1.3;;;;;;;;
1.260732037;9.5;21.3667;;0.277777778;1.3;;;;;;;;
1.507806771;9.5;21.3833;;0.276801562;1.3;;;;;;;;
1.77464;9.5;21.4;;0.274886562;1.3;;;;;;;;
2.062032697;9.5;21.4167;;0.273445333;1.3;;;;;;;;
1.429300556;5.7;21.4333;;0.272407407;1.3;;;;;;;;
1.098731563;5.7;21.45;;0.2687635;1.3;;;;;;;;
0.745718519;5.7;21.4667;;0.268762056;1.3;;;;;;;;
0.369806007;5.7;21.4833;;0.263140926;1.3;;;;;;;;
0.029375;5.7;21.5;;0.262875313;1.3;;;;;;;;
1.147892859;4.1;21.5167;;0.260745457;1.3;;;;;;;;
0.701413333;4.1;21.5333;;0.259091753;1.3;;;;;;;;
0.231076563;4.1;21.55;;0.258222963;1.3;;;;;;;;
0.263140926;4.1;21.5667;;0.257283233;1.3;;;;;;;;
0.781176215;4.1;21.5833;;0.252070563;1.3;;;;;;;;
5.47712;2.7;21.6;;0.250987654;1.3;;;;;;;;
4.911983414;2.7;21.6167;;0.246170428;1.3;;;;;;;;
4.323736111;2.7;21.6333;;0.241452937;1.3;;;;;;;;
3.712786563;2.7;21.65;;0.233621136;1.3;;;;;;;;
3.07962963;2.7;21.6667;;0.233418975;1.3;;;;;;;;
10.92484656;11.2;21.6833;;0.231076563;1.2;;;;;;;;
10.249105;11.2;21.7;;0.229342313;1.2;;;;;;;;
9.55315897;11.2;21.7167;;0.222237;1.2;;;;;;;;
8.837848889;11.2;21.7333;;0.22091936;1.2;;;;;;;;
8.104101563;11.2;21.75;;0.218313;1.2;;;;;;;;
2.752930185;6.6;21.7667;;0.216785563;1.2;;;;;;;;
1.98543434;6.6;21.7833;;0.2125;1.2;;;;;;;;
1.2028;6.6;21.8;;0.212011852;1.2;;;;;;;;
0.406299525;6.6;21.8167;;0.211620938;1.2;;;;;;;;
0.402708333;6.6;21.8333;;0.21;1.2;;;;;;;;
1.277221562;9.1;21.85;;0.202948562;1.2;;;;;;;;
0.447620741;9.1;21.8667;;0.19809;1.2;;;;;;;;
0.389892882;9.1;21.8833;;0.197250549;1.2;;;;;;;;
1.233615;9.1;21.9;;0.194016988;1.2;;;;;;;;
2.081754919;9.1;21.9167;;0.193731011;1.2;;;;;;;;
14.06756444;26.1;21.9333;;0.188815605;1.2;;;;;;;;
13.21630656;26.1;21.95;;0.187901235;1.2;;;;;;;;
12.3665213;26.1;21.9667;;0.186813883;1.2;;;;;;;;
11.5203449;26.1;21.9833;;0.186002583;1.2;;;;;;;;
10.68;26.1;22;;0.178896198;1.2;;;;;;;;
2.170042397;31.8;22.0167;;0.178708208;1.1;;;;;;;;
3.044414654;31.8;22.0333;;0.178533468;1.1;;;;;;;;
3.941504187;31.8;22.05;;0.177970679;1.1;;;;;;;;
4.85972484;31.8;22.0667;;0.175;1.1;;;;;;;;
5.797516879;31.8;22.0833;;0.172476852;1.1;;;;;;;;
20.146653;4.9;22.1;;0.168011852;1.1;;;;;;;;
19.17429168;4.9;22.1167;;0.166714892;1.1;;;;;;;;
18.1868796;4.9;22.1333;;0.166512;1.1;;;;;;;;
17.18587081;4.9;22.15;;0.162986111;1.1;;;;;;;;
16.1726929;4.9;22.1667;;0.162686834;1.1;;;;;;;;
3.648747047;16.4;22.1833;;0.159324642;1.1;;;;;;;;
2.615408;16.4;22.2;;0.15894125;1.1;;;;;;;;
1.574024084;16.4;22.2167;;0.15654321;1.1;;;;;;;;
0.525917198;16.4;22.2333;;0.155925926;1.1;;;;;;;;
0.527617188;16.4;22.25;;0.15516333;1.1;;;;;;;;
5.414689975;9.4;22.2667;;0.147745235;1;;;;;;;;
4.354081306;9.4;22.2833;;0.147406443;1;;;;;;;;
3.291773;9.4;22.3;;0.141735007;1;;;;;;;;
2.228954825;9.4;22.3167;;0.14;1;;;;;;;;
1.166790123;9.4;22.3333;;0.13995982;1;;;;;;;;
3.293584187;12.8;22.35;;0.138976;1;;;;;;;;
4.351057617;12.8;22.3667;;0.138056296;1;;;;;;;;
5.404546101;12.8;22.3833;;0.136929495;1;;;;;;;;
6.452992;12.8;22.4;;0.136239187;1;;;;;;;;
7.495364101;12.8;22.4167;;0.135571661;1;;;;;;;;
6.969342383;2.7;22.4333;;0.134819221;1;;;;;;;;
5.942105813;2.7;22.45;;0.127223529;1;;;;;;;;
4.923878123;2.7;22.4667;;0.125312;1;;;;;;;;
3.915584825;2.7;22.4833;;0.124002;1;;;;;;;;
2.918125;2.7;22.5;;0.123002;1;;;;;;;;
4.432371306;5.2;22.5167;;0.122025353;0.9;;;;;;;;
3.459169975;5.2;22.5333;;0.117989407;0.9;;;;;;;;
2.499340813;5.2;22.55;;0.11356958;0.9;;;;;;;;
1.553677198;5.2;22.5667;;0.113221451;0.9;;;;;;;;
0.622946084;5.2;22.5833;;0.112008584;0.9;;;;;;;;
2.507888;8;22.6;;0.111867766;0.9;;;;;;;;
1.609217047;8;22.6167;;0.11;0.9;;;;;;;;
0.727620901;8;22.6333;;0.108085938;0.9;;;;;;;;
0.136239187;8;22.65;;0.107400428;0.9;;;;;;;;
0.981728395;8;22.6667;;0.105863906;0.9;;;;;;;;
5.491761677;15.3;22.6833;;0.105483061;0.9;;;;;;;;
4.684813;15.3;22.7;;0.100088735;0.9;;;;;;;;
3.897981121;15.3;22.7167;;0.098915679;0.9;;;;;;;;
3.13179516;15.3;22.7333;;0.095735333;0.9;;;;;;;;
2.386757813;15.3;22.75;;0.0945055;0.9;;;;;;;;
2.163345346;15.8;22.7667;;0.092776691;0.9;;;;;;;;
1.462007603;15.8;22.7833;;0.0924435;0.9;;;;;;;;
0.783168;15.8;22.8;;0.092382813;0.9;;;;;;;;
0.127223529;15.8;22.8167;;0.092292259;0.9;;;;;;;;
0.505455247;15.8;22.8333;;0.092143883;0.9;;;;;;;;
3.385475812;20.3;22.85;;0.091412687;0.7;;;;;;;;
2.80033442;20.3;22.8667;;0.08904;0.7;;;;;;;;
2.239411862;20.3;22.8833;;0.083333333;0.7;;;;;;;;
1.702973;20.3;22.9;;0.080976562;0.7;;;;;;;;
1.191256269;20.3;22.9167;;0.078131938;0.7;;;;;;;;
11.59552632;8;22.9333;;0.07617442;0.7;;;;;;;;
12.05718919;8;22.95;;0.073388678;0.7;;;;;;;;
12.49357317;8;22.9667;;0.071639704;0.7;;;;;;;;
12.90454555;8;22.9833;;0.071604456;0.7;;;;;;;;
13.29;8;23;;0.070716146;0.7;;;;;;;;
4.024696539;19.7;23.0167;;0.070651296;0.6;;;;;;;;
3.331237963;19.7;23.0333;;0.07046875;0.6;;;;;;;;
2.454549687;19.7;23.05;;0.069146074;0.6;;;;;;;;
1.418554074;19.7;23.0667;;0.067258852;0.6;;;;;;;;
0.246170428;19.7;23.0833;;0.06587842;0.6;;;;;;;;
7.659315;11;23.1;;0.065728713;0.6;;;;;;;;
6.278900984;11;23.1167;;0.0633055;0.6;;;;;;;;
4.824838519;11;23.1333;;0.06278975;0.6;;;;;;;;
3.316034687;11;23.15;;0.061720037;0.6;;;;;;;;
1.770393519;11;23.1667;;0.061464603;0.6;;;;;;;;
16.70481598;5.5;23.1833;;0.059834074;0.5;;;;;;;;
15.1352;5.5;23.2;;0.05980951;0.5;;;;;;;;
13.57644043;5.5;23.2167;;0.058240049;0.5;;;;;;;;
12.04242907;5.5;23.2333;;0.056365741;0.5;;;;;;;;
10.54605469;5.5;23.25;;0.055397859;0.5;;;;;;;;
7.099202963;3.5;23.2667;;0.055306713;0.4;;;;;;;;
5.712756539;3.5;23.2833;;0.053766397;0.4;;;;;;;;
4.396595;3.5;23.3;;0.053198658;0.4;;;;;;;;
3.159594873;3.5;23.3167;;0.052070812;0.4;;;;;;;;
2.00962963;3.5;23.3333;;0.04920538;0.4;;;;;;;;
5.646430313;3.1;23.35;;0.046850191;0.4;;;;;;;;
6.602717593;3.1;23.3667;;0.045097508;0.4;;;;;;;;
7.454367905;3.1;23.3833;;0.044421779;0.4;;;;;;;;
8.19752;3.1;23.4;;0.044176;0.4;;;;;;;;
8.829315683;3.1;23.4167;;0.04125;0.4;;;;;;;;
0.847899815;5.4;23.4333;;0.039728009;0.3;;;;;;;;
1.252420312;5.4;23.45;;0.036011875;0.3;;;;;;;;
1.543028148;5.4;23.4667;;0.035898438;0.3;;;;;;;;
1.72087735;5.4;23.4833;;0.030887346;0.3;;;;;;;;
1.788125;5.4;23.5;;0.030443;0.3;;;;;;;;
0.647931238;6.5;23.5167;;0.030272;0.3;;;;;;;;
0.504459259;6.5;23.5333;;0.029737284;0.3;;;;;;;;
0.262875313;6.5;23.55;;0.029375;0.3;;;;;;;;
0.070651296;6.5;23.5667;;0.02890625;0.3;;;;;;;;
0.488948206;6.5;23.5833;;0.028848438;0.3;;;;;;;;
6.28384;11.8;23.6;;0.02618458;0.3;;;;;;;;
6.846148206;11.8;23.6167;;0.024880893;0.3;;;;;;;;
7.465691296;11.8;23.6333;;0.023832;0.3;;;;;;;;
8.131284688;11.8;23.65;;0.022294078;0.3;;;;;;;;
8.830740741;11.8;23.6667;;0.021747259;0.3;;;;;;;;
3.649131238;1.4;23.6833;;0.021728;0.2;;;;;;;;
2.922525;1.4;23.7;;0.019843;0.2;;;;;;;;
2.20463735;1.4;23.7167;;0.018568351;0.2;;;;;;;;
1.511668148;1.4;23.7333;;0.017114198;0.2;;;;;;;;
0.860820312;1.4;23.75;;0.016662809;0.2;;;;;;;;
5.870299815;7;23.7667;;0.013263889;0.2;;;;;;;;
5.359315683;7;23.7833;;0.011184896;0.2;;;;;;;;
4.94808;7;23.8;;0.009463506;0.2;;;;;;;;
4.657807905;7;23.8167;;0.008478617;0.2;;;;;;;;
4.510717593;7;23.8333;;0.006754782;0.2;;;;;;;;
5.569969687;3.1;23.85;;0.002503;0.1;;;;;;;;
5.36002963;3.1;23.8667;;0.002254213;0.1;;;;;;;;
4.934234873;3.1;23.8833;;0.00219425;0.1;;;;;;;;
4.266355;3.1;23.9;;0.002179;0.1;;;;;;;;
3.329156539;3.1;23.9167;;0.001736649;0.1;;;;;;;;
5.894402963;6.9;23.9333;;0.001592889;0;;;;;;;;
4.332854688;6.9;23.95;;0.001067259;0;;;;;;;;
2.414269074;6.9;23.9667;;0.000642765;0;;;;;;;;
0.107400428;6.9;23.9833;;0.000516493;0;;;;;;;;
2.62;6.9;24;;0;0;;;;;;;;
