Imbalance continuous,timestep_fractional,Imbalance discrete
3.580000000000041,0,20.100000000000023
1.4058340686726751,0.0167,20.100000000000023
0.5796741604937097,0.0333,20.100000000000023
2.3887704375000567,0.05,20.100000000000023
4.033340641975201,0.0667,20.100000000000023
5.5249107831790525,0.0833,20.100000000000023
9.52535300000011,0.1,3.7000000000000455
8.306644439043112,0.1167,3.7000000000000455
7.208517135802595,0.1333,3.7000000000000455
6.220884562500032,0.15,3.7000000000000455
5.334020061728438,0.1667,3.7000000000000455
1.9614431535494532,0.1833,10.200000000000045
2.6745119999998224,0.2,10.200000000000045
3.3138335239196977,0.2167,10.200000000000045
3.8876949012346813,0.2333,10.200000000000045
4.404023437499973,0.25,10.200000000000045
1.0296134320989268,0.2667,4.300000000000068
0.6060081427468731,0.2833,4.300000000000068
0.21831299999985276,0.3,4.300000000000068
0.13995982021617692,0.3167,4.300000000000068
0.4749382716048558,0.3333,4.300000000000068
1.5076095625001926,0.35,2
1.2022754691356567,0.3667,2
0.904011105710083,0.3833,2
0.6081280000000788,0.4,2
0.310297550154246,0.4167,2
3.593448975308661,0.4333,5.600000000000023
3.906720437499871,0.45,5.600000000000023
4.232765827160506,0.4667,5.600000000000023
4.574474264660694,0.4833,5.600000000000023
4.9343750000000455,0.5,5.600000000000023
6.885362587191253,0.5167,6.599999999999909
6.482928987654304,0.5333,6.599999999999909
6.0568745624999565,0.55,6.599999999999909
5.606109543209868,0.5667,6.599999999999909
5.1299040316357605,0.5833,6.599999999999909
9.072111999999947,0.6,7.100000000000023
9.599948709104865,0.6167,7.100000000000023
10.153256382715995,0.6333,7.100000000000023
10.731325437500004,0.65,7.100000000000023
11.333086419753045,0.6667,7.100000000000023
1.4428899945987723,0.6833,6.2999999999999545
0.7983929999999191,0.7,6.2999999999999545
0.13557166126543052,0.7167,6.2999999999999545
0.5430650864198014,0.7333,6.2999999999999545
1.2346484375000273,0.75,6.2999999999999545
7.064050283950564,0.7667,15.299999999999955
6.356619624228415,0.7833,15.299999999999955
5.647007999999914,0.8,15.299999999999955
4.939523698302423,0.8167,15.299999999999955
4.238834876543251,0.8333,15.299999999999955
3.1500304375001633,0.85,8.599999999999909
3.8216843456790457,0.8667,8.599999999999909
4.470379079475379,0.8833,8.599999999999909
5.090007000000014,0.9,8.599999999999909
5.674100597993856,0.9167,8.599999999999909
1.4841675061727528,0.9333,16.299999999999955
0.9919845624999653,0.95,16.299999999999955
0.5568976913580173,0.9667,16.299999999999955
0.1868138834876163,0.9833,16.299999999999955
0.11000000000001364,1,16.299999999999955
1.1323018587961542,1.0167,8
0.8725467777777567,1.0333,8
0.6107405624998137,1.05,8
0.34688474074062015,1.0667,8
0.08097656249981355,1.0833,8
9.886990999999966,1.1,17.700000000000045
10.157029252314942,1.1167,17.700000000000045
10.429153777777742,1.1333,17.700000000000045
10.703384437500176,1.15,17.700000000000045
10.979745370370438,1.1667,17.700000000000045
0.14173500694448649,1.1833,6.2999999999999545
0.13897599999984322,1.2,6.2999999999999545
0.4219153634257964,1.2167,6.2999999999999545
0.7071243333334678,1.2333,6.2999999999999545
0.9946484375000182,1.25,6.2999999999999545
5.215462518518734,1.2667,0.20000000000004547
4.923154451388768,1.2833,0.20000000000004547
4.628368999999907,1.3,0.20000000000004547
4.331043525462974,1.3167,0.20000000000004547
4.031111111111272,1.3333,0.20000000000004547
3.128500562499994,1.35,0.39999999999997726
2.8231364074073326,1.3667,0.39999999999997726
2.514938895833552,1.3833,0.39999999999997726
2.203824000000054,1.4,0.39999999999997726
1.889703414351743,1.4167,0.39999999999997726
0.5724845555556612,1.4333,1.3999999999999773
0.2520705625001938,1.45,1.3999999999999773
0.07163970370368133,1.4667,1.3999999999999773
0.398751659722393,1.4833,1.3999999999999773
0.7293750000000045,1.5,1.3999999999999773
8.763623696759282,1.5167,9.100000000000023
9.101616000000035,1.5333,9.100000000000023
9.443474437499958,1.55,9.100000000000023
9.789325814814788,1.5667,9.100000000000023
10.139301215277783,1.5833,9.100000000000023
1.3064640000002328,1.6,2.7000000000000455
0.9478301921296861,1.6167,2.7000000000000455
0.5846534444444842,1.6333,2.7000000000000455
0.21678556250003567,1.65,2.7000000000000455
0.15592592592588517,1.6667,2.7000000000000455
1.1663622291666798,1.6833,4.399999999999977
0.7834890000000314,1.7,4.399999999999977
0.3952890810185181,1.7167,4.399999999999977
0.0015928888889220616,1.7333,4.399999999999977
0.39777343750006366,1.75,4.399999999999977
6.502988037036971,1.7667,1.2999999999999545
6.914233326388853,1.7833,1.2999999999999545
7.331695999999965,1.8,1.2999999999999545
7.755567030092493,1.8167,1.2999999999999545
8.186041666666597,1.8333,1.2999999999999545
1.8766805624999847,1.85,9.199999999999989
1.4323958518518225,1.8667,9.199999999999989
0.9808961180555684,1.8833,9.199999999999989
0.5219689999999559,1.9,9.199999999999989
0.05539785879631154,1.9167,9.199999999999989
18.280961777777748,1.9333,27.899999999999977
17.798435562500003,1.95,27.899999999999977
17.307589740740696,1.9667,27.899999999999977
16.80819056249993,1.9833,27.899999999999977
16.299999999999955,2,27.899999999999977
4.275688843364378,2.0167,22.30000000000001
4.967627419753114,2.0333,22.30000000000001
5.761536312500084,2.05,22.30000000000001
6.643686123456803,2.0667,22.30000000000001
7.60089747299395,2.0833,22.30000000000001
2.1794590000000085,2.1,11.5
1.109462638117236,2.1167,11.5
0.0006427654320191323,2.1333,11.5
1.1360213125001337,2.15,11.5
2.290100308641854,2.1667,11.5
13.34828504552462,2.1833,5.300000000000011
12.188464000000124,2.2,5.300000000000011
11.039215786265345,2.2167,5.300000000000011
9.908769617283781,2.2333,5.300000000000011
8.804804687499995,2.25,5.300000000000011
1.4344501728396608,2.2667,1
0.4042852307097746,2.2833,1
0.579661000000101,2.3,1
1.5119093989197268,2.3167,1
2.3875308641974016,2.3333,1
11.502146312500088,2.35,9.300000000000011
12.251926679012456,2.3667,9.300000000000011
12.933592917438148,2.3833,9.300000000000011
13.544415999999956,2.4,9.300000000000011
14.082216917438416,2.4167,9.300000000000011
1.554633320987648,2.4333,6.800000000000011
1.167213687500066,2.45,6.800000000000011
0.8560531358024832,2.4667,6.800000000000011
0.6211306010800399,2.4833,6.800000000000011
0.4618749999999636,2.5,6.800000000000011
2.577165230709852,2.5167,9
2.565330172839424,2.5333,9
2.6241486875000533,2.55,9
2.7508496172839045,2.5667,9
2.942111786265457,2.5833,9
1.7059359999998946,2.6,4.100000000000023
1.3977149544753047,2.6167,4.100000000000023
1.038196308642,2.6333,4.100000000000023
0.632901312499996,2.65,4.100000000000023
0.18790123456790297,2.6667,4.100000000000023
6.209817361882699,2.6833,2.3999999999999773
5.7058210000000145,2.7,2.3999999999999773
5.183633472993847,2.7167,2.3999999999999773
4.65152612345679,2.7333,2.3999999999999773
4.118320312499975,2.75,2.3999999999999773
10.306612580246906,2.7667,11.5
10.813351156635747,2.7833,11.5
11.29142399999995,2.8,11.5
11.729809675154286,2.8167,11.5
12.116936728395046,2.8333,11.5
0.45931631250010696,2.85,1.3999999999999773
0.21162093827166473,2.8667,1.3999999999999773
0.05319865817904201,2.8833,1.3999999999999773
0.0021790000000123655,2.9,1.3999999999999773
0.0598095100309024,2.9167,1.3999999999999773
12.645964246913536,2.9333,11.5
12.304078687499953,2.95,11.5
11.798562209876536,2.9667,11.5
11.11289319367279,2.9833,11.5
10.229999999999961,3,11.5
7.3172411080248025,3.0167,13.399999999999977
8.185119950617263,3.0333,13.399999999999977
8.976849750000099,3.05,13.399999999999977
9.695616987654319,3.0667,13.399999999999977
10.344581404321104,3.0833,13.399999999999977
5.373124000000018,3.1,2.8999999999999773
4.854392966049318,3.1167,2.8999999999999773
4.396145975308627,3.1333,2.8999999999999773
3.9953302499998244,3.15,2.8999999999999773
3.6489197530864317,3.1667,2.8999999999999773
0.7539151882716055,3.1833,0.30000000000001137
0.5073440000001028,3.2,0.30000000000001137
0.306260373456837,3.2167,0.30000000000001137
0.14774523456776478,3.2333,0.30000000000001137
0.028906250000034106,3.25,0.30000000000001137
4.353122172839392,3.2667,4
4.401178885802494,3.2833,4
4.418076000000042,3.3,4
4.406598885802509,3.3167,4
4.369506172839465,3.3333,4
3.8095297500000243,3.35,3.5
3.729374765432226,3.3667,3.5
3.631719626543088,3.3833,3.5
3.519215999999915,3.4,3.5
3.394488811728479,3.4167,3.5
2.739863753086354,3.4333,2.5
2.8812702500001137,3.45,2.5
3.0271859753086687,3.4667,2.5
3.175092966049249,3.4833,2.5
3.322499999999991,3.5,2.5
0.3330574043210959,3.5167,1.3000000000000114
0.1940169876543223,3.5333,1.3000000000000114
0.062789749999979,3.55,1.3000000000000114
0.05824004938267535,3.5667,1.3000000000000114
0.166714891975289,3.5833,1.3000000000000114
4.039695999999935,3.6,5.600000000000023
3.963296663580195,3.6167,5.600000000000023
3.9063643950617575,3.6333,5.600000000000023
3.8711497499999723,3.65,5.600000000000023
3.8598765432098503,3.6667,5.600000000000023
10.525258151234539,3.6833,8.800000000000011
10.482083999999986,3.7,8.800000000000011
10.408457410493895,3.7167,8.800000000000011
10.3022615308642,3.7333,8.800000000000011
10.161406250000027,3.75,8.800000000000011
15.383828197530875,3.7667,14.199999999999989
15.167490743827159,3.7833,14.199999999999989
14.910384000000079,3.8,14.199999999999989
14.610524817901307,3.8167,14.199999999999989
14.265956790123482,3.8333,14.199999999999989
0.7747502499999541,3.85,1.1000000000000227
0.3350022716049921,3.8667,1.1000000000000227
0.15516333024686446,3.8833,1.1000000000000227
0.6975959999999759,3.9,1.1000000000000227
1.2941184413580231,3.9167,1.1000000000000227
5.346526617283928,3.9333,2.3000000000000114
6.0565897500000005,3.95,2.3000000000000114
6.82605032098769,3.9667,2.3000000000000114
7.656624070987675,3.9833,2.3000000000000114
8.550000000000011,4,2.3000000000000114
0.8019878780862655,4.0167,0
0.09891567901235021,4.0333,0
0.4714418750000391,4.05,0
0.9208720987654146,4.0667,0
1.2607243441358946,4.0833,0
0.19809000000009291,4.1,1.7000000000000455
0.04509750771603649,4.1167,1.7000000000000455
0.02973728395056696,4.1333,1.7000000000000455
0.03601187500004244,4.15,1.7000000000000455
0.017114197530929687,4.1667,1.7000000000000455
0.22091935956785846,4.1833,1.8000000000000114
0.3671200000001136,4.2,1.8000000000000114
0.5478704706790154,4.2167,1.8000000000000114
0.7557630864196767,4.2333,1.8000000000000114
0.9838281250000023,4.25,1.8000000000000114
8.325533827160655,4.2667,8.900000000000034
8.574786396604964,4.2833,8.900000000000034
8.825929999999858,4.3,8.900000000000034
9.073746766975262,4.3167,8.900000000000034
9.31345679012361,4.3333,8.900000000000034
0.6592818749999765,4.35,1.2999999999999545
0.44837320987670637,4.3667,1.2999999999999545
0.2572832330245092,4.3833,1.2999999999999545
0.08903999999989765,4.4,1.2999999999999545
0.053766396604828515,4.4167,1.2999999999999545
0.7310161728395315,4.4333,2.1999999999999886
0.6451018749999093,4.45,2.1999999999999886
0.5897669135803199,4.4667,2.1999999999999886
0.5658495293211558,4.4833,2.1999999999999886
0.5737500000000182,4.5,2.1999999999999886
4.486569359567852,4.5167,2.900000000000034
4.4155841975309045,4.5333,2.900000000000034
4.314208124999993,4.55,2.900000000000034
4.183792716049425,4.5667,2.900000000000034
4.026127507716012,4.5833,2.900000000000034
10.756559999999979,4.6,11.699999999999989
10.961604344135765,4.6167,11.699999999999989
11.185902098765439,4.6333,11.699999999999989
11.425911875000054,4.65,11.699999999999989
11.677654320987642,4.6667,11.699999999999989
5.73671212191357,4.6833,5.5
5.998230000000035,4.7,5.5
6.256914714506252,4.7167,5.5
6.507035061728402,4.7333,5.5
6.742421874999991,4.75,5.5
2.9435319753086446,4.7667,4.400000000000034
2.7578715817900843,4.7833,4.400000000000034
2.6080800000000295,4.8,4.400000000000034
2.502078248456826,4.8167,4.400000000000034
2.448225308641952,4.8333,4.400000000000034
0.7553181249999739,4.85,2.7000000000000455
0.8325916049382727,4.8667,2.7000000000000455
0.9897186188271689,4.8833,2.7000000000000455
1.2368099999999913,4.9,2.7000000000000455
1.5844145447530877,4.9167,2.7000000000000455
2.3564809876543222,4.9333,1.6999999999999886
1.7744518750000111,4.95,1.6999999999999886
1.0576354320987775,4.9667,1.6999999999999886
0.19373101080253718,4.9833,1.6999999999999886
0.8299999999999841,5,1.6999999999999886
7.150582744598978,5.0167,4.699999999999989
6.29940539506174,5.0333,4.699999999999989
5.603402312500066,5.05,4.699999999999989
5.049938172839461,5.0667,4.699999999999989
4.626807966821048,5.0833,4.699999999999989
0.22223699999995006,5.1,0.5999999999999659
0.02488089274692129,5.1167,0.5999999999999659
0.07617441975315842,5.1333,0.5999999999999659
0.0914126874999397,5.15,0.5999999999999659
0.030887345679104783,5.1667,0.5999999999999659
7.89577848533952,5.1833,8.399999999999977
8.07939199999987,5.2,8.399999999999977
8.311190707561764,5.2167,8.399999999999977
8.5828424320988,5.2333,8.399999999999977
8.886445312499973,5.25,8.399999999999977
5.985472197531067,5.2667,6.800000000000011
5.639951329475309,5.2833,6.800000000000011
5.283602999999914,5.3,6.800000000000011
4.92260781095672,5.3167,6.800000000000011
4.5627160493828,5.3333,6.800000000000011
3.309247687499976,5.35,5.900000000000034
2.9670923827159754,5.3667,5.900000000000034
2.640709477623659,5.3833,5.900000000000034
2.334128000000078,5.4,5.900000000000034
2.050946662808542,5.4167,5.900000000000034
17.005666135802528,5.4333,12.899999999999977
17.232972312499896,5.45,12.899999999999977
17.42866409876541,5.4667,12.899999999999977
17.590864040895212,5.4833,12.899999999999977
17.718125000000043,5.5,12.899999999999977
9.890569847993845,5.5167,14.800000000000011
9.835807012345697,5.5333,14.800000000000011
9.817742687500015,5.55,14.800000000000011
9.83610275308638,5.5667,14.800000000000011
9.890182773919776,5.5833,14.800000000000011
13.421151999999893,5.6,8.599999999999966
13.299466633487611,5.6167,8.599999999999966
13.146756506172835,5.6333,8.599999999999966
12.965447312499975,5.65,8.599999999999966
12.758395061728379,5.6667,8.599999999999966
13.628886077932123,5.6833,9.699999999999989
13.380637000000036,5.7,9.699999999999989
13.11779478163578,5.7167,9.699999999999989
12.844936691357987,5.7333,9.699999999999989
12.567070312499993,5.75,9.699999999999989
6.010366456790109,5.7667,8.600000000000023
6.2815054035493745,5.7833,8.600000000000023
6.540048000000013,5.8,8.600000000000023
6.779265403549402,5.8167,8.600000000000023
6.9919984567901565,5.8333,8.600000000000023
0.22934231250002313,5.85,1.2000000000000455
0.0927766913580399,5.8667,1.2000000000000455
0.006754781635777363,5.8833,1.2000000000000455
0.019842999999980293,5.9,1.2000000000000455
0.02229407793208793,5.9167,1.2000000000000455
5.9570929382716145,5.9333,7.300000000000011
5.747832687499965,5.95,7.300000000000011
5.439323493827089,5.9667,7.300000000000011
5.020533366512268,5.9833,7.300000000000011
4.479999999999961,6,7.300000000000011
0.19725054938288622,6.0167,20.100000000000023
0.4331317530864567,6.0333,20.100000000000023
0.44737450000002354,6.05,20.100000000000023
0.25909175308640897,6.0667,20.100000000000023
0.11322145061717492,6.0833,20.100000000000023
2.3483120000000213,6.1,17.100000000000023
1.6609512901235348,6.1167,17.100000000000023
0.8413376790123266,6.1333,17.100000000000023
0.09450549999996838,6.15,17.100000000000023
1.1311728395062346,6.1667,17.100000000000023
13.546123141975386,6.1833,1.3000000000000114
12.351551999999913,6.2,1.3000000000000114
11.098665364197473,6.2167,1.3000000000000114
9.800396938271717,6.2333,1.3000000000000114
8.469062500000007,6.25,1.3000000000000114
0.6836400987655225,6.2667,9.100000000000023
2.046630932098765,6.2833,9.100000000000023
3.4094479999999407,6.3,9.100000000000023
4.76224722839504,6.3167,9.100000000000023
6.09580246913589,6.3333,9.100000000000023
3.798494499999947,6.35,2.099999999999966
2.5286339753087645,6.3667,2.099999999999966
1.301988327160359,6.3833,2.099999999999966
0.1253119999998944,6.4,2.099999999999966
0.995258487654155,6.4167,2.099999999999966
8.345795456790142,6.4333,12.5
7.353374499999916,6.45,12.5
6.431761382716104,6.4667,12.5
5.584620919753377,6.4833,12.5
4.815000000000055,6.5,12.5
10.77467241358022,6.5167,2.400000000000034
11.382585283950618,6.5333,2.400000000000034
11.907545500000026,6.55,2.400000000000034
12.348977876543188,6.5667,2.400000000000034
12.706925154321027,6.5833,2.400000000000034
1.6179519999999457,6.6,12.199999999999989
1.4243749938271435,6.6167,12.199999999999989
1.310447308641983,6.6333,12.199999999999989
1.2736545000000206,6.65,12.199999999999989
1.3108641975308615,6.6667,12.199999999999989
9.581673895061726,6.6833,1.1999999999999886
9.408327999999983,6.7,1.1999999999999886
9.1740842654321,6.7167,1.1999999999999886
8.884546765432106,6.7333,1.1999999999999886
8.54593749999998,6.75,1.1999999999999886
1.3650963950616415,6.7667,8
0.9494813024691666,6.7833,8
0.5071679999999787,6.8,8
0.046850191357975746,6.8167,8
0.4221604938271639,6.8333,8
1.8899345000000949,6.85,9
2.345924345679066,6.8667,9
2.7789646234568295,6.8833,9
3.177272000000073,6.9,9
3.5284452160494197,6.9167,9
0.2805349135802544,6.9333,4.899999999999977
0.06330550000001267,6.95,4.899999999999977
0.06587841975311903,6.9667,4.899999999999977
0.09214388271607277,6.9833,4.899999999999977
0,7,4.899999999999977
0.5495386867282832,7.0167,3.1000000000000227
0.6834352839505868,7.0333,3.1000000000000227
0.7997436249999623,7.05,3.1000000000000227
0.8966949135802906,7.0667,3.1000000000000227
0.9726977237652932,7.0833,3.1000000000000227
17.82633800000002,7.1,13.699999999999989
17.856379057098763,7.1167,13.699999999999989
17.861761580246934,7.1333,13.699999999999989
17.841603624999948,7.15,13.699999999999989
17.79520061728408,7.1667,13.699999999999989
0.12202535339503129,7.1833,3.8999999999999773
0.021728000000166503,7.2,3.8999999999999773
0.10586390586416883,7.2167,3.8999999999999773
0.2607454567901186,7.2333,3.8999999999999773
0.44273437499998636,7.25,3.8999999999999773
7.55147101234553,7.2667,10.800000000000011
7.786418350308679,7.2833,10.800000000000011
8.04686200000009,7.3,10.800000000000011
8.331910202160486,7.3167,10.800000000000011
8.640493827160412,7.3333,10.800000000000011
5.871366374999923,7.35,7.699999999999989
6.2231039753087884,7.3667,7.699999999999989
6.594105387345451,7.3833,7.699999999999989
6.982591999999954,7.4,7.699999999999989
7.386607831790229,7.4167,7.699999999999989
1.7959804691357704,7.4333,1.8999999999999773
1.3674836250001476,7.45,1.8999999999999773
0.9303897283950278,7.4667,1.8999999999999773
0.48736424228377473,7.4833,1.8999999999999773
0.041249999999990905,7.5,1.8999999999999773
4.395067205246846,7.5167,6.699999999999989
3.952013432098795,7.5333,6.699999999999989
3.5154636249999953,7.55,6.699999999999989
3.088970098765344,7.5667,6.699999999999989
2.6762625385803176,7.5833,6.699999999999989
7.9812480000000505,7.6,12.399999999999977
7.608010908950632,7.6167,12.399999999999977
7.260813061728413,7.6333,12.399999999999977
6.944093624999937,7.65,12.399999999999977
6.662469135802496,7.6667,12.399999999999977
6.2792664984568205,7.6833,0.30000000000001137
6.4761420000000385,7.7,0.30000000000001137
6.6230087206790245,7.7167,0.30000000000001137
6.714540641975361,7.7333,0.30000000000001137
6.7452343749999955,7.75,0.30000000000001137
3.0905908395061488,7.7667,9.5
3.198793131172863,7.7833,9.5
3.385407999999984,7.8,9.5
3.6566483163579733,7.8167,9.5
4.0189043209876445,7.8333,9.5
12.72125637500011,7.85,7.699999999999989
12.157088790123396,7.8667,7.699999999999989
11.481670572530845,7.8833,7.699999999999989
10.687902000000008,7.9,7.699999999999989
9.768505979938197,7.9167,7.699999999999989
11.216028049382714,7.9333,10.199999999999989
10.022836374999997,7.95,10.199999999999989
8.681121753086416,7.9667,10.199999999999989
7.182897609567931,7.9833,10.199999999999989
5.519999999999982,8,10.199999999999989
6.753747074845478,8.0167,17.5
8.284185790123445,8.0333,17.5
9.678983062499924,8.05,17.5
10.945633382716096,8.0667,17.5
12.091458815586236,8.0833,17.5
7.123608999999988,8.1,11.5
8.04906114891969,8.1167,11.5
8.874620049382713,8.1333,11.5
9.606918062499858,8.15,11.5
10.252415123456899,8.1667,11.5
1.6826012584878072,8.1833,1
1.1920159999998532,8.2,1
0.7698864436728172,8.2167,1
0.4104423580247385,8.2333,1
0.10808593750005002,8.25,1
4.557391802468942,8.2667,5.699999999999932
4.3531069992283165,8.2833,5.699999999999932
4.190151000000014,8.3,5.699999999999932
4.063615702932111,8.3167,5.699999999999932
3.968765432098735,8.3333,5.699999999999932
13.698963062500013,8.35,11.900000000000034
13.743960604938081,8.3667,11.900000000000034
13.7704455933644,8.3833,11.900000000000034
13.782464000000061,8.4,11.900000000000034
13.783889371141811,8.4167,11.900000000000034
6.421577172839534,8.4333,8.299999999999955
6.430406937499924,8.45,8.299999999999955
6.43924365432099,8.4667,8.299999999999955
6.444903480709968,8.4833,8.299999999999955
6.444375000000036,8.5,8.299999999999955
0.13481922145069802,8.5167,2
0.11356958024691721,8.5333,2
0.07813193750007486,8.55,2
0.026184580246990663,8.5667,2
0.044421778549349256,8.5833,2
10.335664000000065,8.6,8.200000000000045
10.449346519290202,8.6167,8.200000000000045
10.587101345679002,8.6333,8.200000000000045
10.750388062500065,8.65,8.200000000000045
10.94049382716048,8.6667,8.200000000000045
0.6414666288580975,8.6833,3.6000000000000227
0.39455100000009224,8.7,3.6000000000000227
0.1179894066358429,8.7167,3.6000000000000227
0.18881560493821326,8.7333,3.6000000000000227
0.5262890624999272,8.75,3.6000000000000227
4.605316432098789,8.7667,9.100000000000023
4.20592070293219,8.7833,9.100000000000023
3.7756160000000136,8.8,9.100000000000023
3.3146669992283933,8.8167,9.100000000000023
2.8235108024691726,8.8333,9.100000000000023
7.297243062499888,8.85,0.5
7.846812641975362,8.8667,0.5
8.424243556327156,8.8833,0.5
9.02840900000001,8.9,0.5
9.658009741512274,8.9167,0.5
10.488425876543147,8.9333,20.299999999999955
9.812541937499986,8.95,20.299999999999955
9.116154950617215,8.9667,20.299999999999955
8.401253851080241,8.9833,20.299999999999955
7.669999999999959,9,20.299999999999955
1.6550492577162004,9.0167,8.199999999999932
0.9844784938271687,9.0333,8.199999999999932
0.35574987500012867,9.05,8.199999999999932
0.23362113580253663,9.0667,8.199999999999932
0.7860657793208929,9.0833,8.199999999999932
2.996037999999885,9.1,3.8999999999999773
2.5103655540124237,9.1167,3.8999999999999773
2.05464553086415,9.1333,3.8999999999999773
1.6266598750000867,9.15,3.8999999999999773
1.2242438271604215,9.1667,3.8999999999999773
11.554714075617312,9.1833,16.299999999999955
11.91227200000003,9.2,16.299999999999955
12.250434816358052,9.2167,16.299999999999955
12.571154098765305,9.2333,16.299999999999955
12.876328124999986,9.25,16.299999999999955
7.4678018765432626,9.2667,10.599999999999909
7.747367038580137,9.2833,10.599999999999909
8.016761999999858,9.3,10.599999999999909
8.277671853394963,9.3167,10.599999999999909
8.531728395061805,9.3333,10.599999999999909
1.119489875000113,9.35,0.6999999999999318
0.8744577530865172,9.3667,0.6999999999999318
0.6317033317899359,9.3833,0.6999999999999318
0.38980800000001636,9.4,0.6999999999999318
0.1474064429014561,9.4167,0.6999999999999318
3.6031866419752987,9.4333,3
3.355889874999775,9.45,3
3.1043107160493264,9.4667,3
2.847297035493966,9.4833,3
2.583750000000009,9.5,3
2.787375927469043,9.5167,2.099999999999909
3.067072987654228,9.5333,2.099999999999909
3.3562801249998984,9.55,2.099999999999909
3.655882987654195,9.5667,2.099999999999909
3.9667139274690726,9.5833,2.099999999999909
7.210448000000042,9.6,9.400000000000091
6.874877035493796,9.6167,9.400000000000091
6.5259007160494775,9.6333,9.400000000000091
6.162899874999994,9.65,9.400000000000091
5.785308641975348,9.6667,9.400000000000091
11.107385557098723,9.6833,7.099999999999909
11.515641999999957,9.7,7.099999999999909
11.939866668209788,9.7167,7.099999999999909
12.380412246913465,9.7333,7.099999999999909
12.837578124999936,9.75,7.099999999999909
8.788389604938288,9.7667,15
8.297298146604817,9.7833,15
7.789007999999967,9.8,15
7.263432961419767,9.8167,15
6.720540123456772,9.8333,15
1.6603498750000654,9.85,10.5
1.0829359012345776,9.8667,10.5
0.4884251836419935,9.8833,10.5
0.12300200000004224,9.9,10.5
0.7511120756173568,9.9167,10.5
0.795618172839454,9.9333,11.100000000000023
1.4561801250000599,9.95,11.100000000000023
2.132404469135736,9.9667,11.100000000000023
2.823844445987561,9.9833,11.100000000000023
3.5299999999999727,10,11.100000000000023
1.5236336234570445,10.0167,1.8000000000000682
1.0039231604939687,10.0333,1.8000000000000682
0.60022349999997,10.05,1.8000000000000682
0.30225204938278694,10.0667,1.8000000000000682
0.10008873456797573,10.0833,1.8000000000000682
6.484176000000048,10.1,8.300000000000068
6.445318808642014,10.1167,8.300000000000068
6.4746846419753865,10.1333,8.300000000000068
6.563803500000176,10.15,8.300000000000068
6.7045679012345545,10.1667,8.300000000000068
2.610767117284013,10.1833,1.1999999999999318
2.3895840000000135,10.2,1.1999999999999318
2.1389026728395493,10.2167,1.1999999999999318
1.865380543209767,10.2333,1.1999999999999318
1.5753124999999955,10.25,1.1999999999999318
17.57463091358045,10.2667,17.5
17.268905635802412,10.2833,17.5
16.963344000000006,10.3,17.5
16.662790820987766,10.3167,17.5
16.371728395061837,10.3333,17.5
3.905723499999908,10.35,2.5
4.165807604938323,10.3667,2.5
4.405129179012192,10.3833,2.5
4.62065599999994,10.4,2.5
4.809718364197693,10.4167,2.5
5.470009086419736,10.4333,3
5.599583499999767,10.45,3
5.696859456790094,10.4667,3
5.760617327160617,10.4833,3
5.789999999999964,10.5,3
0.38451288271608064,10.5167,2.3999999999999773
0.34402390123455007,10.5333,2.3999999999999773
0.2687634999999773,10.55,2.3999999999999773
0.15932464197533136,10.5667,2.3999999999999773
0.016662808641967786,10.5833,2.3999999999999773
0.457903999999985,10.6,2.699999999999932
0.6626952654320348,10.6167,2.699999999999932
0.8956679506172804,10.6333,2.699999999999932
1.1544164999999111,10.65,2.699999999999932
1.4361728395061846,10.6667,2.699999999999932
0.3621936234568466,10.6833,0.599999999999909
0.044176000000106797,10.7,0.599999999999909
0.28637008024679744,10.7167,0.599999999999909
0.6252264691357823,10.7333,0.599999999999909
0.9678124999999227,10.75,0.599999999999909
0.9908150123457062,10.7667,1.7000000000000455
0.6559617716048933,10.7833,1.7000000000000455
0.33329600000001847,10.8,1.7000000000000455
0.028848438271552368,10.8167,1.7000000000000455
0.2509876543210794,10.8333,1.7000000000000455
1.8005435000000034,10.85,4
1.590560197530749,10.8667,4
1.426543253086379,10.8833,4
1.3163359999999784,10.9,4
1.2681442901234732,10.9167,4
0.00946350617277858,10.9333,2.7000000000000455
0.09244349999994483,10.95,2.7000000000000455
0.2831587160494564,10.9667,2.7000000000000455
0.5723380679013417,10.9833,2.7000000000000455
0.9700000000000273,11,2.7000000000000455
1.3281541612651608,11.0167,0.10000000000002274
1.0282739876544156,11.0333,0.10000000000002274
0.8210870624999416,11.05,0.10000000000002274
0.6976430617285132,11.0667,0.10000000000002274
0.6493137538578821,11.0833,0.10000000000002274
9.367793000000006,11.1,8.799999999999955
9.44509675385791,11.1167,8.799999999999955
9.573563061728464,11.1333,8.799999999999955
9.745852062499807,11.15,8.799999999999955
9.954945987654469,11.1667,8.799999999999955
1.9058508387346365,11.1833,3.300000000000068
1.6429119999999102,11.2,3.300000000000068
1.3622889868827315,11.2167,3.300000000000068
1.069711197530978,11.2333,3.300000000000068
0.7705859375000728,11.25,3.300000000000068
0.9699984197528693,11.2667,3.800000000000068
0.672711764660562,11.2833,3.800000000000068
0.383167000000185,11.3,3.800000000000068
0.10548306095688531,11.3167,3.800000000000068
0.15654320987664505,11.3333,3.800000000000068
0.9005629375000126,11.35,5.100000000000023
0.679954160493935,11.3667,5.100000000000023
0.4844610239196072,11.3833,5.100000000000023
0.3165919999999005,11.4,5.100000000000023
0.17853346836432138,11.4167,5.100000000000023
9.127850283950579,11.4333,4.100000000000023
9.201017062500227,11.45,4.100000000000023
9.239746765432074,11.4667,4.100000000000023
9.243141383487455,11.4833,4.100000000000023
9.21062500000005,11.5,4.100000000000023
7.841943790895016,11.5167,2.7999999999999545
7.737166024691419,11.5333,2.7999999999999545
7.596682062500008,11.55,2.7999999999999545
7.4212043580246245,11.5667,2.7999999999999545
7.2117674575616775,11.5833,2.7999999999999545
0.030271999999854415,11.6,4.2000000000000455
0.3032352831789922,11.6167,4.2000000000000455
0.6051215679012785,11.6333,4.2000000000000455
0.9336079375000281,11.65,4.2000000000000455
1.2860493827159871,11.6667,4.2000000000000455
11.359478801697492,11.6833,13.899999999999977
11.750607000000059,11.7,13.899999999999977
12.15582269058632,11.7167,13.899999999999977
12.571192493827084,11.7333,13.899999999999977
12.992460937500027,11.75,13.899999999999977
9.884949543209814,11.7667,9.399999999999977
9.46593860570988,11.7833,9.399999999999977
9.055728000000045,11.8,9.399999999999977
8.659861568672795,11.8167,9.399999999999977
8.284205246913643,11.8333,9.399999999999977
1.1349470625000322,11.85,2.6000000000000227
0.8185971358025199,11.8667,2.6000000000000227
0.5419876797839152,11.8833,2.6000000000000227
0.3122730000000047,11.9,2.6000000000000227
0.1369294945988031,11.9167,2.6000000000000227
0.47624434567899243,11.9333,2.1000000000000227
0.5191279374998885,11.95,2.1000000000000227
0.48327860493827757,11.9667,2.1000000000000227
0.3599315794753011,11.9833,2.1000000000000227
0.13999999999998636,12,2.1000000000000227
10.963343130401313,12.0167,5.7999999999999545
10.678971567901272,12.0333,5.7999999999999545
10.389193562500054,12.05,5.7999999999999545
10.096196938271532,12.0667,5.7999999999999545
9.802049093364303,12.0833,5.7999999999999545
1.308697000000052,12.1,2.3999999999999773
1.017967204475326,12.1167,2.3999999999999773
0.7315658271604661,12.1333,2.3999999999999773
0.451078562500129,12.15,2.3999999999999773
0.17797067901233277,12.1667,2.3999999999999773
2.486412980709929,12.1833,4.800000000000068
2.740848000000142,12.2,4.800000000000068
2.9842303881173393,12.2167,4.800000000000068
3.215576580246875,12.2333,4.800000000000068
3.434023437500059,12.25,4.800000000000068
13.638828246913818,12.2667,14.800000000000068
13.829368721450692,12.2833,14.800000000000068
14.005142999999862,12.3,14.800000000000068
14.165769647376578,12.3167,14.800000000000068
14.310987654321139,12.3333,14.800000000000068
12.359343562500044,12.35,12
12.24524416049394,12.3667,12
12.14661387114188,12.3833,12
12.06323199999997,12.4,12
11.994757426697674,12.4167,12
7.959271395061705,12.4333,7.899999999999977
7.999436437500094,12.45,7.899999999999977
8.026440098765306,12.4667,7.899999999999977
8.04110520293193,12.4833,7.899999999999977
8.044374999999945,12.5,7.899999999999977
0.16268683410487483,12.5167,0.2999999999999545
0.17889619753077568,12.5333,0.2999999999999545
0.2029485624999552,12.55,0.2999999999999545
0.23341897530872302,12.5667,0.2999999999999545
0.26876205632709116,12.5833,0.2999999999999545
10.307312000000024,12.6,10.299999999999955
10.347282574845622,12.6167,10.299999999999955
10.38676712345682,12.6333,10.299999999999955
10.42373856249992,12.65,10.299999999999955
10.45604938271606,12.6667,10.299999999999955
0.01856835108026189,12.6833,0.20000000000004547
0.0025030000000469954,12.7,0.20000000000004547
0.0017366489197456758,12.7167,0.20000000000004547
0.008478617283913081,12.7333,0.20000000000004547
0.035898437500009095,12.75,0.20000000000004547
12.783392876543076,12.7667,12.899999999999977
12.853952425154262,12.7833,12.899999999999977
12.950688000000014,12.8,12.899999999999977
13.076830943672803,12.8167,12.899999999999977
13.235733024691285,12.8333,12.899999999999977
16.969133562500133,12.85,17.5
16.734176197530928,12.8667,17.5
16.455681834105008,12.8833,17.5
16.129817000000116,12.9,17.5
15.75262779706793,12.9167,17.5
4.479960098765446,12.9333,2.300000000000068
4.972141437500113,12.95,2.300000000000068
5.528231395061766,12.9667,2.300000000000068
6.152665573302443,12.9833,2.300000000000068
6.850000000000023,13,2.300000000000068
2.4830722592594157,13.0167,2.3999999999999773
1.9463161481481848,13.0333,2.3999999999999773
1.5280830000000378,13.05,2.3999999999999773
1.2171383703703214,13.0667,2.3999999999999773
1.0026620370369983,13.0833,2.3999999999999773
0.4257519999999886,13.1,1.1000000000000227
0.4780955185185576,13.1167,1.1000000000000227
0.4639460740741015,13.1333,1.1000000000000227
0.39246699999989687,13.15,1.1000000000000227
0.27240740740751335,13.1667,1.1000000000000227
0.3878978148148917,13.1833,1.6000000000000227
0.5805279999999584,13.2,1.6000000000000227
0.7979767037036254,13.2167,1.6000000000000227
1.0331517037037656,13.2333,1.6000000000000227
1.2793749999998454,13.25,1.6000000000000227
11.96961718518537,13.2667,11.899999999999977
11.71967440740741,13.2833,11.899999999999977
11.476231999999982,13.3,11.899999999999977
11.244311074074062,13.3167,11.899999999999977
11.028518518518581,13.3333,11.899999999999977
2.0669529999998986,13.35,1
2.238325037037157,13.3667,1
2.382233370370159,13.3833,1
2.495727999999872,13.4,1
2.576273148148289,13.4167,1
0.02174725925920029,13.4333,1.6000000000000227
0.030442999999763742,13.45,1.6000000000000227
0.0010672592592300134,13.4667,1.6000000000000227
0.06725885185176139,13.4833,1.6000000000000227
0.17499999999995453,13.5,1.6000000000000227
5.9222066296295,13.5167,7.199999999999932
6.108514962963,13.5333,7.199999999999932
6.333147000000054,13.55,7.199999999999932
6.594910518518532,13.5667,7.199999999999932
6.892199074074028,13.5833,7.199999999999932
5.877007999999819,13.6,5.899999999999977
5.515145592592489,13.6167,5.899999999999977
5.125062814814669,13.6333,5.899999999999977
4.710022999999865,13.65,5.899999999999977
4.273703703703632,13.6667,5.899999999999977
6.7201967037037775,13.6833,8.800000000000068
6.254008000000113,13.7,8.800000000000068
5.780057814814882,13.7167,8.800000000000068
5.303680592592627,13.7333,8.800000000000068
4.830625000000055,13.75,8.800000000000068
17.632946074074084,13.7667,13.199999999999932
18.08045551851842,13.7833,13.199999999999932
18.50491199999999,13.8,13.199999999999932
18.89890996296299,13.8167,13.199999999999932
19.254629629629562,13.8333,13.199999999999932
0.5361629999999877,13.85,6.899999999999977
0.282116148148134,13.8667,6.899999999999977
0.09229225925923856,13.8833,6.899999999999977
0.023832000000084008,13.9,6.899999999999977
0.056365740740830006,13.9167,6.899999999999977
0.7950038518517886,13.9333,6.100000000000023
0.6290270000000646,13.95,6.100000000000023
0.34730162962955546,13.9667,6.100000000000023
0.061720037037162,13.9833,6.100000000000023
0.6100000000000136,14,6.100000000000023
0.9405242337961681,14.0167,9.5
0.5281936666666525,14.0333,9.5
0.24145293749984376,14.05,9.5
0.06914607407418316,14.0667,9.5
0.0005164930555565661,14.0833,9.5
4.974792999999977,14.1,4.5
4.866740210648004,14.1167,4.5
4.684883555555416,14.1333,4.5
4.438382062500068,14.15,4.5
4.135995370370324,14.1667,4.5
0.7139162708333515,14.1833,9
1.103392000000099,14.2,9
1.5248703449074128,14.2167,9
1.971189222222165,14.2333,9
2.4355859375000364,14.25,9
18.288302814814642,14.2667,12.200000000000045
17.806440951388936,14.2833,12.200000000000045
17.324392999999986,14.3,12.200000000000045
16.847324099537104,14.3167,12.200000000000045
16.37999999999988,14.3333,12.200000000000045
1.5267870625000342,14.35,2.199999999999932
1.0916522592593765,14.3667,2.199999999999932
0.678163173610983,14.3833,2.199999999999932
0.28948800000000574,14.4,2.199999999999932
0.07160445601834908,14.4167,2.199999999999932
2.002744777777707,14.4333,3.7999999999999545
2.301962937500093,14.45,3.7999999999999545
2.5676882962962964,14.4667,3.7999999999999545
2.79874960416646,14.4833,3.7999999999999545
2.994374999999991,14.5,3.7999999999999545
10.345807988425918,14.5167,9.700000000000045
10.221772444444355,14.5333,9.700000000000045
10.13309206249994,14.55,9.700000000000045
10.078941148148147,14.5667,9.700000000000045
10.058094618055634,14.5833,9.700000000000045
7.931071999999972,14.6,8.299999999999955
7.890582567129627,14.6167,8.299999999999955
7.822860333333324,14.6333,8.299999999999955
7.730727937499978,14.65,8.299999999999955
7.617407407407427,14.6667,8.299999999999955
18.61347984027782,14.6833,17.800000000000068
18.75791300000003,14.7,17.800000000000068
18.911471877314852,14.7167,17.800000000000068
19.069336888888984,14.7333,17.800000000000068
19.226289062500086,14.75,17.800000000000068
0.42328996296305377,14.7667,2
0.28541793750002853,14.7833,2
0.16651200000001154,14.8,2
0.07338867824080353,14.8167,2
0.01326388888890051,14.8333,2
0.6062470625000742,14.85,1.3999999999999773
0.5771294814815064,14.8667,1.3999999999999773
0.49096928472226864,14.8833,1.3999999999999773
0.33895299999994677,14.9,1.3999999999999773
0.1118677662036589,14.9167,1.3999999999999773
1.9001013333333958,14.9333,0.7000000000000455
1.4936420625000437,14.95,0.7000000000000455
0.9820789259259755,14.9667,0.7000000000000455
0.35460150694450476,14.9833,0.7000000000000455
0.39999999999997726,15,0.7000000000000455
1.6674440640433659,15.0167,20.799999999999955
0.8157805802469511,15.0333,20.799999999999955
0.05207081249989187,15.05,20.799999999999955
0.9333062716050335,15.0667,20.799999999999955
1.8252377507714073,15.0833,20.799999999999955
5.574706999999876,15.1,12.5
4.668984434413574,15.1167,12.5
3.759935209876403,15.1333,12.5
2.849784187500063,15.15,12.5
1.9406404320985757,15.1667,12.5
3.0344972121913543,15.1833,10.5
2.1332319999997935,15.2,10.5
1.2386064714505665,15.2167,10.5
0.3522665061728958,15.2333,10.5
0.5242578125000819,15.25,10.5
5.210447802468934,15.2667,3.8999999999999773
4.357681841820977,15.2833,3.8999999999999773
3.5186270000000377,15.3,3.8999999999999773
2.694350175154341,15.3167,3.8999999999999773
1.8858024691356832,15.3333,3.8999999999999773
4.106180812499929,15.35,9.099999999999909
4.880880160493689,15.3667,9.099999999999909
5.6376918618828995,15.3833,9.099999999999909
6.376127999999994,15.4,9.099999999999909
7.095816454475084,15.4167,9.099999999999909
4.1034990987654965,15.4333,2.800000000000068
3.4219591874998514,15.45,2.800000000000068
2.7595885432099294,15.4667,2.800000000000068
2.1162961010804793,15.4833,2.800000000000068
1.49187500000005,15.5,2.800000000000068
0.1860025825617413,15.5167,2.1000000000000227
0.4017596049383201,15.5333,2.1000000000000227
0.9719658125000024,15.55,2.1000000000000227
1.5252860864198965,15.5667,2.1000000000000227
2.062506269290111,15.5833,2.1000000000000227
10.384528000000046,15.6,5.699999999999932
10.89236871373464,15.6167,5.699999999999932
11.387161641975354,15.6333,5.699999999999932
11.870155812500002,15.65,5.699999999999932
12.342716049382716,15.6667,5.699999999999932
6.693677027006174,15.6833,13.800000000000068
6.237427000000025,15.7,13.800000000000068
5.786821656635766,15.7167,13.800000000000068
5.340032987654354,15.7333,13.800000000000068
4.895117187499977,15.75,13.800000000000068
8.250014654320921,15.7667,17.600000000000023
7.802549989969066,15.7833,17.600000000000023
7.350431999999955,15.8,17.600000000000023
6.891253693672752,15.8167,17.600000000000023
6.4224922839505325,15.8333,17.600000000000023
2.041509187499969,15.85,13.700000000000045
1.5455500246913516,15.8667,13.700000000000045
1.0317446195987259,15.8833,13.700000000000045
0.49710700000002817,15.9,13.700000000000045
0.06146460262357323,15.9167,13.700000000000045
1.6471877530864276,15.9333,12.700000000000045
2.2633958125001072,15.95,12.700000000000045
2.913537938271702,15.9667,12.700000000000045
3.601179084104956,15.9833,12.700000000000045
4.330000000000041,16,12.700000000000045
4.633721791666517,16.0167,27.5
5.251913111111094,16.0333,27.5
5.7948251249999885,16.05,27.5
6.27232533333347,16.0667,27.5
6.6938975694444025,16.0833,27.5
5.2313579999998865,16.1,15.199999999999932
4.894724874999952,16.1167,15.199999999999932
4.587870222222136,16.1333,15.199999999999932
4.302844875000119,16.15,15.199999999999932
4.032083333333276,16.1667,15.199999999999932
3.468403763888773,16.1833,15.5
3.2050079999997934,16.2,15.5
2.935481541666718,16.2167,15.5
2.653793555555694,16.2333,15.5
2.3542968750000455,16.25,15.5
1.3317279999998846,16.2667,16.199999999999932
0.9812070972221818,16.2833,16.199999999999932
0.5982380000001513,16.3,16.199999999999932
0.1787082083333189,16.3167,16.199999999999932
0.2811111111111586,16.3333,16.199999999999932
8.884565124999995,16.35,24.299999999999955
9.434615333333227,16.3667,24.299999999999955
10.033839569444694,16.3833,24.299999999999955
10.684432000000129,16.4,24.299999999999955
11.388203124999905,16.4167,24.299999999999955
11.253420222222303,16.4333,0.8999999999999773
10.439394874999834,16.45,0.8999999999999773
9.569061333333252,16.4667,0.8999999999999773
8.642143763889067,16.4833,0.8999999999999773
7.658749999999941,16.5,0.8999999999999773
3.319371541666669,16.5167,4.199999999999932
2.2248835555554933,16.5333,4.199999999999932
1.0765448749999678,16.55,4.199999999999932
0.1240020000000186,16.5667,4.199999999999932
1.374730902777742,16.5833,4.199999999999932
5.526767999999834,16.6,4
4.183288208333238,16.6167,4
2.7980068888888354,16.6333,4
1.3744848749998937,16.65,4
0.08333333333337123,16.6667,4
2.028880430555546,16.6833,7.600000000000023
0.5158380000000307,16.7,7.600000000000023
1.017365125000083,16.7167,7.600000000000023
2.565249777777808,16.7333,7.600000000000023
4.1219531250000045,16.75,7.600000000000023
17.018771333333348,16.7667,30.300000000000068
15.463553763888967,16.7833,30.300000000000068
13.919407999999976,16.8,30.300000000000068
12.393731541666739,16.8167,30.300000000000068
10.894305555555547,16.8333,30.300000000000068
11.329294875000073,16.85,32.200000000000045
9.907247999999981,16.8667,32.200000000000045
8.537097097222272,16.8833,32.200000000000045
7.228158000000008,16.9,32.200000000000045
5.990130208333312,16.9167,32.200000000000045
1.9330968888889402,16.9333,29.300000000000068
0.8675248750000719,16.95,29.300000000000068
0.09573533333332307,16.9667,29.300000000000068
0.9454495694443494,16.9833,29.300000000000068
1.669999999999959,17,29.300000000000068
0.8043448433639924,17.0167,30.700000000000045
1.6817115679012886,17.0333,30.700000000000045
2.6879423124998993,17.05,30.700000000000045
3.809337679012401,17.0667,30.700000000000045
5.032656732253031,17.0833,30.700000000000045
10.054883000000018,17.1,14.299999999999955
8.665605527006278,17.1167,14.299999999999955
7.211376395061734,17.1333,14.299999999999955
5.703602687500165,17.15,14.299999999999955
4.15323302469119,17.1667,14.299999999999955
9.170757564043129,17.1833,7.7000000000000455
7.566207999999847,17.2,7.7000000000000455
5.949157564043048,17.2167,7.7000000000000455
4.328721024691504,17.2333,7.7000000000000455
2.7135546874999363,17.25,7.7000000000000455
4.288143604938568,17.2667,13.100000000000023
5.868634472993676,17.2833,13.100000000000023
7.420636999999942,17.3,13.100000000000023
8.93732873225315,17.3167,13.100000000000023
10.412345679012446,17.3333,13.100000000000023
8.16021768749988,17.35,6.899999999999977
6.785808432098861,17.3667,6.899999999999977
5.469415156635478,17.3833,6.899999999999977
4.215567999999848,17.4,6.899999999999977
3.0283386381173614,17.4167,6.899999999999977
0.41134028395072164,17.4333,5.399999999999977
0.632272312500163,17.45,5.399999999999977
1.5998028641974997,17.4667,5.399999999999977
2.4890135470677706,17.4833,5.399999999999977
3.2981250000000273,17.5,5.399999999999977
1.9741836751544497,17.5167,11.399999999999977
1.3287749135802187,17.5333,11.399999999999977
0.7660526874999505,17.55,11.399999999999977
0.2859625061728366,17.5667,11.399999999999977
0.11200858410495584,17.5833,11.399999999999977
3.3711680000000115,17.6,15.200000000000045
3.1340623788580615,17.6167,15.200000000000045
2.97478620987647,17.6333,15.200000000000045
2.8909926874999883,17.65,15.200000000000045
2.8798765432100026,17.6667,15.200000000000045
13.461825954475444,17.6833,1.2000000000000455
13.337837000000036,17.7,1.2000000000000455
13.152337250771666,17.7167,1.2000000000000455
12.909965827160477,17.7333,1.2000000000000455
12.615820312500091,17.75,1.2000000000000455
0.42454324691368583,17.7667,11.5
0.805110341820864,17.7833,11.5
1.2194079999999303,17.8,11.5
1.6605047862653919,17.8167,11.5
2.1210108024690726,17.8333,11.5
5.106922312499933,17.85,3.7999999999999545
4.631601382716099,17.8667,3.7999999999999545
4.161791695216152,17.8833,3.7999999999999545
3.706717000000026,17.9,3.7999999999999545
3.2760595100309047,17.9167,3.7999999999999545
6.620040098765344,17.9333,13.299999999999955
6.970982687499941,17.95,13.299999999999955
7.265710654320969,17.9667,13.299999999999955
7.492707934413602,17.9833,13.299999999999955
7.639999999999986,18,13.299999999999955
0.3583431018515739,18.0167,4
0.25822296296291825,18.0333,4
0.15894124999988435,18.05,4
0.05983407407404684,18.0667,4
0.039728009259420105,18.0833,4
0.7596600000001672,18.1,3.099999999999909
0.6574375462962507,18.1167,3.099999999999909
0.553078518518646,18.1333,3.099999999999909
0.44609124999988126,18.15,3.099999999999909
0.33601851851869924,18.1667,3.099999999999909
11.52243754629626,18.1833,8.200000000000045
11.404960000000301,18.2,8.200000000000045
11.283231990740774,18.2167,8.200000000000045
11.156934074074002,18.2333,8.200000000000045
11.025781250000023,18.25,8.200000000000045
14.410477037036799,18.2667,17.09999999999991
14.55205689814818,18.2833,17.09999999999991
14.699140000000057,18.3,17.09999999999991
14.85187356481481,18.3167,17.09999999999991
15.010370370370197,18.3333,17.09999999999991
6.5747087499999,18.35,8.5
6.744932592592818,18.3667,8.5
6.921051342592364,18.3833,8.5
7.1030399999999645,18.4,8.5
7.290839120370606,18.4167,8.5
0.6156451851851443,18.4333,0.39999999999997726
0.41654125000013664,18.45,0.39999999999997726
0.2120118518516847,18.4667,0.39999999999997726
0.0022542129627254326,18.4833,0.39999999999997726
0.21250000000009095,18.5,0.39999999999997726
1.5680153240740538,18.5167,1.6000000000000227
1.3441007407407142,18.5333,1.6000000000000227
1.116091249999954,18.55,1.6000000000000227
0.8843562962962324,18.5667,1.6000000000000227
0.6492997685185173,18.5833,1.6000000000000227
5.611360000000104,18.6,6.800000000000068
5.371009768518547,18.6167,6.800000000000068
5.128756296296274,18.6333,6.800000000000068
4.885141250000061,18.65,6.800000000000068
4.640740740740853,18.6667,6.800000000000068
0.8961653240741043,18.6833,3.300000000000068
0.6520600000000059,18.7,3.300000000000068
0.40910421296302957,18.7167,3.300000000000068
0.16801185185192935,18.7333,3.300000000000068
0.07046875000003183,18.75,3.300000000000068
4.705554814814718,18.7667,1.099999999999909
4.936429120370349,18.7833,1.099999999999909
5.162239999999883,18.8,1.099999999999909
5.382101342592591,18.8167,1.099999999999909
5.595092592592437,18.8333,1.099999999999909
6.0997412499999655,18.85,10.800000000000068
5.903389629629714,18.8667,10.800000000000068
5.716876435185213,18.8833,10.800000000000068
5.541259999999966,18.9,10.800000000000068
5.37763310185187,18.9167,10.800000000000068
2.372877037037142,18.9333,3.2000000000000455
2.5091087500001095,18.95,3.2000000000000455
2.6298659259259693,18.9667,3.2000000000000455
2.733918009259355,18.9833,3.2000000000000455
2.82000000000005,19,3.2000000000000455
3.574924520833065,19.0167,4.5
3.4165967777778405,19.0333,4.5
3.2102161874998956,19.05,4.5
2.960783999999876,19.0667,4.5
2.673103298610954,19.0833,4.5
9.248221000000058,19.1,16.100000000000023
9.598782145833411,19.1167,16.100000000000023
9.97437155555565,19.1333,16.100000000000023
10.370978812500084,19.15,16.100000000000023
10.784791666666592,19.1667,16.100000000000023
1.6878039652776806,19.1833,3.2000000000000455
1.2502240000001166,19.2,3.2000000000000455
0.8056861874999868,19.2167,3.2000000000000455
0.3572101111109305,19.2333,3.2000000000000455
0.09238281250009095,19.25,3.2000000000000455
13.75953066666682,19.2667,11.100000000000023
13.315375631944562,19.2833,11.100000000000023
12.877379000000019,19.3,11.100000000000023
12.447569520833213,19.3167,11.100000000000023
12.027777777778056,19.3333,11.100000000000023
1.419636187500032,19.35,0.8999999999999773
1.0245789999997896,19.3667,0.8999999999999773
0.6438422986111618,19.3833,0.8999999999999773
0.2784639999999854,19.4,0.8999999999999773
0.07071614583355768,19.4167,0.8999999999999773
2.9969434444442413,19.4333,4.2999999999999545
2.6818861875000266,19.45,4.2999999999999545
2.3843573333332415,19.4667,4.2999999999999545
2.10440396527747,19.4833,4.2999999999999545
1.8418749999998454,19.5,4.2999999999999545
3.603578812500018,19.5167,0.8999999999999773
3.8325048888888205,19.5333,0.8999999999999773
4.045648812499962,19.55,0.8999999999999773
4.243954333333363,19.5667,0.8999999999999773
4.4285633680555065,19.5833,0.8999999999999773
16.200815999999918,19.6,12.5
16.36225047916662,19.6167,12.5
16.514603222222263,19.6333,12.5
16.659808812499932,19.65,12.5
16.799999999999955,19.6667,12.5
3.6624922986111415,19.6833,8.100000000000023
3.5251389999999674,19.7,8.100000000000023
3.385212854166639,19.7167,8.100000000000023
3.239788444444457,19.7333,8.100000000000023
3.085742187499932,19.75,8.100000000000023
1.019752333333372,19.7667,6.2000000000000455
0.8382989652777724,19.7833,6.2000000000000455
0.6376640000000862,19.8,6.2000000000000455
0.4139311874999976,19.8167,6.2000000000000455
0.1629861111110813,19.8333,6.2000000000000455
12.619483812500107,19.85,6.2999999999999545
12.937989333333348,19.8667,6.2999999999999545
13.297239368055443,19.8833,6.2999999999999545
13.702140999999983,19.9,6.2999999999999545
14.15779947916667,19.9167,6.2999999999999545
4.530481777777709,19.9333,12.899999999999977
3.9572011875000044,19.95,12.899999999999977
3.3166589999999587,19.9667,12.899999999999977
2.602957298611045,19.9833,12.899999999999977
1.8099999999999454,20,12.899999999999977
1.6578779722220816,20.0167,8.100000000000023
1.0607927407406805,20.0333,8.100000000000023
0.6040457499999548,20.05,8.100000000000023
0.2734453333333704,20.0667,8.100000000000023
0.055306712962760685,20.0833,8.100000000000023
7.136452000000077,20.1,0.8999999999999773
7.104210194444477,20.1167,0.8999999999999773
7.146417185185101,20.1333,0.8999999999999773
7.251415749999865,20.15,0.8999999999999773
7.408055555555734,20.1667,0.8999999999999773
1.494306842592664,20.1833,10
1.265807999999879,20.2,10
1.0160775833334128,20.2167,10
0.7542383703704445,20.2333,10
0.48890625000001364,20.25,10
9.528190222222179,20.2667,19.300000000000068
9.279692398148313,20.2833,19.300000000000068
9.05050800000015,20.3,19.300000000000068
8.847225361111214,20.3167,19.300000000000068
8.675925925925867,20.3333,19.300000000000068
4.942184249999968,20.35,15.700000000000045
4.851068000000282,20.3667,15.700000000000045
4.807137953703659,20.3833,15.700000000000045
4.81444799999997,20.4,15.700000000000045
4.876545138889128,20.4167,15.700000000000045
14.703530518518505,20.4333,4
14.523245750000228,20.45,4
14.280574222222299,20.4667,4
13.973996490740547,20.4833,4
13.602499999999964,20.5,4
3.365579083333273,20.5167,5.800000000000068
2.863234962962906,20.5333,5.800000000000068
2.2959757499999114,20.55,5.800000000000068
1.664816444444341,20.5667,5.800000000000068
0.9712789351850688,20.5833,5.800000000000068
21.017391999999973,20.6,15
20.20569130555566,20.6167,15
19.339219407407427,20.6333,15
18.421525750000114,20.65,15
17.456666666666706,20.6667,15
0.04920537962971139,20.6833,1.3999999999999773
0.9957880000000614,20.7,1.3999999999999773
2.072736472222118,20.7167,1.3999999999999773
3.1755561481480754,20.7333,1.3999999999999773
4.2976562500000455,20.75,1.3999999999999773
12.368060888888863,20.7667,16.399999999999977
11.229199824074044,20.7833,16.399999999999977
10.093872000000033,20.8,16.399999999999977
8.970695750000004,20.8167,16.399999999999977
7.868796296296296,20.8333,16.399999999999977
0.0021942500000022847,20.85,9.600000000000023
1.0321368888888856,20.8667,9.600000000000023
2.010385731481392,20.8833,9.600000000000023
2.9257880000000114,20.9,9.600000000000023
3.7666840277777283,20.9167,9.600000000000023
1.679092740740657,20.9333,15.799999999999955
1.0242157499999394,20.95,15.799999999999955
0.4818653333331895,20.9667,15.799999999999955
0.0657287129629367,20.9833,15.799999999999955
0.21000000000003638,21,15.799999999999955
0.6001150810184299,21.0167,10.600000000000023
0.4299494444443326,21.0333,10.600000000000023
0.276801562499827,21.05,10.600000000000023
0.13805629629632676,21.0667,10.600000000000023
0.011184895833139308,21.0833,10.600000000000023
0.5937450000000126,21.1,9.899999999999977
0.4833806365741111,21.1167,9.899999999999977
0.37782222222222117,21.1333,9.899999999999977
0.2748865624998871,21.15,9.899999999999977
0.172476851852025,21.1667,9.899999999999977
2.8685826736109448,21.1833,7.100000000000023
2.761280000000056,21.2,7.100000000000023
2.6487311921297305,21.2167,7.100000000000023
2.5291849999998703,21.2333,7.100000000000023
2.4009765624998636,21.25,7.100000000000023
0.962527407407606,21.2667,8.399999999999977
0.8123454513888646,21.2833,8.399999999999977
0.6490249999999378,21.3,8.399999999999977
0.4712467476851998,21.3167,8.399999999999977
0.2777777777780557,21.3333,8.399999999999977
1.0325284374998773,21.35,9.5
1.2607320370372008,21.3667,9.5
1.507806770833099,21.3833,9.5
1.774639999999863,21.4,9.5
2.062032696759502,21.4167,9.5
1.4293005555555283,21.4333,5.7000000000000455
1.0987315625001202,21.45,5.7000000000000455
0.7457185185184017,21.4667,5.7000000000000455
0.369806006944259,21.4833,5.7000000000000455
0.02937500000007276,21.5,5.7000000000000455
1.14789285879624,21.5167,4.100000000000023
0.7014133333333348,21.5333,4.100000000000023
0.23107656250010677,21.55,4.100000000000023
0.26314092592599536,21.5667,4.100000000000023
0.7811762152776964,21.5833,4.100000000000023
5.477120000000127,21.6,2.7000000000000455
4.911983414351994,21.6167,2.7000000000000455
4.323736111111202,21.6333,2.7000000000000455
3.712786562500014,21.65,2.7000000000000455
3.0796296296297214,21.6667,2.7000000000000455
10.924846562500079,21.6833,11.200000000000045
10.249104999999986,21.7,11.200000000000045
9.553158969907486,21.7167,11.200000000000045
8.83784888888897,21.7333,11.200000000000045
8.104101562500091,21.75,11.200000000000045
2.752930185185278,21.7667,6.600000000000023
1.9854343402777204,21.7833,6.600000000000023
1.2028000000000247,21.8,6.600000000000023
0.40629952546305503,21.8167,6.600000000000023
0.40270833333318024,21.8333,6.600000000000023
1.2772215624999035,21.85,9.100000000000023
0.447620740740831,21.8667,9.100000000000023
0.3898928819444336,21.8833,9.100000000000023
1.2336149999999861,21.9,9.100000000000023
2.0817549189813462,21.9167,9.100000000000023
14.067564444444429,21.9333,26.100000000000023
13.216306562500108,21.95,26.100000000000023
12.366521296296355,21.9667,26.100000000000023
11.520344895833432,21.9833,26.100000000000023
10.680000000000064,22,26.100000000000023
2.170042397376619,22.0167,31.799999999999955
3.044414654320917,22.0333,31.799999999999955
3.941504187499959,22.05,31.799999999999955
4.859724839506043,22.0667,31.799999999999955
5.797516878858119,22.0833,31.799999999999955
20.146653000000015,22.1,4.899999999999977
19.174291676697408,22.1167,4.899999999999977
18.186879604938326,22.1333,4.899999999999977
17.185870812499957,22.15,4.899999999999977
16.172692901234655,22.1667,4.899999999999977
3.6487470470679,22.1833,16.399999999999977
2.6154080000002295,22.2,16.399999999999977
1.574024084104849,22.2167,16.399999999999977
0.5259171975308163,22.2333,16.399999999999977
0.5276171875000273,22.25,16.399999999999977
5.414689975308761,22.2667,9.399999999999977
4.354081306326975,22.2833,9.399999999999977
3.291772999999921,22.3,9.399999999999977
2.228954824845573,22.3167,9.399999999999977
1.1667901234569626,22.3333,9.399999999999977
3.293584187499846,22.35,12.799999999999955
4.351057617284141,22.3667,12.799999999999955
5.404546101080086,22.3833,12.799999999999955
6.452991999999995,22.4,12.799999999999955
7.49536410108044,22.4167,12.799999999999955
6.969342382715922,22.4333,2.7000000000000455
5.942105812500131,22.45,2.7000000000000455
4.923878123456802,22.4667,2.7000000000000455
3.915584824845496,22.4833,2.7000000000000455
2.918124999999918,22.5,2.7000000000000455
4.432371306327127,22.5167,5.2000000000000455
3.4591699753086687,22.5333,5.2000000000000455
2.4993408125000087,22.55,5.2000000000000455
1.5536771975308739,22.5667,5.2000000000000455
0.6229460841049104,22.5833,5.2000000000000455
2.50788799999998,22.6,8
1.6092170470678866,22.6167,8
0.7276209012344452,22.6333,8
0.13623918749999575,22.65,8
0.9817283950617366,22.6667,8
5.4917616766975925,22.6833,15.300000000000068
4.684812999999963,22.7,15.300000000000068
3.8979811211420383,22.7167,15.300000000000068
3.131795160493766,22.7333,15.300000000000068
2.3867578125000364,22.75,15.300000000000068
2.1633453456790903,22.7667,15.800000000000068
1.4620076026235438,22.7833,15.800000000000068
0.783168000000046,22.8,15.800000000000068
0.12722352854939345,22.8167,15.800000000000068
0.5054552469135842,22.8333,15.800000000000068
3.385475812499976,22.85,20.300000000000068
2.800334419753085,22.8667,20.300000000000068
2.2394118618826724,22.8833,20.300000000000068
1.702972999999929,22.9,20.300000000000068
1.1912562692900792,22.9167,20.300000000000068
11.595526320987688,22.9333,8
12.057189187500057,22.95,8
12.493573172839547,22.9667,8
12.904545545524797,22.9833,8
13.290000000000077,23,8
4.02469653935168,23.0167,19.699999999999932
3.3312379629628595,23.0333,19.699999999999932
2.4545496874999344,23.05,19.699999999999932
1.418554074074109,23.0667,19.699999999999932
0.24617042824070268,23.0833,19.699999999999932
7.659314999999992,23.1,11
6.278900983796234,23.1167,11
4.824838518518504,23.1333,11
3.3160346874998368,23.15,11
1.7703935185185173,23.1667,11
16.704815983796152,23.1833,5.5
15.135200000000168,23.2,5.5
13.576440428240744,23.2167,5.5
12.042429074073993,23.2333,5.5
10.546054687499918,23.25,5.5
7.099202962963091,23.2667,3.5
5.712756539351744,23.2833,3.5
4.39659499999982,23.3,3.5
3.1595948726851475,23.3167,3.5
2.0096296296296714,23.3333,3.5
5.646430312500115,23.35,3.1000000000000227
6.6027175925927395,23.3667,3.1000000000000227
7.454367905092454,23.3833,3.1000000000000227
8.19751999999994,23.4,3.1000000000000227
8.829315682870629,23.4167,3.1000000000000227
0.847899814814923,23.4333,5.399999999999977
1.252420312499794,23.45,5.399999999999977
1.5430281481482098,23.4667,5.399999999999977
1.7208773495372043,23.4833,5.399999999999977
1.7881250000000364,23.5,5.399999999999977
0.6479312384260538,23.5167,6.5
0.5044592592591925,23.5333,6.5
0.2628753125000003,23.55,6.5
0.07065129629631883,23.5667,6.5
0.4889482060184491,23.5833,6.5
6.283840000000168,23.6,11.800000000000068
6.846148206018597,23.6167,11.800000000000068
7.465691296296313,23.6333,11.800000000000068
8.131284687500056,23.65,11.800000000000068
8.830740740740794,23.6667,11.800000000000068
3.6491312384258663,23.6833,1.3999999999999773
2.922525000000064,23.7,1.3999999999999773
2.2046373495370517,23.7167,1.3999999999999773
1.5116681481481464,23.7333,1.3999999999999773
0.8608203124999818,23.75,1.3999999999999773
5.870299814814757,23.7667,7
5.359315682870374,23.7833,7
4.9480800000000045,23.8,7
4.657807905092682,23.8167,7
4.510717592592641,23.8333,7
5.569969687499906,23.85,3.1000000000000227
5.360029629629707,23.8667,3.1000000000000227
4.934234872685238,23.8833,3.1000000000000227
4.266354999999976,23.9,3.1000000000000227
3.3291565393518567,23.9167,3.1000000000000227
5.894402962962886,23.9333,6.899999999999977
4.332854687500003,23.95,6.899999999999977
2.4142690740740136,23.9667,6.899999999999977
0.10740042824068041,23.9833,6.899999999999977
2.6200000000000045,24,6.899999999999977
